"popularity","runtime","title","vote_average","Action","Comedy","Drama","Animation","Thriller","Romance","budget_mil","revenue_mil","original_language_en","year"
150.437577,162,"Avatar",7.2,1,0,0,0,0,0,237,2787.965087,1,2009
139.082615,169,"Pirates of the Caribbean: At World's End",6.9,1,0,0,0,0,0,300,961,1,2007
107.376788,148,"Spectre",6.3,1,0,0,0,0,0,245,880.674609,1,2015
112.31295,165,"The Dark Knight Rises",7.6,1,0,1,0,1,0,250,1084.939099,1,2012
43.926995,132,"John Carter",6.1,1,0,0,0,0,0,260,284.1391,1,2012
115.699814,139,"Spider-Man 3",5.9,1,0,0,0,0,0,258,890.871626,1,2007
48.681969,100,"Tangled",7.4,0,0,0,1,0,0,260,591.794936,1,2010
134.279229,141,"Avengers: Age of Ultron",7.3,1,0,0,0,0,0,280,1405.403694,1,2015
155.790452,151,"Batman v Superman: Dawn of Justice",5.7,1,0,0,0,0,0,250,873.260194,1,2016
57.925623,154,"Superman Returns",5.4,1,0,0,0,0,0,270,391.081192,1,2006
107.928811,106,"Quantum of Solace",6.1,1,0,0,0,1,0,200,586.090727,1,2008
145.847379,151,"Pirates of the Caribbean: Dead Man's Chest",7,1,0,0,0,0,0,200,1065.659812,1,2006
49.046956,149,"The Lone Ranger",5.9,1,0,0,0,0,0,255,89.28991,1,2013
99.398009,143,"Man of Steel",6.5,1,0,0,0,0,0,225,662.845518,1,2013
144.448633,143,"The Avengers",7.4,1,0,0,0,0,0,220,1519.55791,1,2012
135.413856,136,"Pirates of the Caribbean: On Stranger Tides",6.4,1,0,0,0,0,0,380,1045.713802,1,2011
52.035179,106,"Men in Black 3",6.2,1,1,0,0,0,0,225,624.026776,1,2012
120.965743,144,"The Hobbit: The Battle of the Five Armies",7.1,1,0,0,0,0,0,250,956.019788,1,2014
89.866276,136,"The Amazing Spider-Man",6.5,1,0,0,0,0,0,215,752.215857,1,2012
37.668301,140,"Robin Hood",6.2,1,0,0,0,0,0,200,310.66954,1,2010
61.22601,187,"King Kong",6.6,1,0,1,0,0,0,207,550,1,2005
100.025899,194,"Titanic",7.5,0,0,1,0,1,1,200,1845.034188,1,1997
198.372395,147,"Captain America: Civil War",7.1,1,0,0,0,0,0,250,1153.304495,1,2016
64.928382,131,"Battleship",5.5,1,0,0,0,1,0,209,303.025485,1,2012
418.708552,124,"Jurassic World",6.5,1,0,0,0,1,0,150,1513.52881,1,2015
93.004993,143,"Skyfall",6.9,1,0,0,0,1,0,200,1108.561013,1,2012
35.149586,127,"Spider-Man 2",6.7,1,0,0,0,0,0,200,783.766341,1,2004
77.68208,130,"Iron Man 3",6.8,1,0,0,0,0,0,200,1215.439994,1,2013
3.857526,104,"X-Men: The Last Stand",6.3,1,0,0,0,1,0,210,459.359555,1,2006
89.186492,104,"Monsters University",7,0,0,0,1,0,0,200,743.559607,1,2013
21.939663,150,"Transformers: Revenge of the Fallen",6,1,0,0,0,0,0,150,836.297228,1,2009
116.840296,165,"Transformers: Age of Extinction",5.8,1,0,0,0,0,0,210,1091.405097,1,2014
89.270217,142,"The Amazing Spider-Man 2",6.5,1,0,0,0,0,0,200,705.717432,1,2014
73.79505,125,"TRON: Legacy",6.3,1,0,0,0,0,0,170,400.062763,1,2010
49.98659,106,"Cars 2",5.8,0,1,0,1,0,0,200,559.852396,1,2011
51.872839,114,"Green Lantern",5.1,1,0,0,0,1,0,200,219.851172,1,2011
59.995418,103,"Toy Story 3",7.6,0,1,0,1,0,0,200,1066.969703,1,2010
71.862892,115,"Terminator Salvation",5.9,1,0,0,0,1,0,200,371.353001,1,2009
102.322217,137,"Furious 7",7.3,1,0,0,0,0,0,190,1506.24936,1,2015
81.834855,116,"World War Z",6.7,1,0,1,0,1,0,200,531.865,1,2013
118.078691,131,"X-Men: Days of Future Past",7.5,1,0,0,0,0,0,250,747.862775,1,2014
78.291018,132,"Star Trek Into Darkness",7.4,1,0,0,0,0,0,190,467.365246,1,2013
43.349855,114,"Jack the Giant Slayer",5.5,1,0,0,0,0,0,195,197.687603,1,2013
61.196071,143,"The Great Gatsby",7.3,0,0,1,0,0,1,105,351.040419,1,2013
62.169881,116,"Prince of Persia: The Sands of Time",6.2,1,0,0,0,0,1,150,335.154643,1,2010
56.523205,131,"Pacific Rim",6.7,1,0,0,0,0,0,180,407.602906,1,2013
28.529607,154,"Transformers: Dark of the Moon",6.1,1,0,0,0,0,0,195,1123.746996,1,2011
75.674458,122,"Indiana Jones and the Kingdom of the Crystal Skull",5.7,1,0,0,0,0,0,185,786.636033,1,2008
51.692953,93,"The Good Dinosaur",6.6,0,0,0,1,0,0,175,331.926147,1,2015
125.114374,93,"Brave",6.7,1,1,0,1,0,0,185,538.983207,1,2012
65.352913,122,"Star Trek Beyond",6.6,1,0,0,0,0,0,185,343.471816,1,2016
66.390712,98,"WALL·E",7.8,0,0,0,1,0,0,180,521.31186,1,2008
22.57178,91,"Rush Hour 3",6.1,1,1,0,0,1,0,140,258.022233,1,2007
45.274225,158,"2012",5.6,1,0,0,0,0,0,200,769.653595,1,2009
39.744242,96,"A Christmas Carol",6.6,0,0,1,1,0,0,200,325.233863,1,2009
85.36908,124,"Jupiter Ascending",5.2,1,0,0,0,0,0,176.000003,183.987723,1,2015
42.741719,109,"The Legend of Tarzan",5.5,1,0,0,0,0,0,180,356.743061,1,2016
187.322927,152,"The Dark Knight",8.2,1,0,1,0,1,0,185,1004.558444,1,2008
92.201962,96,"Up",7.7,0,1,0,1,0,0,175,735.099082,1,2009
36.167578,94,"Monsters vs Aliens",6,0,0,0,1,0,0,175,381.50987,1,2009
120.725053,126,"Iron Man",7.4,1,0,0,0,0,0,140,585.174222,1,2008
32.319043,126,"Hugo",7,0,0,1,0,0,0,170,185.77016,1,2011
40.748915,106,"Wild Wild West",5.1,1,1,0,0,0,0,170,222.104681,1,1999
60.034162,112,"The Mummy: Tomb of the Dragon Emperor",5.2,1,0,0,0,0,0,145,401.128639,1,2008
90.23792,123,"Suicide Squad",5.9,1,0,0,0,0,0,175,745,1,2016
27.082182,96,"Evan Almighty",5.3,0,1,0,0,0,0,175,173,1,2007
79.456485,113,"Edge of Tomorrow",7.6,1,0,0,0,0,0,178,370.541256,1,2014
44.640292,135,"Waterworld",5.9,1,0,0,0,0,0,175,264.21822,1,1995
32.852443,118,"G.I. Joe: The Rise of Cobra",5.6,1,0,0,0,1,0,175,302.469017,1,2009
128.655964,94,"Inside Out",8,0,1,1,1,0,0,175,857.611174,1,2015
94.199316,106,"The Jungle Book",6.7,0,0,1,0,0,0,175,966.5506,1,2016
77.300194,124,"Iron Man 2",6.6,1,0,0,0,0,0,200,623.933331,1,2010
77.178973,127,"Snow White and the Huntsman",5.8,0,0,1,0,0,0,170,396.6,1,2012
110.620647,97,"Maleficent",7,1,0,0,0,0,1,180,758.539785,1,2014
243.791743,130,"Dawn of the Planet of the Apes",7.3,1,0,1,0,1,0,170,710.644566,1,2014
2.418535,109,"The Lovers",4.8,1,0,0,0,0,1,27,0,1,2015
41.796339,119,"47 Ronin",5.9,1,0,1,0,0,0,175,150.962475,1,2013
72.225265,136,"Captain America: The Winter Soldier",7.6,1,0,0,0,0,0,170,714.766572,1,2014
44.041186,93,"Shrek Forever After",6,0,1,0,1,0,0,165,752.600867,1,2010
203.73459,102,"Big Hero 6",7.8,1,1,0,1,0,0,165,652.105443,1,2014
62.341073,108,"Wreck-It Ralph",7.1,0,1,0,1,0,0,165,471.222889,1,2012
47.323228,100,"The Polar Express",6.4,0,0,0,1,0,0,165,305.87573,1,2004
48.775723,120,"Independence Day: Resurgence",4.9,1,0,0,0,0,0,165,389.681935,1,2016
67.263269,98,"How to Train Your Dragon",7.5,0,0,0,1,0,0,165,494.878759,1,2010
69.405188,109,"Terminator 3: Rise of the Machines",5.9,1,0,0,0,1,0,200,435,1,2003
481.098624,121,"Guardians of the Galaxy",7.9,1,0,0,0,0,0,170,773.328629,1,2014
724.247784,169,"Interstellar",8.1,0,0,1,0,0,0,165,675.120017,1,2014
167.58371,148,"Inception",8.1,1,0,0,0,1,0,160,825.532764,1,2010
9.476999,120,"Shin Godzilla",6.5,1,0,1,0,0,0,15,77,0,2016
108.849621,169,"The Hobbit: An Unexpected Journey",7,1,0,0,0,0,0,250,1021.103568,1,2012
6.909942,106,"The Fast and the Furious",6.6,1,0,0,0,1,0,38,207.283925,1,2001
60.269279,166,"The Curious Case of Benjamin Button",7.3,0,0,1,0,1,1,150,333.932083,1,2008
3.195174,132,"X-Men: First Class",7.1,1,0,0,0,0,0,160,353.624124,1,2011
127.284427,137,"The Hunger Games: Mockingjay - Part 2",6.6,1,0,0,0,0,0,160,653.428261,1,2015
35.580815,109,"The Sorcerer's Apprentice",5.8,1,1,1,0,0,0,150,215.283742,1,2010
21.133748,99,"Poseidon",5.5,1,0,1,0,1,0,160,181.674817,1,2006
42.986467,93,"Shrek the Third",6,0,1,0,1,0,0,160,798.958165,1,2007
63.148529,123,"Warcraft",6.3,1,0,0,0,0,0,160,433.677183,1,2016
202.042635,126,"Terminator Genisys",5.8,1,0,0,0,1,0,155,440.603537,1,2015
34.20669,183,"Pearl Harbor",6.6,0,0,0,0,0,1,140,449.220945,1,2001
25.468493,144,"Transformers",6.6,1,0,0,0,0,0,150,709.70978,1,2007
39.019229,175,"Alexander",5.6,1,0,1,0,0,1,155,167.298192,1,2004
56.758411,92,"Hancock",6.2,1,0,0,0,0,0,150,624.029371,1,2008
70.867401,101,"I Am Legend",6.9,1,0,1,0,1,0,150,585.34901,1,2007
53.905592,115,"Charlie and the Chocolate Factory",6.7,0,1,0,0,0,0,150,474.968763,1,2005
65.677399,111,"Ratatouille",7.5,0,1,0,1,0,0,150,623.722818,1,2007
115.040024,140,"Batman Begins",7.5,1,0,1,0,0,0,150,374.218673,1,2005
44.141021,89,"Madagascar: Escape 2 Africa",6.2,0,0,0,1,0,0,150,603.900354,1,2008
81.781591,105,"Night at the Museum: Battle of the Smithsonian",5.9,1,1,0,0,0,0,150,413.10617,1,2009
5.954334,107,"X-Men Origins: Wolverine",6.2,1,0,0,0,1,0,150,373.062864,1,2009
73.313918,129,"The Matrix Revolutions",6.4,1,0,0,0,1,0,150,424.988211,1,2003
165.125366,102,"Frozen",7.3,0,0,0,1,0,0,150,1274.219009,1,2013
70.78591,138,"The Matrix Reloaded",6.7,1,0,0,0,1,0,150,738.599701,1,2003
99.499595,112,"Thor: The Dark World",6.8,1,0,0,0,0,0,170,644.571402,1,2013
434.278564,120,"Mad Max: Fury Road",7.2,1,0,0,0,1,0,150,378.85834,1,2015
67.447636,138,"Angels & Demons",6.5,0,0,0,0,1,0,150,356.613439,1,2009
86.493424,115,"Thor",6.6,1,0,0,0,0,0,150,449.326618,1,2011
41.845878,98,"Bolt",6.3,0,1,0,1,0,0,150,309.979994,1,2008
26.710398,88,"G-Force",5.1,1,1,0,0,0,0,150,292.817841,1,2009
50.306728,113,"Dark Shadows",5.7,0,1,0,0,0,0,150,245.527149,1,2012
114.522237,131,"Mission: Impossible - Rogue Nation",7.1,1,0,0,0,1,0,150,682.330139,1,2015
21.214571,102,"The Wolfman",5.5,0,0,1,0,1,0,150,0,1,2010
29.332905,91,"Bee Movie",5.7,0,1,0,1,0,0,150,287.594577,1,2007
51.247321,91,"Kung Fu Panda 2",6.7,0,0,0,1,0,0,150,665.692281,1,2011
33.769336,103,"The Last Airbender",4.7,1,0,0,0,0,0,150,318.502923,1,2010
63.079003,126,"Mission: Impossible III",6.5,1,0,0,0,1,0,150,397.850012,1,2006
39.004588,131,"White House Down",6.4,1,0,1,0,1,0,150,205.366737,1,2013
12.362599,88,"Mars Needs Moms",5.5,0,0,0,1,0,0,150,38.992758,1,2011
22.550135,85,"Flushed Away",6,0,1,0,1,0,0,149,64.459316,1,2006
38.73494,92,"Mr. Peabody & Sherman",6.7,0,0,0,1,0,0,145,272.91243,1,2014
66.803149,163,"Troy",6.9,0,0,1,0,0,0,175,497.409852,1,2004
44.989192,93,"Madagascar 3: Europe's Most Wanted",6.4,0,0,0,1,0,0,145,746.921274,1,2012
54.159392,133,"Die Another Day",5.8,1,0,0,0,1,0,140,431.971116,1,2002
66.21806,116,"Ghostbusters",5.3,1,1,0,0,0,0,144,229.147509,1,2016
58.485967,151,"Armageddon",6.4,1,0,0,0,1,0,140,553.799566,1,1998
91.332849,88,"Men in Black II",6,1,1,0,0,0,0,140,441.818803,1,2002
35.601665,115,"Beowulf",5.5,1,0,0,1,0,0,70,195.735876,1,2007
56.747978,95,"Kung Fu Panda 3",6.7,1,1,0,1,0,0,145,521.170825,1,2016
77.77477,133,"Mission: Impossible - Ghost Protocol",6.8,1,0,0,0,1,0,145,694.71338,1,2011
61.788035,97,"Rise of the Guardians",7.1,0,0,0,1,0,0,145,306.94167,1,2012
25.159168,90,"Fun with Dick and Jane",5.9,0,1,0,0,0,0,100,202.026112,1,2005
52.341226,154,"The Last Samurai",7.3,1,0,1,0,0,0,140,456.758981,1,2003
101.599427,150,"Exodus: Gods and Kings",5.6,1,0,1,0,0,0,140,268.031828,1,2014
73.616808,127,"Star Trek",7.4,1,0,0,0,0,0,150,385.680446,1,2009
82.502566,121,"Spider-Man",6.8,1,0,0,0,0,0,139,821.708551,1,2002
100.21391,102,"How to Train Your Dragon 2",7.6,1,1,0,1,0,0,145,609.123048,1,2014
17.88953,121,"Stealth",4.9,1,0,0,0,0,0,135,76.932943,1,2005
64.798873,163,"Watchmen",7,1,0,0,0,0,0,130,185.258983,1,2009
24.855701,127,"Lethal Weapon 4",6.3,1,1,0,0,1,0,140,285.444603,1,1998
34.981698,138,"Hulk",5.3,1,0,1,0,0,0,137,245.36048,1,2003
59.325589,110,"G.I. Joe: Retaliation",5.4,1,0,0,0,1,0,130,371.876278,1,2013
21.605568,124,"Sahara",5.7,1,1,1,0,0,0,130,119.269486,1,2005
26.074908,106,"Final Fantasy: The Spirits Within",5.9,1,0,0,1,1,0,137,85.13183,1,2001
74.506246,124,"Captain America: The First Avenger",6.6,1,0,0,0,0,0,140,370.569774,1,2011
39.604363,128,"The World Is Not Enough",6,1,0,0,0,1,0,135,361.8324,1,1999
99.687084,115,"The Twilight Saga: Breaking Dawn - Part 2",6.1,0,0,1,0,0,1,120,829,1,2012
17.7735,100,"Happy Feet Two",5.8,0,1,0,1,0,0,130,150.406466,1,2011
62.898336,114,"The Incredible Hulk",6.1,1,0,0,0,0,0,150,163.712074,1,2008
100.635882,156,"The Revenant",7.3,0,0,1,0,1,0,135,532.950503,1,2015
44.765377,96,"Turbo",6.1,0,0,0,1,0,0,135,282.570682,1,2013
29.91353,107,"Rango",6.6,0,1,0,1,0,0,135,245.724603,1,2011
84.366984,92,"Penguins of Madagascar",6.5,0,1,0,1,0,0,132,373.552094,1,2014
45.381501,115,"The Bourne Ultimatum",7.3,1,0,1,0,1,0,70,442.824138,1,2007
84.689648,90,"Kung Fu Panda",6.9,0,1,0,1,0,0,130,631.74456,1,2008
120.09361,117,"Ant-Man",7,1,0,0,0,0,0,130,519.311965,1,2015
76.310119,146,"The Hunger Games: Catching Fire",7.4,1,0,0,0,0,0,130,847.423452,1,2013
63.473086,94,"Home",6.8,0,1,0,1,0,0,135,368.871007,1,2015
48.572726,116,"War of the Worlds",6.2,0,0,0,0,1,0,132,591.739379,1,2005
38.068736,147,"Bad Boys II",6.3,1,1,0,0,1,0,130,273.339556,1,2003
20.678787,90,"Puss in Boots",6.4,1,0,0,1,0,0,130,554.987477,1,2011
48.829437,100,"Salt",6.2,1,0,0,0,1,0,110,293.329073,1,2010
46.115758,139,"Noah",5.6,0,0,1,0,0,0,125,362.637473,1,2014
89.938296,107,"The Adventures of Tintin",6.7,0,0,0,1,0,0,130,371.940071,1,2011
28.840997,165,"Australia",6.3,0,0,1,0,0,0,130,49.554002,1,2008
42.840582,100,"After Earth",5,1,0,0,0,0,0,130,243.843127,1,2013
26.548594,82,"Dinosaur",6.2,0,0,0,1,0,0,127.5,354.248063,1,2000
115.597753,97,"Night at the Museum: Secret of the Tomb",6.1,0,1,0,0,0,0,127,349.424282,1,2014
68.757242,95,"Megamind",6.7,1,1,0,1,0,0,130,321.887208,1,2010
39.448066,96,"R.I.P.D.",5.4,1,1,0,0,0,0,130,61.6485,1,2013
271.972889,143,"Pirates of the Caribbean: The Curse of the Black Pearl",7.5,1,0,0,0,0,0,140,655.011224,1,2003
206.227151,123,"The Hunger Games: Mockingjay - Part 1",6.6,0,0,0,0,1,0,125,752.100229,1,2014
45.313197,149,"The Da Vinci Code",6.5,0,0,0,0,1,0,125,767.820459,1,2006
42.40024,102,"Rio 2",6.3,0,1,0,1,0,0,103,500.188435,1,2014
2.871739,133,"X2",6.8,1,0,0,0,1,0,110,407.711549,1,2003
7.255718,130,"Fast Five",7.1,1,0,0,0,1,0,125,626.137675,1,2011
81.499621,129,"Sherlock Holmes: A Game of Shadows",7,1,0,0,0,0,0,125,334.615,1,2011
47.686442,106,"Clash of the Titans",5.6,1,0,0,0,0,0,125,232.713139,1,2010
43.129703,113,"Total Recall",7.1,1,0,0,0,0,0,65,261.317921,1,1990
27.220157,102,"The 13th Warrior",6.4,1,0,0,0,0,0,160,61.698899,1,1999
90.33681,120,"The Bourne Legacy",6,1,0,0,0,1,0,130,276.572938,1,2012
50.073575,125,"Batman & Robin",4.2,1,0,0,0,0,0,125,238.207122,1,1997
45.419668,104,"How the Grinch Stole Christmas",6.2,0,1,0,0,0,0,123,345.141403,1,2000
41.380094,124,"The Day After Tomorrow",6.2,1,0,0,0,1,0,125,544.272402,1,2004
54.931334,123,"Mission: Impossible II",5.9,1,0,0,0,1,0,125,546.388105,1,2000
25.752118,130,"The Perfect Storm",6.2,0,0,1,0,0,0,120,325.756637,1,2000
60.810723,92,"Fantastic 4: Rise of the Silver Surfer",5.4,1,0,0,0,1,0,130,289.047763,1,2007
51.328145,127,"Life of Pi",7.2,1,0,1,0,0,0,120,609.016565,1,2012
46.834704,114,"Ghost Rider",5.2,1,0,0,0,1,0,110,228.738393,1,2007
62.641286,123,"Jason Bourne",5.9,1,0,0,0,1,0,120,415.484914,1,2016
33.616115,106,"Charlie's Angels: Full Throttle",5.2,1,1,0,0,0,0,120,259.175788,1,2003
27.990284,78,"Stuart Little 2",5.4,0,1,0,1,0,0,120,169.956806,1,2002
67.33767,109,"Elysium",6.4,1,0,1,0,1,0,115,286.1407,1,2013
27.835436,119,"The Chronicles of Riddick",6.3,1,0,0,0,0,0,105,115.772733,1,2004
66.757869,102,"RoboCop",5.7,1,0,0,0,0,0,120,242.688965,1,2014
17.060695,135,"Speed Racer",5.7,1,0,0,0,0,0,120,93.945766,1,2008
11.137655,121,"How Do You Know",4.9,0,1,1,0,0,1,120,48.668907,1,2010
44.906918,109,"Knight and Day",5.9,1,1,0,0,0,0,117,261.930431,1,2010
67.698004,124,"Oblivion",6.4,1,0,0,0,0,0,120,286.168572,1,2013
44.108427,140,"Star Wars: Episode III - Revenge of the Sith",7.1,1,0,0,0,0,0,113,850,1,2005
43.987061,142,"Star Wars: Episode II - Attack of the Clones",6.4,1,0,0,0,0,0,120,649.398328,1,2002
106.815545,92,"Monsters, Inc.",7.5,0,1,0,1,0,0,115,562.816256,1,2001
15.953444,126,"The Wolverine",6.3,1,0,0,0,0,0,120,415.440673,1,2013
54.035265,136,"Star Wars: Episode I - The Phantom Menace",6.3,1,0,0,0,0,0,115,924.317558,1,1999
64.183321,98,"The Croods",6.8,0,1,0,1,0,0,135,585.178928,1,2013
20.344364,116,"Asterix at the Olympic Games",5,0,1,0,0,0,0,97.2504,132.9,0,2008
18.714197,134,"Windtalkers",5.8,1,0,1,0,0,0,115,77.628265,1,2002
60.467984,114,"The Huntsman: Winter's War",6,1,0,1,0,0,0,115,164.602163,1,2016
143.350376,101,"Teenage Mutant Ninja Turtles",5.8,1,1,0,0,0,0,125,477.2,1,2014
110.153618,91,"Gravity",7.3,0,0,1,0,1,0,105,716.392705,1,2013
16.90444,108,"Dante's Peak",5.7,1,0,0,0,1,0,116,178.12776,1,1997
39.873791,112,"Teenage Mutant Ninja Turtles: Out of the Shadows",5.8,1,1,0,0,0,0,135,245.623848,1,2016
38.126095,100,"Fantastic Four",4.4,1,0,0,0,0,0,120,167.977596,1,2015
48.780039,108,"Night at the Museum",6.3,1,1,0,0,0,0,110,574.480841,1,2006
100.412364,114,"San Andreas",6,1,0,1,0,1,0,110,470.490832,1,2015
42.887121,119,"Tomorrow Never Dies",6,1,0,0,0,1,0,110,333.011068,1,1997
23.657284,165,"The Patriot",6.8,1,0,1,0,0,0,110,215.294342,1,2000
76.840712,125,"Ocean's Twelve",6.4,0,0,0,0,1,0,110,362.74428,1,2004
44.635452,120,"Mr. & Mrs. Smith",6.5,1,1,1,0,1,0,110,478.20752,1,2005
103.718387,119,"Insurgent",6.2,0,0,0,0,1,0,110,295.238201,1,2015
45.616098,170,"The Aviator",7,0,0,1,0,0,0,116,102,1,2004
22.845143,85,"Gulliver's Travels",4.9,0,1,0,0,0,0,112,237.382724,1,2010
31.703608,119,"The Green Hornet",5.5,1,1,0,0,0,0,120,227.817248,1,2011
71.510596,102,"300: Rise of an Empire",6.1,1,0,0,0,0,0,110,337.580051,1,2014
36.65422,103,"The Smurfs",5.5,0,1,0,1,0,0,110,563.749323,1,2011
19.625972,76,"Home on the Range",5.7,0,0,0,1,0,0,110,103.951461,1,2004
37.195046,127,"Real Steel",6.6,1,0,1,0,0,0,110,299.268508,1,2011
32.473628,105,"The Smurfs 2",5.5,0,1,0,1,0,0,105,347.434178,1,2013
23.336875,121,"Speed 2: Cruise Control",4.1,1,0,0,0,1,0,160,164.508066,1,1997
45.94834,114,"Ender's Game",6.6,1,0,0,0,0,0,110,125.537191,1,2013
48.93337,128,"Live Free or Die Hard",6.4,1,0,0,0,1,0,110,383.531464,1,2007
138.049577,178,"The Lord of the Rings: The Fellowship of the Ring",8,1,0,0,0,0,0,93,871.368364,1,2001
22.643776,120,"Around the World in 80 Days",5.7,1,1,0,0,0,0,110,72.178895,1,2004
18.866672,157,"Ali",6.7,0,0,1,0,0,0,107,87.713825,1,2001
18.251129,82,"The Cat in the Hat",4.9,0,1,0,0,0,0,0,0,1,2003
95.914473,115,"I, Robot",6.7,1,0,0,0,0,0,120,347.234916,1,2004
44.490453,144,"Kingdom of Heaven",6.6,1,0,1,0,0,0,130,211.643158,1,2005
30.475297,84,"Stuart Little",5.8,0,1,0,1,0,0,133,300.135367,1,1999
62.479574,97,"The Princess and the Frog",6.7,0,0,0,1,0,1,105,267.045765,1,2009
167.93287,141,"The Martian",7.6,0,0,1,0,0,0,108,630.16189,1,2015
37.68056,136,"The Island",6.5,1,0,0,0,1,0,126,162.949164,1,2005
1.004579,104,"Town & Country",3.7,0,1,0,0,0,1,90,10.372291,1,2001
52.995628,118,"Gone in Sixty Seconds",6.1,1,0,0,0,1,0,90,237.202299,1,2000
95.301296,155,"Gladiator",7.9,1,0,1,0,0,0,103,457.640427,1,2000
65.948959,145,"Minority Report",7.1,1,0,0,0,1,0,102,358.372926,1,2002
88.935165,144,"Casino Royale",7.3,1,0,0,0,1,0,150,599.04596,1,2006
51.188633,119,"Planet of the Apes",5.6,1,0,0,0,1,0,100,362.21174,1,2001
101.74155,137,"Terminator 2: Judgment Day",7.7,1,0,0,0,1,0,100,520,1,1991
33.691694,140,"Public Enemies",6.5,0,0,1,0,0,0,80,214.10462,1,2009
42.361215,157,"American Gangster",7.4,0,0,1,0,0,0,100,266.465037,1,2007
38.729418,141,"True Lies",6.8,1,0,0,0,1,0,115,378.882411,1,1994
40.597856,106,"The Taking of Pelham 1 2 3",6.2,0,0,1,0,1,0,100,150.166126,1,2009
32.389353,98,"Little Fockers",5.4,0,1,0,0,0,1,100,310.650585,1,2010
24.399642,107,"The Other Guys",6.1,1,1,0,0,0,0,100,170.432927,1,2010
24.507987,115,"Eraser",5.6,1,0,1,0,1,0,100,242.295562,1,1996
82.121691,165,"Django Unchained",7.8,0,0,1,0,0,0,100,425.368238,1,2012
46.727941,91,"The Hunchback of Notre Dame",6.8,0,0,1,1,0,0,100,100.138851,1,1996
51.113717,78,"The Emperor's New Groove",7.2,0,1,0,1,0,0,100,169.327687,1,2000
53.732892,103,"The Expendables 2",6.1,1,0,0,0,1,0,100,312.573423,1,2012
58.849256,131,"National Treasure",6.4,1,0,0,0,1,0,100,347.451894,1,2004
30.863434,104,"Eragon",4.9,1,0,0,0,0,0,100,249.288105,1,2006
36.711378,102,"Epic",6.4,0,0,0,1,0,0,100,268.426634,1,2013
41.426678,103,"The Tourist",6,1,0,0,0,1,1,100,278.731369,1,2010
20.652943,121,"End of Days",5.5,1,0,0,0,0,0,100,211.989043,1,1999
52.792678,143,"Blood Diamond",7.3,1,0,1,0,1,0,100,170.877916,1,2006
95.007934,180,"The Wolf of Wall Street",7.9,0,1,1,0,0,0,100,392.000694,1,2013
48.205606,121,"Batman Forever",5.2,1,0,0,0,0,0,100,336.529144,1,1995
58.782359,129,"Starship Troopers",6.7,1,0,0,0,1,0,105,121.214377,1,1997
73.872343,172,"Cloud Atlas",6.6,0,0,1,0,0,0,102,130.482868,1,2012
37.321848,97,"Legend of the Guardians: The Owls of Ga'Hoole",6.5,0,0,0,1,0,0,80,140.07339,1,2010
32.271938,104,"Catwoman",4.2,1,0,0,0,0,0,100,82.102379,1,2004
76.842247,99,"Hercules",5.6,1,0,0,0,0,0,100,243.4,1,2014
38.924136,95,"Treasure Planet",7.2,0,0,0,1,0,0,140,109.578115,1,2002
19.38841,102,"Land of the Lost",5.3,0,1,0,0,0,0,100,68.688831,1,2009
61.025639,127,"The Expendables 3",6.1,1,0,0,0,1,0,90,206.172544,1,2014
33.507289,114,"Point Break",5.5,1,0,0,0,1,0,105,133.718711,1,2015
17.815595,94,"Son of the Mask",3.6,0,1,0,0,0,0,84,0,1,2005
50.767332,122,"In the Heart of the Sea",6.5,1,0,1,0,1,0,100,93.820758,1,2015
12.092241,95,"The Adventures of Pluto Nash",4.4,1,1,0,0,0,0,100,7.103973,1,2002
30.254021,115,"Green Zone",6.4,1,0,1,0,1,0,100,94.882889,1,2010
34.308098,88,"The Peanuts Movie",6.5,0,0,0,1,0,0,99,246.233113,1,2015
3.091077,110,"The Spanish Prisoner",7.1,0,0,1,0,1,0,10,13.83513,1,1997
41.862983,130,"The Mummy Returns",6,1,0,0,0,0,0,98,433.013274,1,2001
46.160048,167,"Gangs of New York",7.1,0,0,1,0,0,0,100,193.772504,1,2002
12.516546,145,"The Flowers of War",7.1,0,0,1,0,0,0,94,95.311434,0,2011
23.230851,85,"Surf's Up",5.9,0,1,0,1,0,0,85,149.044513,1,2007
19.224754,93,"The Stepford Wives",5.4,1,1,0,0,0,0,90,102,1,2004
44.455166,144,"Black Hawk Down",7.2,1,0,0,0,0,0,92,172.989651,1,2001
16.460356,85,"The Campaign",5.6,0,1,0,0,0,0,0,104.907746,1,2012
109.528572,126,"The Fifth Element",7.3,1,0,0,0,1,0,90,263.92018,1,1997
18.325897,146,"Sex and the City 2",5.4,0,1,1,0,0,1,100,288.347692,1,2010
37.054554,89,"The Road to El Dorado",7,0,1,0,1,0,0,95,76.432727,1,2000
65.229868,88,"Ice Age: Continental Drift",6.2,0,1,0,1,0,0,95,877.244782,1,2012
101.187052,105,"Cinderella",6.7,0,0,1,0,0,1,95,543.514353,1,2015
29.257137,136,"The Lovely Bones",6.6,0,0,1,0,0,0,65,93.525586,1,2009
85.688789,100,"Finding Nemo",7.6,0,0,0,1,0,0,94,940.335536,1,2003
123.630332,201,"The Lord of the Rings: The Return of the King",8.1,1,0,0,0,0,0,94,1118.888979,1,2003
106.914973,179,"The Lord of the Rings: The Two Towers",8,1,0,0,0,0,0,79,926.2874,1,2002
41.498631,100,"Lara Croft: Tomb Raider",5.7,1,0,0,0,1,0,115,274.70334,1,2001
58.991388,119,"Transcendence",5.9,0,0,1,0,1,0,100,103.039258,1,2014
1.859364,92,"Jurassic Park III",5.7,1,0,0,0,1,0,93,368.780809,1,2001
138.433168,105,"Rise of the Planet of the Apes",7,1,0,1,0,1,0,93,482.860185,1,2011
65.402595,98,"A Good Day to Die Hard",5.2,1,0,0,0,1,0,92,304.654182,1,2013
77.817571,115,"The Incredibles",7.4,1,0,0,1,0,0,92,631.442092,1,2004
7.029308,119,"Cutthroat Island",5.7,1,0,0,0,0,0,98,10.017322,1,1995
104.121555,98,"Men in Black",6.9,1,1,0,0,0,0,90,589.390539,1,1997
73.575118,92,"Toy Story 2",7.3,0,1,0,1,0,0,90,497.366869,1,1999
37.698465,98,"Unstoppable",6.3,1,0,0,0,1,0,100,167.805466,1,2010
35.814765,90,"Rush Hour 2",6.4,1,1,0,0,1,0,90,347.325802,1,2001
15.835672,130,"What Lies Beneath",6.3,0,0,1,0,1,0,100,155.464351,1,2000
46.781182,90,"Cloudy with a Chance of Meatballs",6.5,0,1,0,1,0,0,100,242.988466,1,2009
69.457898,94,"Ice Age: Dawn of the Dinosaurs",6.5,0,1,0,1,0,0,90,886.686817,1,2009
43.348022,114,"The Secret Life of Walter Mitty",7,0,1,1,0,0,0,90,188.133322,1,2013
40.20395,98,"Charlie's Angels",5.6,1,1,0,0,1,0,92,264.105545,1,2000
63.429157,151,"The Departed",7.9,0,0,1,0,1,0,90,289.847354,1,2006
67.427755,88,"Mulan",7.6,0,0,0,1,0,0,90,304.320254,1,1998
43.192048,107,"Tropic Thunder",6.5,1,1,0,0,0,0,92,188.072649,1,2008
47.651083,158,"The Girl with the Dragon Tattoo",7.2,0,0,1,0,1,0,90,232.61743,1,2011
51.881077,128,"Die Hard: With a Vengeance",6.9,1,0,0,0,1,0,90,366.101666,1,1995
57.834787,128,"Sherlock Holmes",7,1,0,0,0,0,0,90,524.028679,1,2009
29.608322,125,"Ben-Hur",5.3,0,0,1,0,0,0,100,94.061311,1,2016
51.548589,95,"Atlantis: The Lost Empire",6.7,0,0,0,1,0,0,120,186.053725,1,2001
27.867368,92,"Alvin and the Chipmunks: The Road Chip",5.8,0,1,0,1,0,0,0,233.755553,1,2015
38.832842,121,"Valkyrie",6.7,0,0,1,0,1,0,75,200.276,1,2008
40.597344,113,"You Don't Mess with the Zohan",5.5,1,1,0,0,0,0,90,201.596308,1,2008
140.849495,105,"Pixels",5.6,1,1,0,0,0,0,88,243.637091,1,2015
34.035114,146,"A.I. Artificial Intelligence",6.8,0,0,1,0,0,0,100,235.926552,1,2001
16.302378,99,"The Haunted Mansion",5.2,0,1,0,0,1,0,90,182.290266,1,2003
55.249434,150,"Contact",7.2,0,0,1,0,0,0,90,171.120329,1,1997
28.200874,112,"Hollow Man",5.6,1,0,0,0,1,0,95,190.213455,1,2000
18.69984,128,"The Interpreter",6.2,0,0,0,0,1,0,80,162.944923,1,2005
56.811056,117,"Lara Croft Tomb Raider: The Cradle of Life",5.5,1,0,0,0,1,0,95,156.505388,1,2003
51.535701,129,"Now You See Me 2",6.7,1,1,0,0,1,0,90,334.901337,1,2016
20.913852,116,"The Saint",5.9,1,0,0,0,1,1,68,118.063304,1,1997
27.166757,126,"Spy Game",6.8,1,0,0,0,1,0,92,143.04956,1,2001
46.200042,96,"Rio",6.5,0,1,0,1,0,0,90,484.63576,1,2011
24.939295,131,"Bicentennial Man",6.9,0,1,0,0,0,0,100,93.7,1,1999
19.836124,104,"Volcano",5.2,1,0,1,0,1,0,90,0,1,1997
15.350451,107,"The Devil's Own",5.9,0,0,1,0,1,0,90,140.807547,1,1997
15.625949,138,"K-19: The Widowmaker",6.1,0,0,1,0,1,0,100,35.168966,1,2002
31.802807,129,"Conan the Barbarian",6.6,1,0,0,0,0,0,20,79.114085,1,1982
24.100863,144,"Cinderella Man",7.3,0,0,1,0,0,1,88,108.539911,1,2005
3.593349,110,"The Nutcracker: The Untold Story",5.4,1,0,0,0,0,0,90,16.178959,1,2010
14.824166,141,"Seabiscuit",6.7,0,0,1,0,0,0,87,148.336445,1,2003
32.079995,113,"Twister",6.1,1,0,1,0,0,0,92,494.471524,1,1996
57.739713,143,"Cast Away",7.5,0,0,1,0,0,0,90,429.632142,1,2000
37.272385,108,"Happy Feet",5.9,0,1,0,1,0,0,100,384.335608,1,2006
53.213931,108,"The Bourne Supremacy",7.2,1,0,1,0,1,0,75,288.500217,1,2004
36.38795,124,"Air Force One",6.2,1,0,0,0,1,0,85,315.156409,1,1997
60.929352,116,"Ocean's Eleven",7.2,0,0,0,0,1,0,85,450.71715,1,2001
36.605246,110,"The Three Musketeers",5.6,1,0,0,0,1,0,75,132.274484,1,2011
56.257411,91,"Hotel Transylvania",6.8,0,1,0,1,0,0,85,358.375603,1,2012
29.21998,107,"Enchanted",6.6,0,1,0,0,0,1,85,340.487652,1,2007
34.773106,115,"Safe House",6.3,1,0,0,0,1,0,85,208.076205,1,2012
9.895061,100,"102 Dalmatians",5.1,0,1,0,0,0,0,85,183.611771,1,2000
36.743324,104,"Tower Heist",5.8,1,1,0,0,0,0,75,152.930623,1,2011
44.967453,136,"The Holiday",6.7,0,1,0,0,0,1,85,194.1687,1,2006
41.207568,132,"Enemy of the State",6.7,1,0,1,0,1,0,90,250.649836,1,1998
16.479851,121,"It's Complicated",6.2,0,1,0,0,0,1,85,219.103655,1,2009
42.069993,122,"Ocean's Thirteen",6.5,0,0,0,0,1,0,85,311.312624,1,2007
26.61951,83,"Open Season",6.1,0,0,0,1,0,0,85,197.309027,1,2006
80.316463,139,"Divergent",6.9,1,0,0,0,0,0,85,288.747895,1,2014
24.107835,104,"The Rundown",6.4,1,1,0,0,1,0,85,80.916492,1,2003
32.044191,130,"Last Action Hero",6.1,1,1,0,0,0,0,85,137.298489,1,1993
16.595874,145,"Memoirs of a Geisha",7.3,0,0,1,0,0,1,85,162.242962,1,2005
8.282876,104,"The Fast and the Furious: Tokyo Drift",6.1,1,0,1,0,1,0,85,158.468292,1,2006
19.83683,97,"Arthur Christmas",6.7,0,1,1,1,0,0,0,0,1,2011
36.069611,178,"Meet Joe Black",6.9,0,0,1,0,0,0,90,142.9401,1,1998
18.827753,108,"Collateral Damage",5.5,1,0,1,0,1,0,85,78.382433,1,2002
5.159407,123,"All That Jazz",7.3,0,0,1,0,0,0,0,37.823676,1,1979
48.126297,106,"Mirror Mirror",5.5,0,1,1,0,0,0,85,183.018522,1,2012
38.885195,112,"Scott Pilgrim vs. the World",7.2,1,1,0,0,0,0,60,47.664559,1,2010
29.211255,136,"The Core",5.4,1,0,0,0,1,0,60,74.208267,1,2003
17.783361,106,"Nutty Professor II: The Klumps",4.7,0,1,0,0,0,1,84,123.307945,1,2000
31.435539,88,"Scooby-Doo",5.4,0,1,0,0,0,0,84,275.650703,1,2002
57.673932,95,"Dredd",6.6,1,0,0,0,0,0,50,41.037742,1,2012
41.176631,107,"Click",6,0,1,1,0,0,1,82.5,237.681299,1,2006
13.661289,120,"Creepshow",6.7,0,1,0,0,0,0,8,21.028755,1,1982
11.77398,82,"Cats & Dogs 2 : The Revenge of Kitty Galore",4.9,0,1,0,0,0,0,85,112.483764,1,2010
51.970905,157,"Zodiac",7.3,0,0,1,0,1,0,65,84.785914,1,2007
109.684788,101,"Bruce Almighty",6.4,0,1,0,0,0,0,80,484.572835,1,2003
77.580661,103,"The Expendables",6,1,0,0,0,1,0,80,274.470394,1,2010
75.290998,110,"Mission: Impossible",6.7,1,0,0,0,1,0,80,457.696359,1,1996
58.040149,102,"The Hangover Part II",6.2,0,1,0,0,0,0,80,254.455986,1,2011
59.113174,126,"Batman Returns",6.6,1,0,0,0,0,0,80,280,1,1992
36.32705,83,"Over the Hedge",6.3,0,1,0,1,0,0,80,343.397247,1,2006
55.659988,85,"Lilo & Stitch",7.1,0,0,0,1,0,0,80,145.771527,1,2002
14.132583,97,"Charlotte's Web",5.8,0,1,0,0,0,0,85,144,1,2006
34.070054,120,"Deep Impact",5.9,1,0,1,0,0,1,75,140.464664,1,1998
44.34333,116,"RED 2",6.4,1,1,0,0,1,0,84,0,1,2013
26.065735,113,"The Longest Yard",6.2,0,1,1,0,0,0,82,190.320568,1,2005
23.473004,87,"Alvin and the Chipmunks: Chipwrecked",5.4,0,1,0,1,0,0,75,342.695435,1,2011
45.589568,100,"Grown Ups 2",5.8,0,1,0,0,0,0,80,246.984278,1,2013
23.496054,110,"Get Smart",6,1,1,0,0,1,0,80,230.685453,1,2008
16.939441,128,"Something's Gotta Give",6.3,0,1,1,0,0,1,80,266.728738,1,2003
81.914696,138,"Shutter Island",7.8,0,0,1,0,1,0,80,294.804195,1,2010
19.500893,88,"Four Christmases",5.3,0,1,1,0,0,1,80,163.733697,1,2008
29.558157,91,"Robots",6,0,1,0,1,0,0,75,260.696994,1,2005
46.075037,138,"Face/Off",6.8,1,0,0,0,1,0,80,245.676146,1,1997
23.531721,99,"Bedtime Stories",5.9,0,1,0,0,0,1,80,212.874442,1,2008
49.078546,117,"Road to Perdition",7.3,0,0,1,0,1,0,80,181.001478,1,2002
37.02665,117,"Just Go with It",6.3,0,1,0,0,0,1,80,214.918407,1,2011
45.154631,115,"Con Air",6.5,1,0,0,0,1,0,75,224.012234,1,1997
46.887983,118,"Eagle Eye",6.3,1,0,0,0,1,0,80,178.066569,1,2008
24.598479,154,"Cold Mountain",6.7,0,0,1,0,0,0,79,173.013509,1,2003
32.363538,118,"The Book of Eli",6.6,1,0,0,0,1,0,80,157.107755,1,2010
11.50396,93,"Flubber",5.3,0,1,0,0,0,0,80,177.977226,1,1997
19.375768,113,"The Haunting",5.2,0,0,0,0,1,0,80,91.188905,1,1999
36.125715,88,"Space Jam",6.5,0,1,1,1,0,0,80,250.2,1,1996
25.450534,93,"The Pink Panther",5.6,1,1,0,0,0,0,0,0,1,2006
41.890722,104,"The Day the Earth Stood Still",5.2,0,0,1,0,1,0,80,233.093859,1,2008
22.179658,135,"Conspiracy Theory",6.5,1,0,1,0,1,0,75,136.982834,1,1997
139.575085,135,"Fury",7.4,1,0,1,0,0,0,68,211.817906,1,2014
18.264635,98,"Six Days Seven Nights",5.6,1,1,0,0,0,1,70,164,1,1998
11.187696,80,"Yogi Bear",5.2,0,1,0,1,0,0,80,201.584141,1,2010
41.670544,83,"Spirit: Stallion of the Cimarron",7.4,0,1,0,1,0,0,80,122.563539,1,2002
27.46264,102,"Zookeeper",5.3,0,1,0,0,0,1,80,169.852759,1,2011
21.394281,129,"The Manchurian Candidate",6.2,0,0,1,0,1,0,80,96.105964,1,2004
0.605645,117,"Déjà Vu",8,0,0,1,0,0,1,0,0,1,1998
61.692197,89,"Hotel Transylvania 2",6.7,0,1,0,1,0,0,80,473.226958,1,2015
14.530946,74,"Fantasia 2000",7,0,0,0,1,0,0,80,90.87457,1,1999
25.978555,96,"The Time Machine",5.8,1,0,0,0,0,0,80,123.729176,1,2002
6.643778,114,"Mighty Joe Young",5.9,1,0,0,0,0,0,90,0,1,1998
36.788745,99,"Swordfish",6.1,1,0,0,0,1,0,102,147.080413,1,2001
31.054334,129,"The Legend of Zorro",5.9,1,0,0,0,0,0,75,142.400065,1,2005
21.891078,113,"What Dreams May Come",6.8,0,0,1,0,0,1,85,71.485043,1,1998
18.335992,90,"Little Nicky",5.2,0,1,0,0,0,1,85,0,1,2000
40.138009,118,"The Brothers Grimm",5.6,1,1,0,0,1,0,88,105.316267,1,2005
44.090535,106,"Mars Attacks!",6.1,0,1,0,0,0,0,70,101.371017,1,1996
3.300061,81,"Evolution",6.4,0,0,1,0,0,0,0,0,0,2015
20.632673,117,"The Edge",6.7,1,0,1,0,0,0,0,43.312294,1,1997
36.664991,89,"Surrogates",5.9,1,0,0,0,1,0,80,122.444772,1,2009
18.26121,145,"Thirteen Days",6.9,0,0,1,0,1,0,80,34.566746,1,2000
16.681269,115,"Daylight",5.8,1,0,0,0,1,0,80,159.212469,1,1996
10.088006,87,"Walking With Dinosaurs",5.2,0,0,0,1,0,0,80,126.546518,1,2013
7.89147,118,"Battlefield Earth",3,1,0,0,0,0,0,44,21.4,1,2000
16.715631,90,"Looney Tunes: Back in Action",5.6,0,1,0,1,0,0,80,68.514844,1,2003
9.357734,112,"Nine",5.1,0,0,1,0,0,1,80,53.825515,1,2009
11.22268,116,"Timeline",5.4,1,0,0,0,0,0,80,19.480739,1,2003
14.564667,177,"The Postman",6.1,0,0,1,0,0,0,80,17.626234,1,1997
11.356079,92,"Babe: Pig in the City",5.2,0,1,1,0,0,0,90,69.13186,1,1998
52.612025,106,"The Last Witch Hunter",5.7,1,0,0,0,0,0,90,146.93691,1,2015
13.800656,106,"Red Planet",5.4,1,0,0,0,1,0,80,33.463969,1,2000
27.097932,94,"Arthur and the Invisibles",6,0,0,0,1,0,0,86,107.944236,1,2006
7.342892,110,"A Sound of Thunder",4.8,1,0,0,0,1,0,80,5.98964,1,2005
50.561849,105,"Pompeii",5.2,1,0,1,0,0,1,130,117.831631,1,2014
0.719996,89,"Top Cat Begins",5.3,0,1,0,1,0,0,8,0,0,2015
59.248437,135,"A Beautiful Mind",7.7,0,0,1,0,0,1,60,313.542341,1,2001
90.457886,89,"The Lion King",8,0,0,1,1,0,0,45,788.241776,1,1994
40.723459,94,"Journey 2: The Mysterious Island",5.8,1,0,0,0,0,0,79,355.69276,1,2012
41.247402,95,"Cloudy with a Chance of Meatballs 2",6.4,0,1,0,1,0,0,78,248.384621,1,2013
10.083905,124,"Red Dragon",6.7,0,0,0,0,1,0,78,209.196298,1,2002
22.132418,91,"Jack and Jill",4.1,0,1,0,0,0,0,79,149.673788,1,2011
10.520961,107,"2 Fast 2 Furious",6.2,1,0,0,0,1,0,76,236.350661,1,2003
35.384423,92,"The Little Prince",7.6,0,0,0,1,0,0,64,97.57125,1,2015
15.673154,99,"The Invasion",5.7,0,0,0,0,1,0,80,15.071514,1,2007
8.981427,88,"The Adventures of Rocky & Bullwinkle",3.9,1,1,0,1,0,0,76,35.13482,1,2000
31.482872,87,"The Secret Life of Pets",5.9,0,0,0,1,0,0,75,875.958308,1,2016
47.436675,110,"The League of Extraordinary Gentlemen",5.7,1,0,0,0,1,0,78,179.265204,1,2003
136.886704,98,"Despicable Me 2",7,0,1,0,1,0,0,76,970.761885,1,2013
60.442593,145,"Independence Day",6.7,1,0,0,0,0,0,75,816.969268,1,1996
2.502487,129,"The Lost World: Jurassic Park",6.2,1,0,0,0,0,0,73,229.074524,1,1997
48.110909,86,"Madagascar",6.6,0,0,0,1,0,0,75,532.680671,1,2005
35.387874,109,"Children of Men",7.4,1,0,1,0,1,0,76,69.959751,1,2006
4.66891,104,"X-Men",6.8,1,0,0,0,0,0,75,296.339527,1,2000
73.82289,110,"Wanted",6.4,1,0,0,0,1,0,75,258.270008,1,2008
51.469576,136,"The Rock",6.9,1,0,0,0,1,0,75,335.062621,1,1996
85.115058,91,"Ice Age: The Meltdown",6.5,0,1,0,1,0,0,80,660.94078,1,2006
61.437586,99,"50 First Dates",6.6,0,1,0,0,0,1,75,196.482882,1,2004
31.160542,117,"Hairspray",6.5,0,1,0,0,0,1,50,90.450008,1,2007
15.761384,114,"Exorcist: The Beginning",4.7,0,0,0,0,1,0,80,78.000586,1,2004
17.561955,78,"Inspector Gadget",4.3,1,1,0,0,0,0,75,0,1,1999
71.124686,115,"Now You See Me",7.3,0,0,0,0,1,0,75,117.698894,1,2013
38.864027,102,"Grown Ups",6,0,1,0,0,0,0,80,271.430189,1,2010
57.753914,128,"The Terminal",7,0,1,1,0,0,0,60,219.417255,1,2004
13.25753,100,"Hotel for Dogs",5.7,0,1,0,0,0,0,35,73.03446,1,2009
13.318744,124,"Vertical Limit",5.9,1,0,0,0,1,0,75,215.663859,1,2000
18.70031,102,"Charlie Wilson's War",6.5,0,1,1,0,0,0,75,119.00041,1,2007
47.094369,90,"Shark Tale",5.8,1,1,0,1,0,0,75,367.275019,1,2004
14.486311,134,"Dreamgirls",6.6,0,0,1,0,0,0,70,154.93768,1,2006
18.61472,118,"Be Cool",5.4,0,1,0,0,0,0,53,95.226116,1,2005
29.035222,164,"Munich",6.9,1,0,1,0,1,0,70,130.358911,1,2005
27.055085,121,"Tears of the Sun",6.4,1,0,1,0,0,0,70,85.632458,1,2003
23.004607,100,"Killers",5.7,1,1,0,0,1,1,75,98.159963,1,2010
48.744209,116,"The Man from U.N.C.L.E.",7.1,1,1,0,0,0,0,75,108.145109,1,2015
14.209329,130,"Spanglish",5.8,0,1,0,0,0,0,80,55.041367,1,2004
36.368839,91,"Monster House",6.3,0,1,0,1,0,0,75,140.175006,1,2006
24.353302,123,"Bandits",6.2,1,1,0,0,0,1,75,67.631903,1,2001
19.143321,134,"First Knight",5.9,1,0,1,0,0,1,55,127.600435,1,1995
13.327372,148,"Anna and the King",6.4,0,0,1,0,0,1,75,0,1,1999
37.917002,110,"Immortals",5.7,1,0,1,0,0,0,75,226.904017,1,2011
23.663713,113,"Hostage",6.2,0,0,1,0,1,0,52,77.944725,1,2005
14.44381,94,"Titan A.E.",6.3,1,0,0,1,0,0,75,36.754634,1,2000
10.605084,116,"Hollywood Homicide",5,1,1,0,0,1,0,75,51.142659,1,2003
11.873856,99,"Soldier",6.1,1,0,0,0,0,0,75,14.567883,1,1998
12.708963,84,"Carriers",5.8,1,0,1,0,1,0,0,5.802422,1,2009
8.098369,93,"Monkeybone",4.3,1,1,0,1,0,0,75,5.409517,1,2001
20.374308,113,"Flight of the Phoenix",5.7,1,0,1,0,1,0,45,21.00918,1,2004
42.006908,106,"Unbreakable",6.9,0,0,1,0,1,0,75,248.118121,1,2000
875.581305,91,"Minions",6.4,0,1,0,1,0,0,74,1156.730962,1,2015
39.127082,110,"Sucker Punch",5.9,1,0,0,0,1,0,82,89.792502,1,2011
45.720894,97,"The Angry Birds Movie",5.9,0,0,0,1,0,0,73,349.779543,1,2016
21.789615,112,"Fool's Gold",5.4,0,1,0,0,0,1,70,111.231041,1,2008
20.199057,146,"Funny People",5.7,0,1,1,0,0,0,75,61.458982,1,2009
26.123705,110,"The Kingdom",6.5,1,0,1,0,1,0,70,86.658558,1,2007
12.599836,116,"Talladega Nights: The Ballad of Ricky Bobby",6.2,0,1,0,0,0,0,72.5,162.966177,1,2006
13.543053,87,"Dr. Dolittle 2",4.9,0,1,0,0,0,1,70,176.104344,1,2001
60.722162,177,"Braveheart",7.7,1,0,1,0,0,0,72,210,1,1995
32.227223,125,"Jarhead",6.6,0,0,1,0,0,0,72,96.889998,1,2005
46.875375,87,"The Simpsons Movie",6.9,0,1,0,1,0,0,75,527.068851,1,2007
11.215702,152,"The Majestic",6.6,0,0,1,0,0,1,72,37.317558,1,2001
8.468586,116,"Driven",4.5,1,0,0,0,0,0,94,54.744738,1,2001
8.884318,109,"Two Brothers",6.9,0,0,1,0,0,0,74.5,62.17205,1,2004
27.491891,108,"The Village",6.2,0,0,1,0,1,0,60,256.69752,1,2004
21.462935,85,"Doctor Dolittle",5.4,0,1,0,0,0,0,71,294.456605,1,1998
28.848187,106,"Signs",6.4,0,0,1,0,1,0,72,408.247917,1,2002
47.320801,93,"Shrek 2",6.7,0,1,0,1,0,0,150,919.838758,1,2004
82.643036,117,"Cars",6.6,0,1,0,1,0,0,120,461.983149,1,2006
20.230535,116,"Runaway Bride",5.7,0,1,0,0,0,1,70,309.457509,1,1999
46.217769,124,"xXx",5.8,1,0,0,0,1,0,70,277.448382,1,2002
36.952268,93,"The SpongeBob Movie: Sponge Out of Water",5.8,0,1,0,1,0,0,74,311.594032,1,2015
16.411345,117,"Ransom",6.4,1,0,0,0,1,0,80,309.492681,1,1996
72.595961,153,"Inglourious Basterds",7.9,1,0,1,0,1,0,70,319.13105,1,2009
33.648404,144,"Hook",6.6,0,1,0,0,0,0,70,300.854823,1,1991
57.69847,124,"Die Hard 2",6.6,1,0,0,0,1,0,70,240.031094,1,1990
34.052253,117,"S.W.A.T.",5.8,1,0,0,0,1,0,80,116.643346,1,2003
27.299301,136,"Vanilla Sky",6.5,0,0,1,0,1,1,68,203.388341,1,2001
20.219385,110,"Lady in the Water",5.3,0,0,1,0,1,0,75,42.285169,1,2006
42.957216,101,"AVP: Alien vs. Predator",5.5,1,0,0,0,0,0,70,171.183863,1,2004
29.412262,88,"Alvin and the Chipmunks: The Squeakquel",5.4,0,1,0,1,0,0,75,443.140005,1,2009
19.708731,138,"We Were Soldiers",6.7,1,0,0,0,0,0,75,114.660784,1,2002
59.428223,120,"Olympus Has Fallen",6.2,1,0,0,0,1,0,70,161.02564,1,2013
19.711951,103,"Star Trek: Insurrection",6.3,1,0,0,0,1,0,70,118,1,1998
49.199234,116,"Battle: Los Angeles",5.5,1,0,0,0,0,0,70,202.466756,1,2011
46.199482,125,"Big Fish",7.6,0,0,1,0,0,0,70,122.919055,1,2003
29.505574,146,"War Horse",7,0,0,1,0,0,0,66,177.584879,1,2011
43.873266,118,"The Monuments Men",5.8,1,0,1,0,0,0,70,154.984035,1,2014
24.961625,139,"The Abyss",7.1,1,0,0,0,1,0,70,90.000098,1,1989
23.25645,133,"Wall Street: Money Never Sleeps",5.8,0,0,1,0,0,0,70,134.748021,1,2010
64.457947,92,"Dracula Untold",6.2,1,0,1,0,0,0,70,215.529201,1,2014
20.089933,116,"The Siege",6,1,0,1,0,1,0,70,116.672912,1,1998
48.032734,127,"Stardust",7.1,0,0,0,0,0,1,70,135.560026,1,2007
16.92991,136,"Seven Years in Tibet",7,0,0,1,0,0,0,70,131.457682,1,1997
14.780634,111,"The Dilemma",5.2,0,1,1,0,0,0,70,67.112664,1,2011
14.086292,116,"Bad Company",5.4,1,1,0,0,1,0,70,65.977295,1,2002
29.261348,105,"Doom",5,1,0,0,0,0,0,60,55.987321,1,2005
13.267631,97,"I Spy",5.2,1,1,0,0,1,0,70,33.561137,1,2002
58.401204,88,"Underworld: Awakening",6.1,1,0,0,0,0,0,70,160.112671,1,2012
23.515938,123,"Rock of Ages",6,0,1,1,0,0,1,75,59.418613,1,2012
14.244518,125,"Hart's War",5.9,0,0,1,0,0,0,70,32.287044,1,2002
29.501489,116,"Killer Elite",6.1,1,0,0,0,1,0,66,57.777106,1,2011
9.306253,98,"Rollerball",3.4,1,0,0,0,1,0,0,0,1,2002
8.37378,91,"Ballistic: Ecks vs. Sever",4.3,1,0,0,0,1,0,70,19.924033,1,2002
10.930537,97,"Hard Rain",5.5,0,0,0,0,1,0,70,19.870567,1,1998
10.54544,95,"Osmosis Jones",5.9,1,1,0,1,0,0,75,13.596911,1,2001
6.682006,88,"Legends of Oz: Dorothy's Return",5.9,0,0,0,1,0,0,70,18.662027,1,2013
46.832372,133,"Blackhat",5.1,0,0,1,0,0,0,70,17.75294,1,2015
24.664776,107,"Sky Captain and the World of Tomorrow",5.7,1,0,0,0,1,0,70,57.958696,1,2004
13.483387,114,"Basic Instinct 2",4.6,0,0,0,0,1,0,70,38.629478,1,2006
44.478043,115,"Escape Plan",6.7,1,0,0,0,1,0,50,122.915111,1,2013
25.020428,99,"The Legend of Hercules",4.4,1,0,0,0,0,0,70,61.279452,1,2014
22.392544,124,"The Sum of All Fears",5.9,1,0,1,0,1,0,68,193,1,2002
107.069763,124,"The Twilight Saga: Eclipse",5.8,0,0,1,0,0,1,68,698.491347,1,2010
22.572323,124,"The Score",6.7,1,0,0,0,1,0,68,71.069884,1,2001
113.858273,95,"Despicable Me",7.1,0,0,0,1,0,0,69,543.513985,1,2010
10.004564,103,"Money Train",5.4,1,1,0,0,0,0,60,35.431113,1,1995
68.734513,115,"Ted 2",6.2,0,1,0,0,0,0,68,217.022588,1,2015
18.888806,127,"Agora",6.9,0,0,1,0,0,0,70,39.041505,1,2009
12.948627,121,"Mystery Men",5.7,1,1,0,0,0,0,68,29.762011,1,1999
27.11589,105,"Hall Pass",5.4,0,1,0,0,0,0,36,83.160734,1,2011
26.153669,157,"The Insider",7.3,0,0,1,0,1,0,90,60.289912,1,1999
28.223664,114,"The Finest Hours",6.3,1,0,1,0,1,0,80,52.09909,1,2016
37.507136,128,"Body of Lies",6.5,1,0,1,0,1,0,70,113.280098,1,2008
11.023691,114,"Dinner for Schmucks",5.5,0,1,0,0,0,0,69,86.387857,1,2010
38.634767,94,"Abraham Lincoln: Vampire Hunter",5.5,1,0,0,0,0,0,69,112.265139,1,2012
25.877794,112,"Entrapment",6,0,0,1,0,0,1,66,212.404396,1,1999
18.59991,121,"The X Files",6.6,0,0,0,0,1,0,66,189.198313,1,1998
12.282911,102,"The Last Legion",5,1,0,0,0,0,0,67,25.303038,1,2007
76.041867,169,"Saving Private Ryan",7.9,0,0,1,0,0,0,70,481.840909,1,1998
54.81489,130,"Need for Speed",6.1,1,0,1,0,1,0,66,203.277636,1,2014
31.39165,127,"What Women Want",6.1,0,1,0,0,0,1,70,374.111707,1,2000
99.561972,81,"Ice Age",7.1,0,1,0,1,0,0,59,383.257136,1,2002
26.792794,136,"Dreamcatcher",5.3,0,0,1,0,1,0,68,75.715436,1,2003
36.307296,149,"Lincoln",6.7,0,0,1,0,0,0,65,275.29345,1,2012
104.309993,136,"The Matrix",7.9,1,0,0,0,0,0,63,463.517383,1,1999
68.140214,140,"Apollo 13",7.3,0,0,1,0,0,0,52,355.237933,1,1995
14.646884,104,"The Santa Clause 2",5.5,0,1,0,0,0,0,65,172.855065,1,2002
48.356214,157,"Les Misérables",7.1,0,0,1,0,0,1,61,441.80977,1,2012
28.540267,119,"You've Got Mail",6.3,0,1,0,0,0,1,65,250.821495,1,1998
22.977983,98,"Step Brothers",6.5,0,1,0,0,0,0,65,128.107642,1,2008
31.086791,136,"The Mask of Zorro",6.3,1,0,0,0,0,0,95,250.288523,1,1998
43.865294,95,"Due Date",6.2,0,1,1,0,0,0,65,211.780824,1,2010
43.055253,137,"Unbroken",7.3,0,0,1,0,0,0,65,163.442937,1,2014
15.772081,130,"Space Cowboys",6.3,1,0,0,0,1,0,65,128.884132,1,2000
26.19909,112,"Cliffhanger",6.1,1,0,0,0,1,0,70,255.000211,1,1993
22.769108,108,"Broken Arrow",5.7,1,0,1,0,1,0,50,150.270147,1,1996
18.281798,104,"The Kid",6,0,1,0,0,0,0,65,69.7,1,2000
24.697533,128,"World Trade Center",5.9,0,0,1,0,1,0,63,162.945894,1,2006
19.718544,117,"Mona Lisa Smile",6.5,0,0,1,0,0,1,65,0,1,2003
31.349143,83,"The Dictator",5.9,0,1,0,0,0,0,65,179.379533,1,2012
27.870312,159,"Eyes Wide Shut",7.1,0,0,1,0,0,0,65,162.091208,1,1999
33.439187,119,"Annie",6,0,1,1,0,0,0,65,133.821816,1,2014
59.634029,105,"Focus",6.7,0,1,1,0,0,1,50.1,153.962963,1,2015
38.994297,103,"This Means War",5.9,1,1,0,0,0,1,65,156.974557,1,2012
49.660055,123,"Blade: Trinity",5.7,1,0,0,0,1,0,65,128.905366,1,2004
11.743085,114,"Red Dawn",6.4,1,0,0,0,1,0,4.2,38.376497,1,1984
9.110247,143,"Primary Colors",6.1,0,1,1,0,0,0,65,0,1,1998
6.227675,95,"Resident Evil: Retribution",5.6,1,0,0,0,0,0,65,240.159255,1,2012
42.57877,105,"Death Race",6,1,0,0,0,1,0,45,73.762516,1,2008
15.858629,120,"The Long Kiss Goodnight",6.5,1,0,0,0,1,0,65,89.456761,1,1996
14.866901,135,"Proof of Life",6,1,0,1,0,1,1,65,0,1,2000
146.757391,139,"Fight Club",8.3,0,0,1,0,0,0,63,100.853753,1,1999
8.629665,124,"We Are Marshall",6.7,0,0,1,0,0,0,65,43.545364,1,2006
16.803457,100,"Hudson Hawk",5.4,1,1,0,0,0,0,65,17.21808,1,1991
2.952595,105,"Lucky Numbers",4.9,1,1,0,0,1,1,65,0,1,2000
31.324734,92,"I, Frankenstein",5,0,0,0,0,1,0,65,71.154592,1,2014
20.415572,130,"Oliver Twist",6.7,0,0,1,0,0,0,50,42.093706,1,2005
28.613892,97,"Elektra",4.8,1,0,0,0,0,0,43,56.681566,1,2005
85.428395,102,"Sin City: A Dame to Kill For",6.3,0,0,0,0,1,0,65,39.407616,1,2014
4.137237,133,"Random Hearts",5.3,0,0,1,0,0,1,64,74.60857,1,1999
60.246978,121,"Everest",6.7,0,0,1,0,0,0,55,203.427584,1,2015
42.551902,147,"Perfume: The Story of a Murderer",7.1,0,0,1,0,0,0,50,132.180323,1,2006
40.137264,94,"Austin Powers in Goldmember",5.9,0,1,0,0,0,0,63,296.655431,1,2002
24.857079,94,"Astro Boy",6.1,1,0,0,1,0,0,65,44.091067,1,2009
13.859307,191,"Wyatt Earp",6.5,1,0,1,0,0,0,63,25.052,1,1994
18.832471,141,"Clear and Present Danger",6.4,1,0,1,0,1,0,62,215.887717,1,1994
9.568884,127,"Dragon Blade",5.9,1,0,1,0,0,0,65,121.545703,0,2015
12.421504,98,"Little Man",5.3,0,1,0,0,0,0,64,101.595121,1,2006
18.096884,116,"U-571",6.1,1,0,1,0,1,0,62,127.666415,1,2000
11.056763,106,"The American President",6.5,0,1,1,0,0,1,62,107.879496,1,1995
13.218008,87,"The Love Guru",4.3,0,1,0,0,0,1,62,41.819064,1,2008
11.262655,125,"3000 Miles to Graceland",5.8,1,1,0,0,1,0,62,18.720175,1,2001
68.717016,167,"The Hateful Eight",7.6,0,0,1,0,0,0,44,155.760117,1,2015
19.412028,93,"Blades of Glory",5.9,1,1,1,0,0,0,53,0,1,2007
16.791058,95,"Hop",5.5,0,1,0,1,0,0,63,183.953723,1,2011
65.197968,117,"300",7,1,0,0,0,0,0,65,422.610419,1,2006
32.829538,115,"Meet the Fockers",6.1,0,1,0,0,0,1,80,516.642939,1,2004
30.951203,115,"Marley & Me",6.9,0,1,0,0,0,0,60,244.082376,1,2008
103.698022,189,"The Green Mile",8.2,0,0,1,0,0,0,60,284.6,1,1999
31.719463,100,"Wild Hogs",5.6,1,1,0,0,0,0,0,253.625427,1,2007
47.973995,81,"Chicken Little",5.6,0,1,0,1,0,0,150,314.432665,1,2005
143.041543,145,"Gone Girl",7.9,0,0,1,0,1,0,61,369.330363,1,2014
86.476817,119,"The Bourne Identity",7.3,1,0,1,0,1,0,60,214.034224,1,2002
59.824565,130,"GoldenEye",6.6,1,0,0,0,1,0,58,352.194034,1,1995
18.345613,116,"The General's Daughter",6.1,0,0,1,0,1,0,60,149.705852,1,1999
56.488027,103,"The Truman Show",7.8,0,1,1,0,0,0,60,264.118201,1,1998
29.464852,99,"The Prince of Egypt",6.8,0,0,1,1,0,0,70,218.613188,1,1998
18.106021,92,"Daddy Day Care",5.6,0,1,0,0,0,0,60,164.433867,1,2003
42.881415,109,"2 Guns",6.6,1,1,0,0,0,0,61,131.940411,1,2013
18.735024,87,"Cats & Dogs",5,0,1,0,0,0,0,60,93.375151,1,2001
62.766854,110,"The Italian Job",6.6,1,0,0,0,0,0,60,176.070171,1,2003
24.153567,101,"Two Weeks Notice",5.9,0,1,0,0,0,1,60,93.354918,1,2002
41.515702,83,"Antz",6,0,1,0,1,0,0,60,171.757863,1,1998
26.676487,113,"Couples Retreat",5.3,0,1,0,0,0,1,70,171.84484,1,2009
18.831023,94,"Cheaper by the Dozen 2",5.7,0,1,0,0,0,0,60,129.18183,1,2005
113.161483,132,"Maze Runner: The Scorch Trials",6.4,1,0,0,0,0,0,61,311.256926,1,2015
28.800112,133,"Eat Pray Love",5.8,0,0,1,0,0,0,60,204.594016,1,2010
19.705489,125,"The Family Man",6.5,0,1,1,0,0,1,60,0,1,2000
41.430245,111,"RED",6.6,1,1,0,0,1,0,58,71.664962,1,2010
23.127561,163,"Any Given Sunday",6.8,0,0,1,0,0,0,55,100.230832,1,1999
12.867352,170,"The Horse Whisperer",6.7,0,0,1,0,0,1,60,186.883563,1,1998
44.815022,120,"Collateral",7,0,0,1,0,1,0,65,217.764291,1,2004
37.537093,92,"The Scorpion King",5.3,1,0,0,0,0,0,60,165.33318,1,2002
10.99991,115,"Ladder 49",6.2,1,0,1,0,1,0,60,74.541707,1,2004
56.868399,130,"Jack Reacher",6.3,0,0,1,0,1,0,60,218.340595,1,2012
22.991269,105,"Deep Blue Sea",5.6,1,0,0,0,1,0,60,73.648228,1,1999
38.820858,106,"Contagion",6.2,0,0,1,0,1,0,60,137.551594,1,2011
10.292864,89,"Kangaroo Jack",4.3,0,1,0,0,0,0,0,0,1,2003
51.146047,100,"Coraline",7.3,0,0,0,1,0,0,60,124.596398,1,2009
20.501582,91,"The Happening",4.9,0,0,0,0,1,0,60,163.403799,1,2008
45.299089,146,"Man on Fire",7.3,1,0,1,0,1,0,70,130.293714,1,2004
4.280619,98,"The Shaggy Dog",4.5,0,1,0,0,0,0,50,61.112916,1,2006
28.848842,101,"Starsky & Hutch",5.6,0,1,0,0,0,0,60,170.26875,1,2004
22.501041,89,"Jingle All the Way",5.5,0,1,0,0,0,0,60,129.832389,1,1996
47.479755,122,"Hellboy",6.5,1,0,0,0,0,0,66,99.318987,1,2004
10.147321,115,"A Civil Action",6.1,0,0,1,0,0,0,70,56.702901,1,1998
39.539045,90,"ParaNorman",6.7,0,1,0,1,0,0,60,107.139399,1,2012
19.747459,124,"The Jackal",6.1,1,0,0,0,1,0,60,159.33028,1,1997
29.018826,119,"Paycheck",5.9,1,0,0,0,1,0,60,96.269812,1,2003
4.801849,119,"Up Close & Personal",5.9,0,0,1,0,0,1,60,0,1,1996
16.493576,93,"The Tale of Despereaux",5.8,0,0,0,1,0,0,60,50.877145,1,2008
21.549232,98,"The Tuxedo",5.3,1,1,0,0,1,0,0,0,1,2002
13.080725,100,"Under Siege 2: Dark Territory",5.6,1,0,0,0,1,0,60,104.324083,1,1995
42.538258,105,"Jack Ryan: Shadow Recruit",5.9,1,0,1,0,1,0,60,50.549107,1,2014
29.876507,124,"Joy",6.4,0,1,1,0,0,0,60,101.134059,1,2015
61.849521,99,"London Has Fallen",5.8,1,0,0,0,1,0,60,205.754447,1,2016
37.44963,109,"Alien: Resurrection",5.9,1,0,0,0,0,0,70,162,1,1997
37.378081,124,"Shooter",6.9,1,0,1,0,1,0,61,95.696996,1,2007
30.656345,97,"The Boxtrolls",6.6,0,1,0,1,0,0,60,108.25577,1,2014
15.142701,104,"Practical Magic",6.3,0,1,1,0,0,0,75,46.683377,1,1998
59.547928,100,"The Lego Movie",7.5,0,1,0,1,0,0,60,469.160692,1,2014
19.998581,115,"Miss Congeniality 2: Armed and Fabulous",5.3,1,1,0,0,0,0,0,0,1,2005
27.615108,101,"Reign of Fire",6,1,0,0,0,0,0,60,43.061982,1,2002
29.041198,113,"Gangster Squad",6.2,1,0,1,0,1,0,60,105.200903,1,2013
25.293538,97,"Year One",4.6,0,1,0,0,0,0,60,62.3579,1,2009
23.85119,134,"Invictus",7,0,0,1,0,0,0,60,122.233971,1,2009
21.685719,127,"State of Play",6.7,1,0,0,0,0,0,60,87.784194,1,2009
13.630049,125,"Duplicity",5.7,0,1,0,0,0,1,78.146652,60,1,2009
6.80692,94,"My Favorite Martian",5.1,0,1,1,0,0,0,65,36.850101,1,1999
15.352807,108,"The Sentinel",5.8,1,0,0,0,1,0,60,77.920346,1,2006
23.661071,91,"Planet 51",5.6,0,1,0,1,0,0,70,104.945765,1,2009
21.605533,117,"Star Trek: Nemesis",6.1,1,0,0,0,1,0,60,67.312826,1,2002
22.620125,100,"Intolerable Cruelty",5.8,0,1,0,0,0,1,60,119.940815,1,2003
18.587114,111,"Trouble with the Curve",6.6,0,0,1,0,0,1,0,0,1,2012
24.657931,117,"Edge of Darkness",6.2,0,0,1,0,1,0,80,74.901339,1,2010
12.621769,110,"The Relic",5.8,0,0,0,0,1,0,60,33.956608,1,1997
21.08952,96,"Analyze That",5.7,0,1,0,0,0,0,60,55.003135,1,2002
18.380176,101,"Righteous Kill",5.9,1,0,1,0,1,0,60,73.174566,1,2008
18.877795,111,"Mercury Rising",6,1,0,1,0,1,0,60,0,1,1998
17.299333,109,"The Soloist",6.6,0,0,1,0,0,0,60,31.720158,1,2009
16.848899,126,"The Legend of Bagger Vance",6.3,0,0,1,0,0,0,80,39.459427,1,2000
21.547446,122,"Almost Famous",7.4,0,0,1,0,0,0,60,47.383689,1,2000
16.930969,78,"Garfield: A Tail of Two Kitties",5.1,0,1,0,1,0,0,0,141.702264,1,2006
36.689223,101,"xXx: State of the Union",4.7,1,0,1,0,1,0,60,71.073932,1,2005
28.350927,87,"Priest",5.4,1,0,0,0,1,0,60,78.309131,1,2011
18.815442,86,"Sinbad: Legend of the Seven Seas",6.6,0,0,0,1,0,0,60,26.28832,1,2003
8.927137,104,"Dragonfly",6.1,0,0,1,0,0,0,60,52.3224,1,2002
15.213484,121,"The Black Dahlia",5.7,0,0,1,0,0,0,50,49.111202,1,2006
13.155999,140,"Flyboys",6.3,1,0,1,0,0,1,60,17.8,1,2006
15.433244,131,"The Last Castle",7,1,0,1,0,1,0,72,27.642707,1,2001
5.762037,91,"Supernova",4.9,0,0,0,0,1,0,90,14.828081,1,2000
22.736038,118,"Winter's Tale",6,0,0,1,0,0,1,60,30.800231,1,2014
45.514031,130,"The Mortal Instruments: City of Bones",6.2,1,0,1,0,0,1,60,90.565421,1,2013
18.676291,90,"Meet Dave",5,0,1,0,0,0,0,60,50.650079,1,2008
14.376463,105,"Dark Water",5.3,0,0,1,0,1,0,30,25.473093,1,2005
14.298297,122,"Edtv",5.7,0,1,0,0,0,0,80,0,1,1999
14.84856,103,"The Spirit",4.7,1,1,0,0,1,0,60,39.031337,1,2008
52.417529,106,"Mortdecai",5.4,0,1,0,0,0,0,60,30.41856,1,2015
15.406173,127,"In the Name of the King: A Dungeon Siege Tale",4.1,1,0,1,0,0,0,60,0,1,2007
6.523472,127,"Beyond Borders",6.7,0,0,1,0,0,1,35,0,1,2003
4.72629,120,"The Monkey King 2",6,1,0,0,0,0,0,68.49,193.677158,0,2016
8.923215,132,"The Great Raid",6.8,1,0,0,0,0,0,80,10.166502,1,2005
514.569956,108,"Deadpool",7.4,1,1,0,0,0,0,58,783.112979,1,2016
9.265672,114,"Holy Man",4.9,0,1,1,0,0,0,60,0,1,1998
87.53437,133,"American Sniper",7.4,1,0,0,0,0,0,58.8,542.307423,1,2014
45.351617,103,"Goosebumps",6.2,0,1,0,0,0,0,58,158.162788,1,2015
13.43573,95,"Just Like Heaven",6.5,0,1,0,0,0,1,58,102.854431,1,2005
6.248309,90,"The Flintstones in Viva Rock Vegas",4.4,0,1,0,0,0,1,83,59.468275,1,2000
31.294717,102,"Rambo III",5.7,1,0,0,0,1,0,63,189.015611,1,1988
7.739276,114,"Leatherheads",5.7,0,1,1,0,0,1,58,41.299492,1,2008
19.694695,119,"The Ridiculous 6",4.9,0,1,0,0,0,0,60,0,1,2015
14.403696,103,"Did You Hear About the Morgans?",5.1,0,1,0,0,0,0,58,85.28025,1,2009
1.551497,119,"The Internship",6.1,0,1,0,0,0,0,58,44,1,2013
2.143764,97,"Resident Evil: Afterlife",5.8,1,0,0,0,0,0,60,300.228084,1,2010
12.29603,125,"Red Tails",5.9,1,0,1,0,0,0,58,50.365377,1,2012
33.8473,144,"The Devil's Advocate",7.2,0,0,1,0,1,0,57,152.94466,1,1997
21.723897,116,"That's My Boy",5.5,0,1,0,0,0,0,70,58.058367,1,2012
14.113066,97,"After the Sunset",6,1,1,1,0,0,0,60,61.347797,1,2004
48.622278,95,"Ghost Rider: Spirit of Vengeance",4.7,1,0,0,0,1,0,57,149.217355,1,2011
9.061866,131,"Captain Corelli's Mandolin",5.5,0,0,1,0,0,1,57,62.112895,1,2001
35.4763,95,"The Pacifier",5.8,1,1,1,0,1,0,56,113.00688,1,2005
23.438398,86,"Walking Tall",6,1,0,1,0,1,0,56,57.22389,1,2004
138.133331,142,"Forrest Gump",8.2,0,1,1,0,0,1,55,677.945399,1,1994
47.336034,92,"Alvin and the Chipmunks",5.5,0,1,0,1,0,0,60,361.366633,1,2007
29.97224,108,"Meet the Parents",6.6,0,1,0,0,0,1,55,330.444045,1,2000
47.845589,81,"Pocahontas",6.7,0,0,1,1,0,0,55,346.079773,1,1995
48.507081,143,"Superman",6.9,1,0,0,0,0,0,55,300.218018,1,1978
20.28119,95,"The Nutty Professor",5.4,0,1,0,0,0,1,54,128.769345,1,1996
34.576913,118,"Hitch",6.4,0,1,1,0,0,1,70,368.10042,1,2005
22.573237,92,"George of the Jungle",5.4,0,1,0,0,0,1,55,0,1,1997
36.194802,103,"American Wedding",6,0,1,0,0,0,1,55,231.449203,1,2003
52.786917,134,"Captain Phillips",7.6,1,0,1,0,1,0,55,95,1,2013
38.06168,97,"Date Night",5.9,0,1,0,0,0,0,55,152.26388,1,2010
19.830132,100,"Casper",6,0,1,0,0,0,0,50,287.928194,1,1995
79.922059,132,"The Equalizer",7.1,1,0,0,0,1,0,55,192.330738,1,2014
19.738215,105,"Maid in Manhattan",5.6,0,1,1,0,0,1,55,154.906693,1,2002
20.334629,116,"Crimson Tide",7,1,0,1,0,1,0,53,157.387195,1,1995
80.581367,117,"The Pursuit of Happyness",7.7,0,0,1,0,0,0,55,307.077295,1,2006
32.05145,98,"Flightplan",6.1,0,0,1,0,1,0,55,223.387299,1,2005
15.064058,123,"Disclosure",5.9,0,0,1,0,1,1,55,214.015089,1,1994
21.272734,114,"City of Angels",6.4,0,0,1,0,0,1,55,198.685114,1,1998
79.754966,111,"Kill Bill: Vol. 1",7.7,1,0,0,0,0,0,30,180.949,1,2003
13.191829,97,"Bowfinger",6,0,1,0,0,0,0,55,0,1,1999
50.622607,136,"Kill Bill: Vol. 2",7.6,1,0,0,0,1,0,30,152.159461,1,2004
22.787667,104,"Tango & Cash",6.1,1,1,0,0,0,0,55,63.408614,1,1989
29.498304,104,"Death Becomes Her",6.3,0,1,0,0,0,0,55,149.02265,1,1992
25.400935,110,"Shanghai Noon",6.2,1,1,0,0,0,0,55,56.932305,1,2000
17.231675,133,"Executive Decision",5.8,1,0,1,0,1,0,55,121.969216,1,1996
32.835777,94,"Mr. Popper's Penguins",5.7,0,1,0,0,0,0,55,187.361754,1,2011
17.097041,104,"The Forbidden Kingdom",6.3,1,0,0,0,0,0,55,127.906624,1,2008
14.414937,91,"Free Birds",5.7,0,1,0,1,0,0,55,110,1,2013
45.856409,114,"Alien³",6.2,1,0,0,0,0,0,50,159.773545,1,1992
7.027139,134,"Evita",5.9,0,0,1,0,0,0,55,141.047179,1,1996
32.657488,122,"Ronin",6.7,1,0,0,0,1,0,55,41.610884,1,1998
39.882276,95,"Paddington",7,0,1,0,0,0,0,55,259.207227,1,2014
39.395881,98,"The Watch",5.3,0,1,0,0,0,0,68,68.267862,1,2012
8.634954,94,"The Hunted",6,1,0,1,0,1,0,55,34.234008,1,2003
7.386394,126,"Instinct",6.2,0,0,1,0,1,0,80,0,1,1999
8.802525,118,"Stuck on You",5.1,0,1,0,0,0,0,55,33.828318,1,2003
10.449975,91,"Semi-Pro",5.4,0,1,0,0,0,0,0,33.47285,1,2008
23.700759,88,"The Pirates! In an Adventure with Scientists!",6.4,0,1,0,1,0,0,60,118.338361,1,2012
27.50916,141,"Changeling",7.3,0,0,1,0,0,0,55,113.020255,1,2008
20.58862,107,"Chain Reaction",5.3,1,0,1,0,1,0,50,60.209334,1,1996
4.366488,116,"The Fan",5.7,0,0,1,0,1,0,55,18.626419,1,1996
18.927463,143,"The Phantom of the Opera",7,0,0,1,0,1,1,70,154.648887,1,2004
15.274137,114,"Elizabeth: The Golden Age",6.6,0,0,1,0,0,1,55,74.237563,1,2007
29.954302,93,"Æon Flux",5.4,1,0,0,0,0,0,62,52.304001,1,2005
4.362535,214,"Gods and Generals",6.1,0,0,1,0,0,0,56,12.923936,1,2003
4.700024,100,"Turbulence",5.2,1,0,0,0,1,0,55,11.466088,1,1997
12.340384,107,"Imagine That",5.7,0,1,0,0,0,0,55,0,1,2009
14.808304,112,"Muppets Most Wanted",6.2,0,1,0,0,0,0,50,80.38329,1,2014
9.27875,95,"Thunderbirds",4.2,1,1,0,0,0,0,57,28.283637,1,2004
22.863516,119,"Burlesque",6.9,0,0,1,0,0,1,55,89.519773,1,2010
23.05451,133,"A Very Long Engagement",7.1,0,0,1,0,0,0,47,0,0,2004
23.962109,153,"Lolita",7.3,0,0,1,0,0,1,2,9.25,1,1962
12.669778,96,"D-Tox",5.3,1,0,0,0,1,0,55,6.416302,1,2002
67.169587,117,"Blade II",6.2,1,0,0,0,1,0,54,155.010032,1,2002
41.472404,123,"Seven Pounds",7.5,0,0,1,0,0,0,55,168.167691,1,2008
22.503935,92,"Bullet to the Head",5.2,1,0,0,0,1,0,55,9.489829,1,2013
59.194915,162,"The Godfather: Part III",7.1,0,0,1,0,1,0,54,136.766062,1,1990
22.894898,123,"Elizabethtown",6.1,0,1,1,0,0,1,57,52.034889,1,2005
18.600367,108,"You, Me and Dupree",5.4,0,1,0,0,0,1,54,130.431368,1,2006
30.515175,127,"Superman II",6.5,1,0,0,0,0,0,54,190.458706,1,1980
9.053456,121,"Gigli",3.5,0,0,1,0,0,0,54,7.266209,1,2003
7.768223,125,"All the King's Men",5.7,0,0,1,0,1,0,55,9.450897,1,2006
19.643365,99,"Shaft",5.5,1,0,0,0,1,0,46,107.196498,1,2000
45.565918,94,"Anastasia",7.4,0,0,0,1,0,0,53,139.804348,1,1997
57.374341,127,"Moulin Rouge!",7.4,0,0,1,0,0,1,52.5,179.213434,1,2001
8.41856,89,"Domestic Disturbance",5.4,0,0,0,0,1,0,75,54.249294,1,2001
46.049902,122,"Black Mass",6.3,0,0,1,0,0,0,53,98.837872,1,2015
23.9366,132,"Flags of Our Fathers",6.7,0,0,1,0,0,0,90,65.900249,1,2006
49.593978,109,"Law Abiding Citizen",7.2,0,0,1,0,1,0,53,126.690726,1,2009
16.637642,191,"Grindhouse",6.8,1,0,0,0,1,0,67,25.037897,1,2007
1.453765,172,"Beloved",5.9,0,0,1,0,1,0,0,0,1,1998
6.162872,124,"Lucky You",5.4,0,0,1,0,0,1,0,5.761917,1,2007
73.944049,141,"Catch Me If You Can",7.7,0,0,1,0,0,0,52,352.114312,1,2002
38.306954,157,"Zero Dark Thirty",6.7,0,0,1,0,1,0,40,132.820716,1,2012
26.251217,106,"The Break-Up",5.6,0,1,0,0,0,1,52,204.999686,1,2006
30.780599,108,"Mamma Mia!",6.4,0,1,0,0,0,1,52,609.841637,1,2008
25.41929,125,"Valentine's Day",5.7,0,1,0,0,0,1,52,216.485654,1,2010
15.98212,104,"The Dukes of Hazzard",5.1,1,1,0,0,0,0,50,110.803676,1,2005
40.072583,170,"The Thin Red Line",7.2,0,0,1,0,0,0,52,98.126565,1,1998
32.015477,112,"The Change-Up",5.9,0,1,0,0,0,0,52,75.450437,1,2011
24.444186,118,"Man on the Moon",6.9,0,1,1,0,0,1,82,47.43443,1,1999
40.06688,178,"Casino",7.8,0,0,1,0,0,0,52,116.112375,1,1995
27.916284,92,"From Paris with Love",6.1,1,0,0,0,1,0,52,52.826594,1,2010
15.20707,104,"Bulletproof Monk",5.1,1,1,0,0,0,0,52,0,1,2003
39.001682,116,"Me, Myself & Irene",6.1,0,1,0,0,0,0,51,149.270999,1,2000
10.430832,90,"Barnyard",5.3,0,1,0,1,0,0,51,72.779,1,2006
5.952527,93,"Deck the Halls",5.1,0,1,0,0,0,0,0,47.23107,1,2006
94.815867,130,"The Twilight Saga: New Moon",5.6,0,0,1,0,0,1,50,709.827462,1,2009
67.298732,90,"Shrek",7.3,0,1,0,1,0,0,60,484.409218,1,2001
26.60772,106,"The Adjustment Bureau",6.5,0,0,0,0,1,1,50.2,127.869379,1,2011
27.039636,139,"Jerry Maguire",6.7,0,1,1,0,0,1,50,273.552592,1,1996
68.87691,106,"Ted",6.3,0,1,0,0,0,0,50,549.368315,1,2012
37.885022,139,"As Good as It Gets",7.2,0,1,0,0,0,1,50,314.178011,1,1997
35.537397,115,"Patch Adams",7,0,1,1,0,0,0,50,202.292902,1,1998
38.125008,119,"Anchorman 2: The Legend Continues",6,0,1,0,0,0,0,50,173.649015,1,2013
18.121404,96,"Mr. Deeds",5.6,0,1,0,0,0,1,50,171.269535,1,2002
37.069253,112,"Super 8",6.6,0,0,0,0,1,0,50,260.095987,1,2011
30.347332,131,"Erin Brockovich",7.1,0,0,1,0,0,0,52,256.271286,1,2000
23.854701,116,"How to Lose a Guy in 10 Days",6.3,0,1,0,0,0,1,50,177.371441,1,2003
52.380982,112,"22 Jump Street",7,1,1,0,0,0,0,50,188.441614,1,2014
50.163785,123,"Interview with the Vampire",7.2,0,0,0,0,0,1,60,223.664608,1,1994
43.849351,104,"Yes Man",6.4,0,1,0,0,0,0,70,225.990978,1,2008
45.318703,107,"Central Intelligence",6.2,1,1,0,0,0,0,50,216.972543,1,2016
16.368283,124,"Stepmom",6.9,0,0,1,0,0,1,0,0,1,1998
38.616744,96,"Daddy's Home",5.8,0,1,0,0,0,0,50,242.786137,1,2015
65.90161,125,"Into the Woods",5.6,0,1,0,0,0,0,50,212.902372,1,2014
45.220386,129,"Inside Man",7.3,0,0,1,0,1,0,45,184.376254,1,2006
17.457947,100,"Payback",6.7,1,0,1,0,1,0,90,161.626121,1,1999
10.755847,109,"Congo",5,1,0,1,0,1,0,50,152.022101,1,1995
38.629763,124,"We Bought a Zoo",6.5,0,1,1,0,0,0,50,120.081841,1,2011
32.693093,121,"Knowing",5.9,1,0,1,0,1,0,50,155.446362,1,2009
18.806031,97,"Failure to Launch",5.5,0,1,0,0,0,0,50,88.715192,1,2006
32.233713,110,"The Ring Two",5.4,0,0,1,0,1,0,50,161.451538,1,2005
37.990705,118,"Crazy, Stupid, Love.",7,0,1,1,0,0,1,50,142.851197,1,2011
17.667826,80,"Garfield",5.2,0,1,0,1,0,0,50,200.804534,1,2004
9.225166,99,"Christmas with the Kranks",5.2,0,1,0,0,0,0,60,0,1,2004
46.180421,133,"Moneyball",7,0,0,1,0,0,0,50,110.206216,1,2011
30.397496,127,"Outbreak",6.3,1,0,1,0,1,0,50,189.85956,1,1995
83.295796,106,"Non-Stop",6.8,1,0,0,0,1,0,50,222.8096,1,2014
23.935053,98,"Race to Witch Mountain",5.5,1,0,0,0,1,0,50,106.303988,1,2009
84.630969,132,"V for Vendetta",7.7,1,0,0,0,1,0,54,132.511035,1,2006
16.251204,115,"Shanghai Knights",6,1,1,0,0,0,0,50,88.323487,1,2003
9.894346,86,"Curious George",6.2,0,1,0,1,0,0,50,69.834815,1,2006
12.050755,101,"Herbie Fully Loaded",5.1,0,1,0,0,0,1,50,66.002004,1,2005
11.596207,113,"Don't Say a Word",6,0,0,0,0,1,0,50,100.020092,1,2001
53.02787,88,"Hansel & Gretel: Witch Hunters",5.7,1,0,0,0,0,0,50,224.803475,1,2013
14.382253,124,"Unfaithful",6.3,0,0,1,0,1,0,50,119.137784,1,2002
43.450266,109,"I Am Number Four",5.9,1,0,0,0,1,0,50,144.49283,1,2011
16.871194,128,"Syriana",6.3,0,0,1,0,1,0,50,94,1,2005
42.526529,144,"13 Hours: The Secret Soldiers of Benghazi",7,1,0,1,0,1,0,50,69.41137,1,2016
34.890999,95,"The Book of Life",7.3,0,1,0,1,0,1,50,97.437106,1,2014
18.186026,105,"Firewall",5.6,0,0,0,0,1,0,45,82.8,1,2006
13.576765,121,"Absolute Power",6.4,0,0,1,0,1,0,50,50.06831,1,1997
19.434672,125,"G.I. Jane",6,1,0,1,0,0,0,50,48.169156,1,1997
62.925175,129,"The Game",7.5,0,0,1,0,1,0,50,109.423648,1,1997
14.837288,118,"The Replacements",6.1,0,1,0,0,0,0,0,0,1,2000
39.920035,113,"American Reunion",6.1,0,1,0,0,0,0,50,234.989584,1,2012
28.725621,140,"The Negotiator",6.8,1,0,1,0,1,0,50,44.547681,1,1998
20.566554,89,"Into the Storm",5.8,1,0,0,0,1,0,50,160.602194,1,2014
20.333953,104,"Beverly Hills Cop III",5.5,1,1,0,0,0,0,50,119.208989,1,1994
33.98637,106,"Gremlins 2: The New Batch",6.2,0,1,0,0,0,0,50,41.482207,1,1990
42.472324,141,"The Judge",7.2,0,0,1,0,0,0,50,83.719388,1,2014
15.931084,124,"The Peacemaker",5.8,1,0,0,0,1,0,50,0,1,1997
29.880122,94,"Resident Evil: Apocalypse",6.1,1,0,0,0,0,0,45,129.394835,1,2004
28.803802,108,"Bridget Jones: The Edge of Reason",6.1,0,1,0,0,0,1,50,40.20302,1,2004
14.993459,105,"Out of Time",6.1,0,0,1,0,1,0,50,55.495563,1,2003
9.114168,102,"On Deadly Ground",4.5,1,0,0,0,1,0,50,49,1,1994
41.362082,119,"The Beach",6.3,0,0,1,0,1,1,40,144.056873,1,2000
13.298205,119,"Raising Helen",5.9,0,1,1,0,0,1,50,49.718611,1,2004
19.085403,99,"Ninja Assassin",6.2,1,0,0,0,1,0,40,60.462347,1,2009
9.622345,137,"For Love of the Game",6.3,0,0,1,0,0,1,50,0,1,1999
11.106006,115,"Striptease",4.4,0,0,1,0,1,0,50,113.309743,1,1996
12.25622,87,"Marmaduke",5,0,1,0,0,0,0,50,83.761844,1,2010
13.365715,129,"Hereafter",5.8,0,0,1,0,0,0,50,105.197635,1,2010
16.167093,120,"Murder by Numbers",6,0,0,1,0,1,0,50,56.714147,1,2002
23.073933,132,"Assassins",6,1,0,0,0,1,0,50,30.303072,1,1995
6.567065,121,"Hannibal Rising",6,0,0,1,0,1,0,50,82.169884,1,2007
6.22577,95,"The Story of Us",5.9,0,1,1,0,0,1,50,58.900031,1,1999
42.933027,125,"The Host",6,1,0,0,0,1,1,44,63.327201,1,2013
19.226763,98,"Basic",6.2,1,0,1,0,1,0,50,42.792561,1,2003
10.089065,110,"Blood Work",6.1,0,0,1,0,1,0,50,26.199517,1,2002
13.391833,118,"The International",6,0,0,1,0,1,0,50,60.161391,1,2009
21.637234,97,"Escape from L.A.",5.6,1,0,0,0,1,0,50,42.277365,1,1996
61.245957,86,"The Iron Giant",7.6,0,0,0,1,0,0,70,23.159305,1,1999
25.237969,119,"The Life Aquatic with Steve Zissou",7.1,0,1,1,0,0,0,50,34.808403,1,2004
21.589393,139,"Free State of Jones",6.6,1,0,1,0,1,0,50,25.03595,1,2016
22.442241,130,"The Life of David Gale",7.3,0,0,1,0,1,0,50,38.955598,1,2003
6.004422,100,"Man of the House",5.4,1,1,0,0,0,0,40,0,1,2005
74.64653,114,"Run All Night",6.3,1,0,1,0,1,0,50,71.561644,1,2015
35.481169,100,"Eastern Promises",7.2,0,0,0,0,1,0,51.5,55.112356,1,2007
14.723467,110,"Into the Blue",5.8,1,0,0,0,1,0,50,44.434439,1,2005
21.084542,148,"The Messenger: The Story of Joan of Arc",6.2,1,0,1,0,0,0,60,66.976317,0,1999
21.408222,102,"Your Highness",5.2,0,1,0,0,0,0,49.9,26.121638,1,2011
19.267479,84,"Dream House",5.8,0,0,1,0,1,0,50,38.50234,1,2011
3.314004,114,"Mad City",5.9,1,0,1,0,1,0,50,10.541523,1,1997
21.312186,99,"Baby's Day Out",5.8,1,1,0,0,0,0,50,16.671505,1,1994
7.44268,135,"The Scarlet Letter",5.5,0,0,1,0,0,1,50,10.382407,1,1995
12.54949,108,"Fair Game",6.5,0,0,1,0,1,0,22,24.188922,1,2010
18.394571,127,"Domino",6,1,0,0,0,0,0,50,22.944502,1,2005
8.189406,95,"Jade",5.2,1,0,0,0,1,1,50,9.85161,1,1995
27.631262,95,"Gamer",5.6,1,0,0,0,1,0,50,40.82854,1,2009
40.721373,124,"Beautiful Creatures",5.6,0,0,1,0,0,1,60,60.052138,1,2013
11.329727,109,"Death to Smoochy",5.9,0,1,1,0,1,0,55,0,1,2002
37.253774,100,"Zoolander 2",4.7,0,1,0,0,0,0,50,55.969,1,2016
6.397388,88,"The Big Bounce",5,0,1,0,0,0,0,50,6.80855,1,2004
2.275331,105,"What Planet Are You From?",5.4,0,1,1,0,0,1,60,0,1,2000
30.387148,105,"Drive Angry",5.3,1,0,0,0,1,0,50,28.931401,1,2011
8.139676,97,"Street Fighter: The Legend of Chun-Li",3.9,1,0,0,0,1,0,50,12.764201,1,2009
21.746245,87,"The One",5.7,1,0,0,0,1,0,49,72.7,1,2001
2.808428,104,"The Adventures of Ford Fairlane",6.2,1,1,0,0,1,0,49,20.423389,1,1990
31.02233,116,"The Boat That Rocked",7.2,0,1,1,0,0,0,50,36.348784,1,2009
25.170217,147,"Traffic",6.9,0,0,1,0,1,0,48,207.515725,1,2000
80.972475,127,"Indiana Jones and the Last Crusade",7.6,1,0,0,0,0,0,48,474.171806,1,1989
26.38704,130,"Anna Karenina",6.5,0,0,1,0,0,1,0,68.92915,1,2012
116.700319,120,"Chappie",6.6,1,0,0,0,0,0,49,104.399548,1,2015
33.884459,118,"The Bone Collector",6.5,0,0,1,0,1,0,73,151.493655,1,1999
53.043124,111,"Panic Room",6.5,0,0,1,0,1,0,48,196.397415,1,2002
34.973086,114,"Three Kings",6.6,1,1,0,0,0,0,75,108,1,1999
40.371098,137,"Child 44",6.1,0,0,0,0,1,0,50,3.32433,1,2015
18.60049,112,"Rat Race",6,0,1,0,0,0,0,48,85.498534,1,2001
30.920075,120,"K-PAX",7.1,0,0,1,0,0,0,48,50.31514,1,2001
11.940711,118,"Kate & Leopold",6,0,1,0,0,0,1,0,0,1,2001
19.348007,93,"Bedazzled",5.6,0,1,0,0,0,1,48,90.383208,1,2000
8.59075,127,"The Cotton Club",6.6,0,0,1,0,0,1,58,25.928721,1,1984
88.844777,109,"Taken 3",6.1,1,0,0,0,1,0,48,325.771424,1,2014
16.000178,123,"Out of Sight",6.5,0,1,0,0,0,1,48,77.745568,1,1998
19.525659,96,"The Cable Guy",5.7,0,1,1,0,1,0,47,102.825796,1,1996
1.246883,101,"Earth",6.6,0,0,1,0,0,0,0,0.528972,0,1998
7.859226,103,"Dick Tracy",5.9,1,1,0,0,1,0,47,103.738726,1,1990
18.102572,113,"The Thomas Crown Affair",6.6,0,0,1,0,0,1,48,124.305181,1,1999
7.226115,132,"Riding in Cars with Boys",6.5,0,1,1,0,0,1,48,35.743308,1,2001
63.071046,93,"First Blood",7.2,1,0,0,0,1,0,15,125.212904,1,1982
24.132271,167,"Solaris",7.7,0,0,1,0,0,0,0,0,0,1972
10.410933,75,"Happily N'Ever After",4.6,0,1,0,1,0,0,47,38.085778,1,2006
6.067212,104,"Mary Reilly",5.7,0,0,1,0,1,1,47,12.379402,1,1996
15.401855,105,"My Best Friend's Wedding",6.3,0,1,0,0,0,1,38,299.288605,1,1997
10.698929,102,"America's Sweethearts",5.5,0,1,0,0,0,1,0,0,1,2001
41.322708,118,"Insomnia",6.8,0,0,0,0,1,0,46,113.71483,1,2002
25.6713,111,"Star Trek: First Contact",7,1,0,0,0,1,0,46,150,1,1996
22.581313,80,"Jonah Hex",4.4,1,0,1,0,1,0,47,10.539,1,2010
12.971122,117,"Courage Under Fire",6.2,0,0,1,0,1,0,46,100.860818,1,1996
26.721386,86,"Liar Liar",6.4,0,1,0,0,0,0,45,181,1,1997
24.672234,127,"The Infiltrator",6.6,0,0,1,0,1,0,25,15.436808,1,2016
0.146783,140,"Inchon",6.5,0,0,1,0,0,0,46,5.2,1,1981
28.964162,91,"The Flintstones",5,0,1,0,0,0,0,46,341.631208,1,1994
49.353524,91,"Taken 2",6.1,1,0,0,0,1,0,45,376.141306,1,2012
36.585509,84,"Scary Movie 3",5.8,0,1,0,0,0,0,48,220.673217,1,2003
32.624355,111,"Miss Congeniality",6.1,1,1,0,0,0,0,45,212,1,2000
53.090422,93,"Journey to the Center of the Earth",5.8,1,1,0,0,0,0,45,101.70206,1,2008
30.002907,113,"The Princess Diaries 2: Royal Engagement",6,0,1,1,0,0,1,40,95.149435,1,2004
17.923254,141,"The Pelican Brief",6.3,0,0,1,0,1,0,45,195.268056,1,1993
17.746719,119,"The Client",6.4,0,0,1,0,1,0,45,117.615211,1,1994
31.305336,97,"The Bucket List",7,0,1,1,0,0,0,45,175.372502,1,2007
19.637704,117,"Patriot Games",6.3,1,0,1,0,1,0,45,178.051587,1,1992
10.411996,101,"Monster-in-Law",5.6,0,1,0,0,0,1,43,154.749918,1,2005
88.496873,153,"Prisoners",7.9,0,0,1,0,1,0,46,122.126687,1,2013
52.081131,122,"Training Day",7.3,1,0,1,0,1,0,45,104.876233,1,2001
30.816341,102,"Galaxy Quest",6.9,0,1,0,0,0,0,45,90.683916,1,1999
35.376971,83,"Scary Movie 2",5.4,0,1,0,0,0,0,45,141.220678,1,2001
17.047276,103,"The Muppets",6.5,0,1,0,0,0,0,45,165.184237,1,2011
43.815492,120,"Blade",6.5,1,0,0,0,0,0,45,131.18353,1,1998
23.234651,136,"Coach Carter",7.3,0,0,1,0,0,0,30,76.669806,1,2005
17.270539,89,"Changing Lanes",5.9,1,0,0,0,1,0,45,94.935764,1,2002
27.684779,89,"Anaconda",4.7,0,0,0,0,1,0,45,136.885767,1,1997
26.79781,100,"Coyote Ugly",5.8,0,1,0,0,0,0,45,113.916474,1,2000
37.073127,135,"Love Actually",7,0,1,1,0,0,1,40,244.931766,1,2003
87.350802,95,"A Bug's Life",6.8,0,1,0,1,0,0,120,363.258859,1,1998
26.134678,122,"From Hell",6.6,0,0,0,0,1,0,35,74.558115,1,2001
16.582709,110,"The Specialist",5.5,1,0,0,0,1,0,45,170.362582,1,1994
10.731574,135,"Tin Cup",5.9,0,1,1,0,0,1,45,53.854588,1,1996
2.094151,111,"Yours, Mine and Ours",6.2,0,1,1,0,0,0,0,0,1,1968
8.99269,95,"Kicking & Screaming",5.6,0,1,0,0,0,1,45,56.070433,1,2005
51.742065,109,"The Hitchhiker's Guide to the Galaxy",6.6,0,1,0,0,0,0,50,104.478416,1,2005
7.157635,93,"Fat Albert",4.3,0,1,1,0,0,0,0,0,1,2004
12.06538,94,"Resident Evil: Extinction",6.1,1,0,0,0,0,0,45,148.412065,1,2007
44.120328,117,"Blended",6.6,0,1,0,0,0,0,40,123.49461,1,2014
6.156015,112,"Last Holiday",6.4,0,1,1,0,0,0,45,38.399961,1,2006
12.362876,111,"The River Wild",6.1,1,0,0,0,1,0,45,0,1,1994
31.856589,131,"Savages",6.2,0,0,1,0,1,0,45,82.966152,1,2012
24.459948,94,"Cellular",6.1,1,0,0,0,1,0,25,56.422687,1,2004
28.029015,88,"Johnny English",6,1,1,0,0,0,0,40,160.583018,1,2003
20.239061,88,"The Ant Bully",5.5,0,1,0,1,0,0,50,55.181129,1,2006
25.876582,137,"Dune",6.5,1,0,0,0,0,0,40,30.92569,1,1984
11.872841,133,"Across the Universe",7.1,0,0,1,0,0,1,0,0,1,2007
20.360549,119,"Revolutionary Road",6.7,0,0,1,0,0,1,35,75.225693,1,2008
32.31022,105,"16 Blocks",6.2,1,0,0,0,1,0,55,65.664721,1,2006
27.568194,101,"Babylon A.D.",5.4,1,0,0,0,1,0,70,72.108608,1,2008
6.250282,92,"The Glimmer Man",4.7,1,0,1,0,1,0,45,0,1,1996
11.120344,117,"Multiplicity",5.5,0,1,0,0,0,0,45,0,1,1996
13.707183,86,"Aliens in the Attic",5.3,0,1,0,0,0,0,45,57.881056,1,2009
12.495436,123,"The Pledge",6.5,0,0,1,0,1,0,35,29.4,1,2001
6.803965,134,"The Producers",6.1,0,1,0,0,0,0,45,38.058335,1,2005
9.025236,100,"The Phantom",4.7,1,0,0,0,0,0,45,17.300889,1,1996
7.524671,117,"All the Pretty Horses",5.8,0,0,1,0,0,1,57,0,1,2000
3.770161,192,"Nixon",7.1,0,0,1,0,0,0,44,13.681765,1,1995
21.118196,128,"The Ghost Writer",6.7,0,0,0,0,1,0,45,60.222298,1,2010
6.513856,106,"Deep Rising",6,1,0,0,0,0,0,45,11.203026,1,1998
11.387408,160,"Miracle at St. Anna",6.3,0,0,1,0,0,0,45,9.323833,1,2008
9.950505,114,"Curse of the Golden Flower",6.6,1,0,1,0,0,0,0.00011,0,0,2006
14.813057,99,"Bangkok Dangerous",5,1,0,0,0,1,0,45,42.48739,1,2008
5.201688,85,"Big Trouble",6.3,1,1,0,0,1,0,40,8.49389,1,2002
5.361699,139,"Love in the Time of Cholera",6.4,0,0,1,0,0,1,45,4.607608,1,2007
3.848893,103,"Shadow Conspiracy",4,1,0,0,0,1,0,45,2.15454,1,1997
35.6585,101,"Johnny English Reborn",6,1,1,0,0,1,0,45,160.078586,1,2011
5.258726,87,"Foodfight!",2.3,1,1,0,1,0,0,65,0.073706,1,2012
62.01056,120,"Argo",7.1,0,0,1,0,1,0,44.5,232.324128,1,2012
54.884297,130,"The Fugitive",7.2,1,0,0,0,1,0,44,368.87576,1,1993
33.747825,110,"The Bounty Hunter",5.5,1,0,0,0,0,0,40,136,1,2010
16.245068,147,"Sleepers",7.3,0,0,1,0,1,0,44,165.615285,1,1996
38.653969,96,"Rambo: First Blood Part II",6.3,1,0,0,0,1,0,44,300.400432,1,1985
3.937352,118,"The Juror",5.5,0,0,1,0,1,0,44,0,1,1996
46.007991,88,"Pinocchio",6.9,0,0,0,1,0,0,2.6,84.3,1,1940
5.380124,219,"Heaven's Gate",6.4,1,0,1,0,0,0,44,3.484331,1,1980
49.020045,106,"Underworld: Evolution",6.4,1,0,0,0,1,0,50,111.340801,1,2006
24.821138,109,"Victor Frankenstein",5.6,0,0,1,0,1,0,40,34.227298,1,2015
19.043286,136,"Finding Forrester",7,0,0,1,0,0,0,43,80.049764,1,2000
5.418921,103,"28 Days",6,0,1,1,0,0,0,43,0,1,2000
25.999888,103,"Unleashed",6.6,1,0,0,0,0,0,45,50.871113,1,2005
18.65632,84,"The Sweetest Thing",5.3,0,1,0,0,0,1,43,68.69677,1,2002
23.736535,154,"The Firm",6.6,0,0,1,0,1,0,42,270.248367,1,1993
21.75433,99,"Charlie St. Cloud",6.8,0,0,1,0,0,0,44,48.190704,1,2010
44.094856,93,"The Mechanic",6.3,1,0,0,0,1,0,40,51.070807,1,2011
62.714026,109,"21 Jump Street",6.7,1,1,0,0,0,0,42,201.585328,1,2012
28.969151,124,"Notting Hill",7,0,1,1,0,0,1,42,363.889678,1,1999
31.789029,84,"Chicken Run",6.5,0,1,0,1,0,0,45,224.834564,1,2000
33.238296,90,"Along Came Polly",5.8,0,1,0,0,0,1,42,171.963386,1,2004
6.420434,117,"Boomerang",5.4,0,1,0,0,0,1,40,70.1,1,1992
37.654688,117,"The Heat",6.5,1,1,0,0,0,0,43,158.67418,1,2013
13.244365,248,"Cleopatra",6.7,0,0,1,0,0,1,31.115,71,1,1963
26.799913,105,"Here Comes the Boom",6,0,1,0,0,0,0,0,73.100172,1,2012
14.046705,115,"High Crimes",6.1,0,0,1,0,1,0,42,63.78181,1,2002
3.844926,126,"The Mirror Has Two Faces",6.5,0,1,1,0,0,1,42,0,1,1996
14.733513,119,"The Mothman Prophecies",6.1,0,0,1,0,0,0,32,55.157539,1,2002
16.122168,83,"Brüno",5.4,0,1,0,0,0,0,42,0,1,2009
28.22119,133,"Licence to Kill",5.9,1,0,0,0,1,0,32,156.167015,1,1989
45.151657,100,"Red Riding Hood",5.6,0,0,0,0,1,0,42,89.162162,1,2011
15.205371,120,"15 Minutes",5.7,1,0,0,0,1,0,60,56.35998,1,2001
14.587367,104,"Super Mario Bros.",4,0,1,0,0,0,0,48,20.915465,1,1993
34.828241,122,"Lord of War",7,0,0,1,0,1,0,42,24.127895,1,2005
23.607392,99,"Hero",7.2,1,0,1,0,0,0,31,177.394432,0,2002
19.438503,91,"One for the Money",5.3,1,1,0,0,0,0,40,36.893721,1,2012
74.168016,112,"The Interview",6.1,1,1,0,0,0,0,44,12.342632,1,2014
7.349497,100,"The Warrior's Way",6.3,1,0,0,0,1,0,42,11.087569,1,2010
7.663515,100,"Micmacs",6.8,1,1,0,0,0,0,33,14,0,2009
32.798571,110,"8 Mile",6.8,0,0,1,0,0,0,41,215,1,2002
5.794466,100,"Why I Did (Not) Eat My Father",5.3,0,1,0,1,0,0,0,0,0,2015
36.670399,132,"A Knight's Tale",6.6,1,0,1,0,0,1,65,117.487473,1,2001
14.653718,88,"The Medallion",5.3,1,1,0,0,1,0,41,0,1,2003
73.085576,107,"The Sixth Sense",7.7,0,0,1,0,1,0,40,672.806292,1,1999
34.041407,102,"Man on a Ledge",6.2,1,0,0,0,1,0,42,46.221189,1,2012
9.419726,100,"The Big Year",5.6,0,1,0,0,0,0,41,7.448385,1,2011
28.456572,126,"The Karate Kid",6.9,0,0,1,0,0,0,8,90.815558,1,1984
49.664128,138,"American Hustle",6.8,0,0,1,0,0,0,40,251.171807,1,2013
36.238968,108,"The Proposal",6.7,0,1,1,0,0,1,40,317.375031,1,2009
19.439386,105,"Double Jeopardy",6.2,0,0,1,0,1,0,70,177.841558,1,1999
43.345252,108,"Back to the Future Part II",7.4,0,1,0,0,0,0,40,332,1,1989
115.241998,89,"Lucy",6.3,1,0,0,0,0,0,40,126.546825,1,2014
98.755657,125,"Fifty Shades of Grey",5.2,0,0,1,0,1,1,40,571.006128,1,2015
21.998734,84,"Spy Kids 3-D: Game Over",4.7,1,1,0,0,0,0,38,197.011982,1,2003
25.219805,149,"A Time to Kill",7,0,0,1,0,1,0,40,152.266007,1,1996
26.516624,98,"Cheaper by the Dozen",6,0,1,0,0,0,0,40,190.212113,1,2003
37.084384,121,"Lone Survivor",7.4,1,0,1,0,1,0,40,149.295601,1,2013
21.661028,128,"A League of Their Own",6.7,0,1,0,0,0,0,40,107.458785,1,1992
69.27822,120,"The Social Network",7.1,0,0,1,0,0,0,40,224.920315,1,2010
26.253357,129,"He's Just Not That Into You",6.2,0,1,1,0,0,1,40,177.259441,1,2009
32.549282,83,"Scary Movie 4",5.3,0,1,0,0,0,0,45,178.26262,1,2006
45.769562,118,"Back to the Future Part III",7.1,0,1,0,0,0,0,40,244.527583,1,1990
36.301202,100,"Get Hard",5.9,0,1,0,0,0,0,40,111.811453,1,2015
45.022964,128,"Dracula",7.1,0,0,0,0,0,1,40,215.862692,1,1992
22.853006,123,"Julie & Julia",6.6,0,0,1,0,0,1,40,129.540499,1,2009
31.884559,128,"42",6.8,0,0,1,0,0,0,40,95.020213,1,2013
31.385257,139,"The Talented Mr. Ripley",7,0,0,1,0,1,0,40,128.798265,1,1999
67.767785,110,"Dumb and Dumber To",5.4,0,1,0,0,0,0,40,169.83701,1,2014
24.287306,120,"Eight Below",6.7,0,0,1,0,0,0,40,120.455994,1,2006
53.114573,121,"The Intern",7.1,0,1,0,0,0,0,35,194.564672,1,2015
25.136082,102,"Ride Along 2",6.1,1,1,0,0,0,0,40,124.827316,1,2016
37.776566,112,"The Last of the Mohicans",7.1,1,0,1,0,0,1,40,75.505856,1,1992
21.743321,152,"Ray",7.2,0,0,1,0,0,0,40,124.731534,1,2004
66.003433,124,"Sin City",7.2,1,0,0,0,1,0,40,158.73382,1,2005
24.862767,90,"Vantage Point",6.2,1,0,1,0,1,0,40,151.161491,1,2008
25.391899,105,"I Love You, Man",6.5,0,1,0,0,0,0,41,91.636986,1,2009
29.854773,114,"Shallow Hal",5.7,0,1,0,0,0,1,40,141.06986,1,2001
26.82041,189,"JFK",7.5,0,0,1,0,1,0,40,205.405498,1,1991
17.61292,99,"Big Momma's House 2",5.4,0,1,0,0,0,0,40,138.259062,1,2006
21.021809,123,"The Mexican",5.8,1,1,0,0,0,1,57,147.845033,1,2001
52.571674,102,"17 Again",6.1,0,1,0,0,0,0,20,136.267476,1,2009
34.519636,109,"The Other Woman",6.2,0,1,0,0,0,1,40,196.781193,1,2014
48.445978,141,"Bridge of Spies",7.2,0,0,1,0,1,0,40,165.478348,1,2015
24.012986,106,"Behind Enemy Lines",6,1,0,1,0,1,0,40,91.753202,1,2001
17.869443,109,"Get Him to the Greek",5.9,0,1,0,0,0,0,40,90.029656,1,2010
14.231899,107,"Shall We Dance?",5.9,0,1,1,0,0,1,50,170.12846,1,2004
23.088571,110,"Small Soldiers",6.2,1,1,0,0,0,0,40,54.682547,1,1998
19.833664,96,"Spawn",5,1,0,0,0,1,0,40,87.840042,1,1997
26.595983,131,"The Count of Monte Cristo",7.3,1,0,1,0,1,0,35,75.395048,1,2002
26.072228,119,"The Lincoln Lawyer",7,0,0,1,0,1,0,40,85.412898,1,2011
38.643914,113,"Unknown",6.5,1,0,0,0,1,0,30,130.786397,1,2011
74.440708,130,"The Prestige",8,0,0,1,0,1,0,40,109.676311,1,2006
82.185281,108,"Horrible Bosses 2",6.1,0,1,0,0,0,0,42,107.670357,1,2014
18.14218,89,"Escape from Planet Earth",5.7,0,1,0,1,0,0,40,74.597643,1,2013
41.570047,139,"Apocalypto",7.3,1,0,1,0,1,0,40,120.17529,1,2006
23.331459,130,"The Living Daylights",6.2,1,0,0,0,1,0,40,191.185897,1,1987
47.649554,107,"Predators",6,1,0,0,0,1,0,40,126.248813,1,2010
7.519433,116,"Legal Eagles",5.8,0,1,1,0,1,1,0,0,1,1986
32.908414,96,"Secret Window",6.4,0,0,0,0,1,0,40,92.913171,1,2004
29.88736,99,"The Lake House",6.5,0,0,1,0,0,1,40,114.830111,1,2006
29.105407,104,"The Skeleton Key",6.4,0,0,1,0,1,0,43,91.974818,1,2005
16.394452,105,"The Odd Life of Timothy Green",6.5,0,1,1,0,0,0,0,51.854875,1,2012
19.574774,101,"Made of Honor",6,0,1,0,0,0,1,40,84.601681,1,2008
14.199933,134,"Jersey Boys",6.8,0,0,1,0,0,0,40,67.347013,1,2014
12.229516,135,"The Rainmaker",6.7,0,0,1,0,1,0,40,45.916769,1,1997
27.303608,98,"Gothika",5.8,0,0,0,0,1,0,40,141.591324,1,2003
3.698276,155,"Amistad",6.8,0,0,1,0,0,0,36,74,1,1997
39.381913,94,"Aliens vs Predator: Requiem",4.9,1,0,0,0,1,0,40,41.797066,1,2007
14.398356,95,"Ri¢hie Ri¢h",5.4,0,1,0,0,0,0,40,0,1,1994
8.680334,103,"Autumn in New York",5.7,0,0,1,0,0,1,65,0,1,2000
17.659032,96,"Music and Lyrics",6.2,0,1,0,0,0,1,40,145.896422,1,2007
43.151268,104,"Paul",6.5,0,1,0,0,0,0,40,97.55205,1,2011
15.283444,95,"The Guilt Trip",5.4,0,1,0,0,0,0,40,41.863726,1,2012
25.580272,123,"8MM",6.1,0,0,0,0,1,0,40,96.618699,1,1999
10.794175,140,"The Doors",6.7,0,0,1,0,0,0,38,34.416893,1,1991
72.641296,97,"Sex Tape",5.3,0,1,0,0,0,0,40,126.069509,1,2014
3.415534,94,"Hanging Up",5,0,1,1,0,0,0,40,36.037909,1,2000
6.786117,102,"Mickey Blue Eyes",5.3,0,1,0,0,0,1,0,0,1,1999
24.313684,122,"Pay It Forward",7,0,0,1,0,0,1,40,55.707411,1,2000
9.965073,103,"Fever Pitch",5.9,0,1,1,0,0,1,30,50.451307,1,2005
15.055732,102,"Drillbit Taylor",5.5,0,1,0,0,0,0,40,0,1,2008
32.808675,116,"A Million Ways to Die in the West",5.8,0,1,0,0,0,0,0,0,1,2014
8.178203,108,"The Shadow",5.4,1,0,0,0,1,0,25,48.063435,1,1994
31.066874,129,"Extremely Loud & Incredibly Close",6.9,0,0,1,0,0,0,40,55.247881,1,2011
22.491388,102,"Morning Glory",6.1,0,1,1,0,0,1,40,58.78518,1,2010
12.885985,117,"Get Rich or Die Tryin'",6.3,0,0,1,0,0,0,40,46.442528,1,2005
7.832337,117,"The Art of War",5.6,1,0,0,0,0,0,40,30.199105,1,2000
10.433667,135,"Rent",6.7,0,0,1,0,0,1,40,31.67062,1,2005
3.321949,107,"Bless the Child",4.9,0,0,1,0,1,0,40,0,1,2000
4.842626,90,"The Out-of-Towners",5,0,1,0,0,0,0,75,29,1,1999
3.296933,104,"The Musketeer",5.2,1,0,1,0,0,0,40,27.053815,1,2001
22.939557,115,"The Other Boleyn Girl",6.4,0,0,1,0,0,0,35,0,1,2008
19.372805,119,"Sweet November",6.4,0,0,1,0,0,1,40,65.754228,1,2001
17.002096,110,"Mean Streets",7.2,0,0,1,0,0,0,0.5,3,1,1973
4.516953,128,"Renaissance Man",5.9,0,1,0,0,0,0,40,24.332324,1,1994
33.785969,108,"Colombiana",6.5,1,0,1,0,1,0,40,60.965854,1,2011
16.059443,86,"Quest for Camelot",6.9,0,0,1,1,0,1,40,38.1725,1,1998
3.476966,108,"City By The Sea",5.7,0,0,1,0,0,0,40,22.433915,1,2002
5.778724,128,"At First Sight",5.9,0,0,1,0,0,1,0,0,1,1999
7.360793,84,"Torque",4.7,1,0,0,0,0,0,40,46.546197,1,2004
3.621837,111,"City Hall",6,0,0,1,0,1,0,0,0,1,1996
14.513305,128,"Showgirls",4.9,0,0,1,0,0,0,45,20.350754,1,1995
22.364549,123,"Marie Antoinette",6.5,0,0,1,0,0,0,40,60.47434,1,2006
6.90894,101,"Kiss of Death",5.7,1,0,1,0,1,0,40,0,1,1995
4.494788,102,"Get Carter",4.8,1,0,1,0,1,0,63.6,19.412993,1,2000
47.559928,113,"The Impossible",7,0,0,1,0,1,0,42,180.274123,1,2012
2.410546,107,"Ishtar",4.2,1,1,0,0,0,0,55,14.375181,1,1987
41.258956,87,"Fantastic Mr. Fox",7.5,0,1,0,1,0,0,40,46.471023,1,2009
8.980846,103,"Life or Something Like It",5.7,0,1,1,0,0,1,40,16.872671,1,2002
7.222985,99,"Memoirs of an Invisible Man",5.7,0,1,0,0,0,0,40,14.358033,1,1992
73.720244,122,"Amélie",7.8,0,1,0,0,0,1,10,173.921954,0,2001
10.0403,91,"New York Minute",5.5,0,1,0,0,0,0,0,0,1,2004
15.219263,103,"Alfie",5.6,0,1,0,0,0,0,60,13.395939,1,2004
8.303696,107,"Big Miracle",6.6,0,0,1,0,0,1,40,24.719215,1,2012
4.746085,106,"The Deep End of the Ocean",5.9,0,0,1,0,0,0,38,28.1211,1,1999
6.756886,101,"FearDotCom",3.2,0,0,0,0,1,0,40,18.902015,1,2002
16.424807,109,"Cirque du Freak: The Vampire's Assistant",5.5,1,0,0,0,1,0,40,28.169671,1,2009
15.590001,89,"Duplex",5.9,1,1,0,0,1,0,40,19.322135,1,2003
5.483671,103,"Soul Men",6.3,0,1,0,0,0,0,0,0,1,2008
1.630541,115,"Raise the Titanic",5.2,1,0,1,0,1,0,0,0,1,1980
14.566664,82,"Universal Soldier: The Return",4.2,1,0,0,0,0,0,45,10.667893,1,1999
28.353517,108,"Pandorum",6.5,1,0,0,0,1,0,33,20.645327,1,2009
9.579975,102,"Impostor",6.1,1,0,0,0,1,0,40,0,1,2001
2.911819,93,"Extreme Ops",5,1,0,1,0,1,0,40,10.959475,1,2002
10.844882,88,"Just Visiting",4.8,0,1,0,0,0,0,0,0,1,2001
51.502884,107,"Sunshine",7,0,0,0,0,1,0,50,32.017803,1,2007
13.119133,91,"A Thousand Words",6,0,1,1,0,0,0,40,22.044277,1,2012
4.238482,94,"Delgo",5.4,0,1,0,1,0,0,40,0,1,2008
26.935458,115,"The Gunman",5.5,1,0,1,0,0,0,40,13.644292,1,2015
16.282962,93,"Stormbreaker",5.1,1,0,0,0,0,0,40,23.93787,1,2006
31.690456,105,"Disturbia",6.6,0,0,1,0,1,0,20,117.760134,1,2007
17.842246,107,"Hackers",6.2,1,0,1,0,1,0,20,7.563728,1,1995
8.048305,101,"The Hunting Party",6.6,1,0,1,0,1,0,0,0,1,2007
14.188982,111,"The Hudsucker Proxy",7.1,0,1,1,0,0,0,30,0,1,1994
6.884467,126,"The Warlords",6.3,1,0,1,0,0,0,40,0,0,2007
8.212018,112,"Nomad: The Warrior",4.3,1,0,0,0,0,0,25,0,1,2005
64.238688,126,"Snowpiercer",6.7,1,0,1,0,0,0,39.2,86.758912,0,2013
17.375562,90,"A Monster in Paris",6.5,0,1,0,1,0,0,25,0,0,2011
6.7698,90,"The Last Shot",5.9,1,1,0,0,0,0,0,0,1,2004
44.690107,102,"The Crow",7.3,1,0,0,0,1,0,15,94,1,1994
16.254032,159,"Baahubali: The Beginning",7.5,1,0,0,0,0,0,40,100,0,2015
37.492928,107,"The Time Traveler's Wife",6.7,0,0,1,0,0,1,39,101.229792,1,2009
18.678415,102,"Because I Said So",5.8,0,1,0,0,0,0,0,69.48549,1,2007
27.908783,87,"Frankenweenie",6.6,0,1,0,1,0,0,39,35.287788,1,2012
45.388937,119,"Serenity",7.4,1,0,0,0,1,0,39,38.869464,1,2005
2.817364,106,"Against the Ropes",4.5,0,0,1,0,0,1,39,6.61428,1,2004
22.164202,125,"Superman III",5.3,1,1,0,0,0,0,39,75.850624,1,1983
21.362949,113,"Grudge Match",6,0,1,0,0,0,0,40,44.90726,1,2013
14.8375,150,"Red Cliff",7.1,1,0,1,0,0,0,80.341,127.814609,0,2008
18.256028,108,"Sweet Home Alabama",6,0,1,0,0,0,1,30,180.622424,1,2002
22.332927,96,"The Ugly Truth",6.4,0,1,0,0,0,1,38,205.298907,1,2009
5.417787,90,"Sgt. Bilko",5.5,0,1,0,0,0,0,0,0,1,1996
24.085144,100,"Spy Kids 2: The Island of Lost Dreams",5.3,1,0,0,0,0,0,38,119.723358,1,2002
14.779041,118,"Star Trek: Generations",6.4,1,0,0,0,1,0,38,120,1,1994
19.947265,130,"The Grandmaster",6.3,1,0,1,0,0,0,3.86,64.076736,0,2013
16.801218,120,"Water for Elephants",6.7,0,0,1,0,0,1,38,114.15623,1,2011
5.057695,88,"Dragon Nest: Warriors' Dawn",6.8,0,0,0,1,0,0,40,0,0,2014
20.825781,146,"The Hurricane",7.2,0,0,1,0,0,0,50,73.956241,1,1999
11.500783,114,"Enough",6.2,0,0,1,0,1,0,38,51.801187,1,2002
13.932203,123,"Heartbreakers",5.7,0,1,0,0,0,1,35,0,1,2001
41.258487,94,"Paul Blart: Mall Cop 2",5,1,1,0,0,0,0,38,107.597242,1,2015
6.454634,102,"Angel Eyes",5.6,0,0,1,0,1,1,53,29.7,1,2001
5.257009,99,"Joe Somebody",5.5,0,1,0,0,0,0,38,0,1,2001
30.359164,133,"The Ninth Gate",6.3,0,0,0,0,1,0,38,58.401898,1,1999
3.426555,118,"Extreme Measures",5.7,0,0,1,0,1,0,38,17.380126,1,1996
11.60815,105,"Rock Star",6,0,1,1,0,0,0,57,16.991902,1,2001
18.664624,110,"Precious",6.9,0,0,1,0,0,0,10,47.536959,1,2009
10.047579,129,"White Squall",6.3,1,0,1,0,0,0,38,10.3,1,1996
46.630062,119,"Riddick",6.2,1,0,0,0,1,0,38,98.337295,1,2013
4.131546,118,"Switchback",5.8,1,0,0,0,1,0,37,6.482195,1,1997
5.641978,110,"Texas Rangers",5.4,1,0,0,0,0,0,0,0,1,2001
25.682509,137,"The Master",7,0,0,1,0,0,0,32,28.25806,1,2012
6.760922,93,"Virgin Territory",4.3,1,1,0,0,0,1,38,5.410749,1,2007
3.87823,130,"The Express",7.1,0,0,1,0,0,0,40,9.793496,1,2008
57.773583,133,"Creed",7.3,0,0,1,0,0,0,37,173.567581,1,2015
24.218358,125,"The Town",7,0,0,1,0,1,0,37,154.026136,1,2010
27.009723,110,"What to Expect When You're Expecting",5.8,0,1,1,0,0,1,40,79.7,1,2012
31.941347,96,"Burn After Reading",6.5,0,1,1,0,0,0,37,163.720069,1,2008
14.353279,96,"Nim's Island",5.6,0,1,0,0,0,0,37,100.076342,1,2008
33.003828,123,"Rush",7.7,1,0,1,0,0,0,38,90.247624,1,2013
30.993736,188,"Magnolia",7.5,0,0,1,0,0,0,37,48.451803,1,1999
25.825771,107,"Cop Out",5.3,1,1,0,0,0,0,30,55.583804,1,2010
46.078371,110,"How to Be Single",5.9,0,1,0,0,0,1,38,112.343513,1,2016
6.63839,113,"Dolphin Tale",6.7,0,0,1,0,0,0,37,95.404397,1,2011
127.084938,122,"Twilight",5.8,0,0,1,0,0,1,37,392.616625,1,2008
27.465433,116,"John Q",7,0,0,1,0,1,0,36,102.24477,1,2002
16.865782,93,"Blue Streak",6.1,1,1,0,0,0,0,65,117.7585,1,1999
100.348805,110,"We're the Millers",6.8,0,1,0,0,0,0,37,269.994119,1,2013
2.785832,115,"The Inhabited Island",5.3,1,0,0,0,1,0,36.5,21.834845,0,2008
9.176339,95,"Breakdown",6.6,1,0,1,0,1,0,36,50.159144,1,1997
23.380757,134,"Never Say Never Again",5.8,1,0,0,0,1,0,36,160,1,1983
33.926473,101,"Hot Tub Time Machine",6,0,1,0,0,0,0,36,64.572262,1,2010
6.967857,107,"Dolphin Tale 2",6.7,0,0,1,0,0,0,36,52.424533,1,2014
11.470135,124,"Reindeer Games",5.4,0,0,0,0,1,0,42,32.16897,1,2000
19.854932,109,"A Man Apart",5.8,1,0,1,0,0,0,36,44.350926,1,2003
29.652536,105,"Aloha",5.2,0,1,1,0,0,1,37,26.25002,1,2015
8.102925,130,"Ghosts of Mississippi",6.2,0,0,1,0,0,0,0,0,1,1996
2.79483,127,"Snow Falling on Cedars",6.3,0,0,1,0,0,1,0,0,1,1999
11.492474,114,"The Rite",5.8,0,0,1,0,1,0,37,96.047633,1,2011
70.398356,106,"Gattaca",7.5,0,0,0,0,1,1,36,12.532777,1,1997
1.068453,95,"Isn't She Great",4.6,0,1,1,0,0,0,36,3.003296,0,2000
6.293217,81,"Space Chimps",5.2,0,0,0,1,0,0,37,63.800345,1,2008
3.457194,95,"Head of State",5.3,0,1,0,0,0,0,0,0,1,2003
82.21166,100,"The Hangover",7.2,0,1,0,0,0,0,35,459.270619,1,2009
19.167377,105,"Ip Man 3",6.5,1,0,1,0,0,0,36,156.844753,0,2015
18.316151,95,"Austin Powers: The Spy Who Shagged Me",6.2,0,1,0,0,0,0,33,310.940086,1,1999
44.104469,126,"Batman",7,1,0,0,0,0,0,35,411.348924,1,1989
6.668679,112,"There Be Dragons",5.9,0,0,1,0,0,0,0,0,1,2011
36.172182,118,"Lethal Weapon 3",6.4,1,1,0,0,1,0,35,321.731527,1,1992
25.767395,129,"The Blind Side",7.2,0,0,1,0,0,0,29,309.208309,1,2009
21.543389,88,"Spy Kids",5.5,1,1,0,0,0,0,35,147.93418,1,2001
50.309843,98,"Horrible Bosses",6.5,0,1,0,0,0,0,35,117,1,2011
49.292384,110,"True Grit",7.2,0,0,1,0,0,0,38,252.276927,1,2010
83.893257,109,"The Devil Wears Prada",7,0,1,1,0,0,1,35,326.551094,1,2006
34.005726,111,"Identity Thief",5.6,0,1,0,0,0,0,35,173.96501,1,2013
27.714043,128,"Cape Fear",7,0,0,0,0,1,0,35,182.3,1,1991
45.149948,123,"21",6.5,0,0,1,0,0,0,35,69.823199,1,2008
72.774941,125,"Trainwreck",5.9,0,1,0,0,0,0,35,140.795793,1,2015
3.74263,105,"Guess Who",5.5,0,1,0,0,0,1,35,68.915888,1,2005
29.381878,162,"The English Patient",7,0,0,1,0,0,1,27,231.976425,1,1996
24.860326,138,"L.A. Confidential",7.7,0,0,1,0,1,0,35,126.21694,1,1997
11.041659,100,"Sky High",5.8,0,1,0,0,0,0,35,86.369815,1,2005
11.897925,90,"In & Out",6.3,0,1,0,0,0,1,35,0,1,1997
23.607071,108,"Species",5.5,1,0,0,0,0,0,35,113.374103,1,1995
25.413955,107,"The Cell",6,0,0,0,0,1,0,33,104.155843,1,2000
28.98027,132,"The Man in the Iron Mask",6.3,1,0,1,0,0,0,0,0,1,1998
9.525037,123,"Secretariat",6.8,0,0,1,0,0,0,35,60.251371,1,2010
18.39217,90,"TMNT",6,0,1,0,1,0,0,34,95.608995,1,2007
9.254647,109,"Radio",6.8,0,0,1,0,0,0,32,52.277485,1,2003
40.526587,109,"Friends with Benefits",6.5,0,1,0,0,0,1,35,150.483765,1,2011
50.179171,91,"Neighbors 2: Sorority Rising",5.6,0,1,0,0,0,0,35,108.758521,1,2016
31.957947,125,"Saving Mr. Banks",7.3,0,1,1,0,0,0,35,112.54458,1,2013
19.822791,202,"Malcolm X",7.2,0,0,1,0,0,0,34,48.169908,1,1992
38.429648,134,"This Is 40",5.6,0,1,0,0,0,0,35,88.058786,1,2012
13.707843,88,"Old Dogs",5.2,0,1,0,0,0,0,35,92.21931,1,2009
51.927471,92,"Underworld: Rise of the Lycans",6.2,1,0,0,0,1,0,35,91.353501,1,2009
14.503568,91,"License to Wed",5.2,0,1,0,0,0,0,35,69.307224,1,2007
6.74556,80,"The Benchwarmers",5.2,0,1,0,0,0,0,0,0,1,2006
11.120167,98,"Must Love Dogs",5.8,0,1,0,0,0,1,30,58.405313,1,2005
40.370442,127,"Donnie Brasco",7.4,0,0,1,0,1,0,35,41.954997,1,1997
40.715623,100,"Resident Evil",6.4,1,0,0,0,0,0,33,102.984862,1,2002
23.666229,104,"The Ladykillers",6,0,1,0,0,1,0,0,0,1,2004
25.903237,100,"Max Payne",5.2,1,0,0,0,0,0,35,85.416905,1,2008
60.231382,109,"In Time",6.7,1,0,0,0,1,0,40,173.930596,1,2011
18.38292,106,"The Back-Up Plan",5.7,0,1,0,0,0,1,35,77.477008,1,2010
14.029012,112,"Something Borrowed",5.9,0,1,1,0,0,1,35,59.901913,1,2011
15.913783,95,"Black Knight",5.1,0,1,0,0,0,0,0,0,1,2001
6.889633,102,"The Bad News Bears",6.9,0,1,0,0,0,0,35,35.323292,1,1976
19.286099,102,"Street Fighter",4.1,1,0,0,0,1,0,35,99.423521,1,1994
50.587541,150,"The Pianist",8,0,0,1,0,0,0,35,120.072577,1,2002
3.721272,101,"The Nativity Story",6.4,0,0,1,0,0,0,35,0,1,2006
22.636908,104,"Closer",6.7,0,0,1,0,0,1,27,115.505027,1,2004
28.069419,137,"J. Edgar",6,0,0,1,0,0,0,35,84.60603,1,2011
19.774543,110,"Mirrors",6,0,0,0,0,1,0,35,72.436439,1,2008
11.644243,101,"Queen of the Damned",5.4,0,0,1,0,0,0,35,45.47911,1,2002
27.934978,108,"Predator 2",5.9,1,0,0,0,1,0,35,57.120318,1,1990
12.677505,101,"Untraceable",5.9,0,0,1,0,0,0,35,32.48341,1,2008
8.737058,112,"Blast from the Past",6.3,0,1,0,0,0,1,35,40.26302,1,1999
14.699342,102,"Jersey Girl",5.8,0,1,0,0,0,1,35,36.098382,1,2004
14.513243,101,"Alex Cross",5.1,1,0,0,0,1,0,45,30.353232,1,2012
5.525544,155,"Midnight in the Garden of Good and Evil",6.3,0,0,1,0,1,0,35,25.105255,1,1997
15.079993,93,"Heist",5.6,1,0,0,0,1,0,8.9,4.1,1,2015
23.835055,109,"Nanny McPhee and the Big Bang",6,0,1,0,0,0,0,35,93.246388,1,2010
25.454549,104,"The X Files: I Want to Believe",5.5,0,0,1,0,1,0,30,68.369434,1,2008
22.71592,96,"Ella Enchanted",5.9,0,1,0,0,0,0,31,27.388767,1,2004
35.120736,123,"Concussion",7,0,0,1,0,0,0,35,50.36379,1,2015
19.893646,106,"Abduction",5.6,1,0,0,0,1,0,35,82.087155,1,2011
14.051852,76,"Valiant",5.2,0,0,0,1,0,0,35,19.478106,1,2005
9.011729,111,"Wonder Boys",6.9,0,1,1,0,0,0,35,0,1,2000
19.088655,85,"Superhero Movie",4.9,1,1,0,0,0,0,35,25.871834,1,2008
29.490057,109,"Broken City",5.7,0,0,1,0,1,0,56,19.701164,1,2013
11.195593,97,"Cursed",5.1,0,1,0,0,0,0,35,19.294901,1,2005
17.709888,91,"Premium Rush",6.2,1,0,0,0,1,0,35,31.083599,1,2012
18.262017,87,"Hot Pursuit",5.4,1,1,0,0,0,0,35,51.680201,1,2015
10.10364,132,"The Four Feathers",6.5,0,0,1,0,0,1,35,29.882645,1,2002
28.670477,118,"Parker",5.7,1,0,0,0,0,0,35,46.216641,1,2013
16.736734,98,"Wimbledon",6,0,1,0,0,0,1,31,41.512007,1,2004
13.668633,92,"Furry Vengeance",4.6,0,1,0,0,0,0,35,39.340177,1,2010
9.780588,93,"Bait",5.3,1,0,0,0,1,0,30,0,1,2012
9.904881,117,"Krull",5.8,1,0,0,0,0,0,27,16.51946,1,1983
9.789027,92,"Lions for Lambs",6,1,0,1,0,0,0,35,63.215872,1,2007
6.81729,115,"Flight of the Intruder",5.7,1,0,1,0,1,0,35,0,1,1991
10.73522,96,"Walk Hard: The Dewey Cox Story",6.6,0,1,0,0,0,0,35,18.317151,1,2007
11.1399,111,"The Shipping News",6.4,0,0,1,0,0,1,0,0,1,2001
6.727949,94,"American Outlaws",5.7,1,0,0,0,0,0,35,13.678913,1,2001
16.343317,105,"The Young Victoria",7,0,0,1,0,0,1,35,27.409889,1,2009
14.818718,101,"Whiteout",5.3,1,0,0,0,1,0,40,12.206028,1,2009
43.862456,139,"The Tree of Life",6.5,0,0,1,0,0,0,32,54.674226,1,2011
2.706207,91,"Knock Off",4.7,1,0,0,0,1,0,33,0,1,1998
27.903999,110,"Sabotage",5.5,1,0,1,0,1,0,35,17.508518,1,2014
3.746806,102,"The Order",4.8,0,0,1,0,1,1,35,11.560806,1,2003
17.112498,102,"Punisher: War Zone",5.6,1,0,0,0,0,0,20.5,10.089373,1,2008
10.304172,83,"Zoom",4.9,0,1,0,0,0,0,35,12.506188,1,2006
37.335721,123,"The Walk",6.9,0,0,1,0,1,0,35,61.181942,1,2015
0.912395,103,"Warriors of Virtue",4.7,1,0,0,0,0,0,0,0,1,1997
16.782471,118,"A Good Year",6.5,0,1,1,0,0,1,35,42.064105,1,2006
3.503408,114,"Radio Flyer",6.6,0,0,1,0,0,0,35,4.651977,1,1992
9.122828,180,"Bound by Honor",7.7,1,0,1,0,1,0,35,0,1,1993
5.419181,121,"Smilla's Sense of Snow",6.6,1,0,1,0,1,0,35,0,1,1997
9.07278,114,"Femme Fatale",6.2,0,0,0,0,1,1,35,16.83891,1,2002
2.864979,173,"Lion of the Desert",7.4,1,0,0,0,0,0,35,0,1,1981
2.877488,135,"The Horseman on the Roof",6.7,0,0,1,0,0,1,35,15,1,1995
5.516207,138,"Ride with the Devil",6.6,0,0,1,0,0,1,38,0.635096,1,1999
13.930763,148,"Biutiful",7,0,0,1,0,0,0,0,25.147786,0,2010
20.27704,93,"Bandidas",5.8,1,1,0,0,0,0,35,10.496317,0,2006
0.126738,100,"Black Water Transit",0,0,0,1,0,0,0,0,0,1,2009
131.815575,113,"The Maze Runner",7,1,0,0,0,1,0,34,348.319861,1,2014
16.832312,91,"Unfinished Business",5,0,1,0,0,0,0,35,14.431253,1,2015
9.133747,139,"The Age of Innocence",7,0,0,1,0,0,1,34,32.25544,1,1993
24.606012,96,"The Fountain",6.8,0,0,1,0,0,1,35,15.30489,1,2006
3.276912,101,"Chill Factor",5.3,1,1,0,0,1,0,70,11.263966,1,1999
16.830184,96,"Stolen",5.1,1,0,1,0,1,0,35,2.106557,1,2012
39.58676,100,"Ponyo",7.5,0,0,0,1,0,0,41.677699,187.479518,0,2008
41.946523,128,"The Longest Ride",7.3,0,0,1,0,0,1,34,63.013281,1,2015
20.697556,109,"The Astronaut's Wife",5.4,0,0,1,0,1,0,75,19.598588,1,1999
1.656695,114,"I Dreamed of Africa",5.3,0,0,1,0,0,1,34,0,1,2000
17.932561,106,"Playing for Keeps",5.4,0,1,0,0,0,1,35,0,1,2012
15.50957,141,"Mandela: Long Walk to Freedom",6.5,0,0,1,0,0,0,35,27.33,1,2013
4.602185,195,"Reds",7.1,0,0,1,0,0,0,32,40.382659,1,1981
40.379966,138,"A Few Good Men",7.1,0,0,1,0,0,0,40,243.240178,1,1992
12.601306,101,"Exit Wounds",5.3,1,0,0,0,1,0,50,79.958599,1,2001
24.389194,98,"Big Momma's House",5.6,0,1,0,0,0,0,30,173.959438,1,2000
12.867326,85,"Thunder and the House of Magic",6.3,0,0,0,1,0,0,34,0,1,2013
23.328823,89,"The Darkest Hour",4.8,1,0,0,0,1,0,30,64.626786,1,2011
29.775441,99,"Step Up Revolution",6.7,0,0,1,0,0,1,33,140.470746,1,2012
19.642328,105,"Snakes on a Plane",5.1,1,0,0,0,1,0,33,62.022014,1,2006
7.339908,96,"The Watcher",4.9,0,0,0,0,1,0,33,0,1,2000
35.099611,124,"The Punisher",6.1,1,0,1,0,0,0,33,54.700105,1,2004
16.541791,118,"Goal!: The Dream Begins",6.6,0,0,1,0,0,0,30,27.610873,1,2005
31.92695,94,"Safe",6.3,1,0,0,0,1,0,30,40.346186,1,2012
9.060642,124,"Pushing Tin",5.7,0,1,1,0,0,0,33,0,1,1999
46.509071,135,"Return of the Jedi",7.9,1,0,0,0,0,0,32.35,572.7,1,1983
21.538222,108,"Doomsday",5.8,1,0,0,0,1,0,30,22.211426,1,2008
33.923786,124,"The Reader",7.2,0,0,1,0,0,1,32,113.01929,1,2008
20.908494,98,"Wanderlust",5.3,0,1,0,0,0,0,35,24.159934,1,2012
16.901954,97,"Elf",6.4,0,1,0,0,0,0,32,173.398518,1,2003
15.039407,123,"Phenomenon",6.2,0,0,1,0,0,1,32,152.036382,1,1996
13.655735,99,"Snow Dogs",5.3,0,1,0,0,0,0,33,0,1,2002
21.620317,101,"Scrooged",6.7,0,1,1,0,0,0,0,60.328,1,1988
14.642055,92,"Nacho Libre",5.6,0,1,0,0,0,0,32,80.197993,1,2006
17.107065,125,"Bridesmaids",6.5,0,1,0,0,0,1,32.5,288.383523,1,2011
38.21708,107,"This Is the End",6.3,1,1,0,0,0,0,32,126.041322,1,2013
24.147269,129,"Men of Honor",7,0,0,1,0,0,0,32,48.814909,1,2000
18.47242,107,"Takers",6,1,0,1,0,1,0,32,69.055695,1,2010
18.84332,90,"The Big Wedding",5.7,0,1,0,0,0,0,35,21.819348,1,2013
15.901137,107,"Big Mommas: Like Father, Like Son",5.3,1,1,0,0,0,0,32,83.615414,1,2011
59.19888,93,"Source Code",7.1,0,0,0,0,1,0,32,147.332697,1,2011
14.48851,120,"Alive",6.7,1,0,1,0,1,0,32,36.733909,1,1993
23.197408,101,"The Number 23",6.3,0,0,1,0,1,0,30,77.566815,1,2007
10.651202,105,"The Young and Prodigious T.S. Spivet",6.7,0,0,1,0,0,0,33,9.494789,1,2013
10.032626,113,"1941",5.6,1,1,0,0,0,0,35,31.755742,1,1979
6.048743,106,"Dreamer: Inspired By a True Story",6.3,0,0,1,0,0,0,0,0,1,2005
34.628738,96,"A History of Violence",6.9,0,0,1,0,1,0,32,60.740827,1,2005
47.5612,87,"Transporter 2",6.2,1,0,0,0,1,0,32,85.167639,1,2005
16.473355,107,"The Quick and the Dead",6.3,1,0,0,0,0,0,32,18.55246,1,1995
6.201404,90,"Laws of Attraction",5.6,1,1,0,0,1,1,28,30.016165,1,2004
15.560918,121,"Bringing Out the Dead",6.6,0,0,1,0,0,0,32,0,1,1999
25.799697,111,"Repo Men",6.2,1,0,0,0,1,0,32,18.409891,1,2010
4.822033,90,"Dragon Wars: D-War",4,1,0,1,0,1,0,70,53.587404,0,2007
3.379454,110,"Bogus",5.4,0,1,0,0,0,0,32,0,1,1996
26.9385,100,"The Incredible Burt Wonderstone",5.3,0,1,0,0,0,0,30,27.437881,1,2013
4.098444,75,"Cats Don't Dance",7.1,0,1,0,1,0,0,32,3.566637,1,1997
4.901553,132,"Cradle Will Rock",7.2,0,0,1,0,0,0,0,0,1,1999
5.347936,108,"The Good German",5.9,0,0,1,0,1,1,32,5.914908,1,2006
49.973462,153,"Apocalypse Now",8,0,0,1,0,0,0,31.5,89.460381,1,1979
13.611544,102,"Going the Distance",6,0,1,1,0,0,1,32,42.045846,1,2010
6.775294,137,"Mr. Holland's Opus",6.9,0,0,1,0,0,0,0,106.269971,1,1995
27.891012,113,"Criminal",5.7,1,0,0,0,0,0,31.5,14.708696,1,2016
13.864975,161,"Out of Africa",7,0,0,1,0,0,0,31,128.499205,1,1985
42.213765,138,"Flight",6.5,0,0,1,0,0,0,31,161.772375,1,2012
29.887404,126,"Moonraker",5.9,1,0,0,0,1,0,34,210.308099,1,1979
74.417456,99,"The Grand Budapest Hotel",8,0,1,1,0,0,0,30,174.600318,1,2014
7.06762,101,"Hearts in Atlantis",6.4,0,0,1,0,0,0,31,24.185781,1,2001
15.895661,103,"Arachnophobia",6.2,0,1,0,0,0,0,31,53.20818,1,1990
19.258041,118,"Frequency",7,0,0,1,0,1,0,31,68.106245,1,2000
47.753598,99,"Vacation",6.2,0,1,0,0,0,0,31,104.384188,1,2015
15.585138,105,"Get Shorty",6.4,0,1,0,0,1,0,30.25,115.101622,1,1995
32.217425,113,"Chicago",6.9,1,1,1,0,0,0,45,306.776732,1,2002
34.86859,93,"Big Daddy",6.1,0,1,1,0,0,0,34.2,234.801895,1,1999
36.432598,108,"American Pie 2",6,0,1,0,0,0,1,30,287.553595,1,2001
73.640445,81,"Toy Story",7.7,0,1,0,1,0,0,30,373.554033,1,1995
49.526736,116,"Speed",6.8,1,0,0,0,0,0,30,350.448145,1,1994
26.780961,104,"The Vow",7,0,0,1,0,0,1,30,196.11457,1,2012
6.487344,105,"Extraordinary Measures",6,0,0,1,0,0,0,31,15.134293,1,2010
25.996219,113,"Remember the Titans",7.4,0,0,1,0,0,0,30,136.706683,1,2000
46.212155,134,"The Hunt for Red October",7.2,1,0,0,0,1,0,30,199.2,1,1990
32.105328,132,"The Butler",7.2,0,0,1,0,0,0,25,115.922175,1,2013
41.156217,92,"DodgeBall: A True Underdog Story",6.2,0,1,0,0,0,0,20,167.72231,1,2004
37.179547,99,"The Addams Family",6.7,0,1,0,0,0,0,30,191.502426,1,1991
34.391792,90,"Ace Ventura: When Nature Calls",6.1,0,1,0,0,0,0,30,212.385533,1,1995
40.176265,115,"The Princess Diaries",6.5,0,1,0,0,0,1,37,165.335153,1,2001
10.704596,102,"The First Wives Club",6.5,0,1,0,0,0,0,26,116.4,1,1996
79.579532,127,"Se7en",8.1,0,0,0,0,1,0,33,327.311859,1,1995
27.870755,87,"The SpongeBob SquarePants Movie",6.7,0,1,0,1,0,0,30,140.161792,1,2004
31.242999,138,"Mystic River",7.6,0,0,1,0,1,0,25,156.82202,1,2003
70.456012,132,"Million Dollar Baby",7.7,0,0,1,0,0,0,30,216.763646,1,2004
29.415229,103,"Analyze This",6.4,0,1,0,0,0,0,80,176.885658,1,1999
55.109138,123,"The Notebook",7.7,0,0,1,0,0,1,29,115.603229,1,2004
30.695228,111,"27 Dresses",6.1,0,1,0,0,0,1,30,160.259319,1,2008
13.788422,102,"Hannah Montana: The Movie",6,0,1,1,0,0,1,35,155.545279,1,2009
4.590277,78,"Rugrats in Paris: The Movie",6,0,1,0,1,0,0,3e-05,0.000103,0,2000
3.845231,132,"The Prince of Tides",5.9,0,0,1,0,0,1,30,74.787599,1,1991
26.952727,133,"Legends of the Fall",7.2,0,0,1,0,0,1,30,160.638883,1,1994
33.704181,109,"Up in the Air",6.7,0,0,1,0,0,1,25,163.67,1,2009
19.925026,125,"About Schmidt",6.7,0,1,1,0,0,0,30,105.834556,1,2002
43.742241,97,"Warm Bodies",6.4,0,1,0,0,0,1,35,116.980662,1,2013
46.377628,118,"Looper",6.6,1,0,0,0,1,0,30,47.042,1,2012
9.166658,87,"Down to Earth",4.9,0,1,0,0,0,1,0,0,1,2001
34.36645,89,"Babe",6,0,1,1,0,0,0,30,254.13491,1,1995
12.967137,100,"Hope Springs",5.8,0,1,1,0,0,1,30,114.281051,1,2012
50.670253,111,"Forgetting Sarah Marshall",6.4,0,1,1,0,0,1,30,105.173115,1,2008
24.694551,109,"Four Brothers",6.7,1,0,0,0,0,0,45,92.374674,1,2005
11.409124,99,"Baby Mama",5.8,0,1,0,0,0,0,30,63.833449,1,2008
7.922716,114,"Hope Floats",5.8,0,0,1,0,0,1,0,0,1,1998
33.385429,89,"Bride Wars",5.9,0,1,0,0,0,0,30,114.663461,1,2009
8.584398,95,"Without a Paddle",5.3,1,1,0,0,1,0,19,69.631118,1,2004
41.569541,98,"13 Going on 30",6.3,0,1,0,0,0,1,37,96.455697,1,2004
43.753585,94,"Midnight in Paris",7.4,0,1,0,0,0,1,30,151.119219,1,2011
18.568021,85,"The Nut Job",5.5,0,1,0,1,0,0,0,0,1,2014
28.350529,124,"Blow",7.4,0,0,1,0,0,0,53,83.282296,1,2001
10.81051,131,"Message in a Bottle",5.8,0,0,1,0,0,1,80,118.880016,1,1999
19.578249,107,"Star Trek V: The Final Frontier",5.6,1,0,0,0,1,0,30,70.2,1,1989
5.73667,99,"Like Mike",5.7,0,1,1,0,0,0,30,0,1,2002
28.624038,83,"The Naked Gun 33⅓: The Final Insult",6.3,0,1,0,0,0,0,30,51.132598,1,1994
27.230493,131,"A View to a Kill",6,1,0,0,0,1,0,30,152.42796,1,1985
30.380747,85,"The Curse of the Were-Rabbit",6.8,0,1,0,1,0,0,30,192.452832,1,2005
29.489274,126,"P.S. I Love You",6.9,0,0,1,0,0,1,30,156.835339,1,2007
8.058109,102,"Racing Stripes",5.1,0,1,0,0,0,0,30,93.772522,1,2005
33.369305,123,"Atonement",7.4,0,0,1,0,0,1,30,129.266061,1,2007
16.52083,105,"Letters to Juliet",6.6,0,1,1,0,0,1,30,0,1,2010
11.19602,125,"Black Rain",6.2,1,0,0,0,1,0,30,45.892212,1,1989
14.585968,92,"The Three Stooges",4.9,0,1,0,0,0,0,30,54.819301,1,2012
43.571612,77,"Corpse Bride",7.2,0,0,0,1,0,1,40,117.195061,1,2005
8.305085,118,"Glory Road",7.2,0,0,1,0,0,0,0,42.647449,1,2006
55.424027,121,"Sicario",7.2,1,0,1,0,1,0,30,84.025816,1,2015
65.364452,123,"Southpaw",7.3,1,0,1,0,0,0,30,91.709827,1,2015
45.083509,99,"Drag Me to Hell",6.2,0,0,0,0,1,0,30,90.810892,1,2009
82.052056,112,"The Age of Adaline",7.4,0,0,1,0,0,1,25,65.663276,1,2015
15.011624,111,"Secondhand Lions",6.9,0,1,1,0,0,0,0,0,1,2003
25.060342,107,"Step Up 3D",6.6,0,0,1,0,0,1,30,159.291809,1,2010
32.26789,113,"Stranger Than Fiction",7.1,0,1,1,0,0,1,30,53.653224,1,2006
33.394082,113,"30 Days of Night",6.2,0,0,0,0,1,0,30,75.505973,1,2007
73.987775,95,"The Cabin in the Woods",6.5,0,0,0,0,1,0,30,66.48608,1,2012
10.608998,84,"Meet the Spartans",3.7,0,1,0,0,0,0,30,84.646831,1,2008
12.821329,126,"Midnight Run",7.2,0,1,0,0,0,0,30,38.413606,1,1988
30.131498,101,"The Running Man",6.4,1,0,0,0,0,0,27,38.122105,1,1987
12.113235,94,"Little Shop of Horrors",6.6,0,1,0,0,0,0,25,38.748395,1,1986
31.191975,111,"Hanna",6.5,1,0,0,0,1,0,30,63.782078,1,2011
11.916389,95,"Mortal Kombat: Annihilation",3.8,1,0,0,0,0,0,30,51.376861,1,1997
20.355458,98,"Larry Crowne",5.7,0,1,1,0,0,1,30,36.160375,1,2011
63.848541,100,"Carrie",5.8,0,0,1,0,0,0,30,82.394288,1,2013
9.278361,125,"Gridiron Gang",6.5,1,0,1,0,0,0,30,41.480851,1,2006
7.185212,94,"What's the Worst That Could Happen?",5.1,1,1,0,0,0,0,45,0,1,2001
55.806402,79,"9",6.6,1,0,0,1,1,0,30,48.428063,1,2009
48.237797,106,"Side Effects",6.4,0,0,1,0,1,0,30,63.372757,1,2013
17.943945,111,"The Prince & Me",5.9,0,1,0,0,0,1,0,0,1,2004
19.143721,63,"Winnie the Pooh",6.8,0,0,0,1,0,0,30,14.46,1,2011
15.67747,85,"Dumb and Dumberer: When Harry Met Lloyd",4.1,0,1,0,0,0,0,19,39.267515,1,2003
4.52363,108,"Bulworth",6.3,0,1,1,0,0,0,30,29.202884,1,1998
13.064264,139,"Get on Up",6.4,0,0,1,0,0,0,0,31.911598,1,2014
2.644427,127,"One True Thing",6.2,0,0,1,0,0,1,0,0,1,1998
5.301589,106,"Virtuosity",5.4,1,0,0,0,1,0,30,24.048,1,1995
20.252143,95,"My Super Ex-Girlfriend",4.8,1,1,1,0,0,0,0,60.896147,1,2006
29.359201,118,"Deliver Us from Evil",5.9,0,0,0,0,1,0,30,0,1,2014
20.063165,108,"Sanctum",5.8,1,0,0,0,1,0,30,108.60931,1,2011
6.246199,111,"Little Black Book",5.2,0,1,1,0,0,1,35,22.034832,1,2004
27.71063,124,"The Five-Year Engagement",5.7,0,1,0,0,0,0,30,53.909751,1,2012
2.850896,104,"Mr. 3000",5,0,1,1,0,0,0,30,21.800302,1,2004
34.421696,133,"The Next Three Days",6.9,0,0,1,0,1,1,30,51.148651,1,2010
15.89534,87,"Ultraviolet",4.8,1,0,0,0,1,0,30,31.070211,1,2006
18.706504,109,"Assault on Precinct 13",6,0,0,0,0,1,0,30,35.29447,1,2005
9.607391,87,"The Replacement Killers",6,1,0,1,0,1,0,30,19.204929,1,1998
2.77255,98,"Fled",5.2,1,1,0,0,1,0,25,17.193231,1,1996
17.834976,99,"Eight Legged Freaks",5.4,1,1,0,0,1,0,0,0,1,2002
20.236951,112,"Love & Other Drugs",6.6,0,1,1,0,0,1,30,102.820008,1,2010
16.883429,108,"88 Minutes",5.7,0,0,0,0,1,0,30,16.930884,1,2007
12.779201,126,"North Country",6.8,0,0,1,0,0,0,35,25.224242,1,2005
14.729386,98,"The Whole Ten Yards",5.5,0,1,0,0,1,0,40,26.155781,1,2004
23.227877,104,"Splice",5.5,0,0,0,0,1,0,26,0,1,2009
11.374306,110,"Howard the Duck",5.1,0,1,0,0,0,0,37,37.962774,1,1986
10.703602,130,"Pride and Glory",6.3,0,0,1,0,1,0,30,31.148328,1,2008
10.756266,97,"The Cave",5.1,1,0,0,0,1,0,30,15.007991,1,2005
4.352422,96,"Alex & Emma",5,0,1,0,0,0,1,30,15.368897,1,2003
9.301562,114,"Wicker Park",6.7,0,0,1,0,1,1,30,13.001257,1,2004
18.27083,106,"Fright Night",6,0,1,0,0,0,0,17,24.922237,1,2011
19.106154,135,"The New World",6.4,0,0,1,0,0,1,30,30.536013,1,2005
5.259585,100,"Wing Commander",4,1,0,0,0,0,0,30,0,1,1999
3.226243,100,"In Dreams",5.4,0,0,1,0,1,0,0,0,1,1999
21.677732,85,"Dragonball Evolution",2.9,1,0,0,0,1,0,100,0,1,2009
43.882857,107,"The Last Stand",5.7,1,0,0,0,1,0,30,0,1,2013
12.10235,102,"Godsend",4.7,0,0,1,0,1,0,25,30.114487,1,2004
3.362045,111,"Chasing Liberty",6.1,0,1,0,0,0,1,23,1.2e-05,1,2004
10.694417,86,"Hoodwinked Too! Hood VS. Evil",4.8,0,1,0,1,0,0,30,13.521829,1,2011
6.353971,108,"An Unfinished Life",6.7,0,0,1,0,0,0,30,18.618284,1,2005
4.952735,134,"Barney's Version",7.2,0,1,1,0,0,0,30,8.454301,1,2010
22.975918,91,"Runner Runner",5.5,0,0,1,0,1,0,30,62.616646,1,2013
8.359599,108,"Antitrust",5.8,1,0,1,0,0,0,30,18.19561,1,2001
49.336397,229,"Once Upon a Time in America",8.2,0,0,1,0,0,0,30,0,1,1984
29.647844,118,"Dead Man Down",5.9,1,0,1,0,1,0,0,18.074539,1,2013
12.467267,138,"The Merchant of Venice",6.7,0,0,1,0,0,1,0,0,1,2004
2.774811,108,"The Good Thief",6,0,0,1,0,1,0,0,0,1,2003
3.71305,80,"Supercross",5.4,1,0,1,0,0,1,0,3.10255,1,2005
8.386432,92,"Miss Potter",6.3,0,0,1,0,0,1,30,35.078241,1,2006
3.866026,98,"The Promise",5,1,0,1,0,1,1,0,0,0,2005
12.790408,87,"DOA: Dead or Alive",5,1,0,0,0,1,0,21,0.480314,1,2006
35.53352,160,"The Assassination of Jesse James by the Coward Robert Ford",7,1,0,1,0,0,0,30,14.711793,1,2007
4.065212,125,"1911",5,1,0,1,0,0,0,30,0.108348,0,2011
20.362025,91,"Little Nicholas",5.9,0,1,0,0,0,0,0,0,0,2009
48.0343,92,"Wild Card",5.4,0,0,1,0,1,0,30,0,1,2015
13.268936,129,"Machine Gun Preacher",6.4,1,0,0,0,1,0,30,2.527904,1,2011
8.010046,93,"Animals United",5.5,0,1,0,1,0,0,0,0,0,2010
12.257654,140,"Goodbye Bafana",7,0,0,1,0,0,0,30,0,1,2007
6.036684,110,"United Passions",3,0,0,1,0,0,0,27,0,1,2014
10.958697,103,"Grace of Monaco",5.8,0,0,1,0,0,1,30,0,1,2014
2.625594,85,"Savva. Heart of the Warrior",6.4,0,0,0,1,0,0,30,0,0,2015
2.981047,110,"Ripley's Game",6.6,0,0,0,0,1,0,30,0,1,2002
66.242737,83,"Sausage Party",5.6,0,1,0,1,0,0,19,140.752617,1,2016
71.496894,115,"Pitch Perfect 2",6.8,0,1,0,0,0,0,29,287.506194,1,2015
35.580032,136,"Walk the Line",7.3,0,0,1,0,0,1,28,186.438883,1,2005
8.085872,127,"Keeping the Faith",5.9,0,1,0,0,0,0,30,37.036004,1,2000
10.364582,86,"The Borrowers",5.8,1,1,0,0,0,0,29,0,1,1997
16.87784,122,"Frost/Nixon",7.2,0,0,1,0,0,0,0,0,1,2008
18.165957,113,"Confessions of a Dangerous Mind",6.6,0,1,1,0,1,1,30,33.013805,1,2002
8.93941,100,"Serving Sara",5,0,1,0,0,0,1,29,16.930185,1,2002
20.55509,91,"The Boss",5.5,0,1,0,0,0,0,29,78.636257,1,2016
3.735723,157,"Cry Freedom",6.9,0,0,1,0,0,0,0,0,1,1987
4.310168,112,"Mumford",6.3,0,1,1,0,0,1,0,0,1,1999
12.653831,87,"Seed of Chucky",4.9,0,1,1,0,0,0,12,24.829644,1,2004
24.240361,103,"The Jacket",6.8,0,0,1,0,1,0,29,21.126225,1,2005
92.982009,90,"Aladdin",7.4,0,1,0,1,0,1,28,504.050219,1,1992
61.76233,147,"Straight Outta Compton",7.7,0,0,1,0,0,0,28,201.634991,1,2015
66.976776,118,"Indiana Jones and the Temple of Doom",7.1,1,0,0,0,0,0,28,333,1,1984
7.981116,79,"The Rugrats Movie",5.7,0,0,0,1,0,0,30,100.491683,1,1998
21.252797,104,"Along Came a Spider",6.1,1,0,0,0,1,0,60,105.178561,1,2001
19.237254,110,"Florence Foster Jenkins",6.6,0,1,1,0,0,0,29,48.902953,1,2016
27.555646,102,"Once Upon a Time in Mexico",6.2,1,0,0,0,0,0,29,98.185582,1,2003
66.169628,131,"Die Hard",7.5,1,0,0,0,1,0,28,140.767956,1,1988
24.917665,99,"Role Models",6.4,0,1,0,0,0,0,28,92.380927,1,2008
57.518472,130,"The Big Short",7.3,0,1,1,0,0,0,28,133.346506,1,2015
11.870161,120,"Taking Woodstock",6.2,0,1,1,0,0,0,0,0,1,2009
7.534003,135,"Miracle",7,0,0,1,0,0,0,28,64.445708,1,2004
44.529429,101,"Dawn of the Dead",6.8,1,0,0,0,0,0,28,102.356381,1,2004
14.949395,103,"The Wedding Planner",5.5,0,1,0,0,0,0,35,94.728529,1,2001
14.726338,115,"Space Pirate Captain Harlock",6.5,0,0,0,1,0,0,30,17.137302,0,2013
24.13081,110,"The Royal Tenenbaums",7.4,0,1,1,0,0,0,21,71.44125,1,2001
45.915165,90,"Identity",7.1,0,0,0,0,1,0,30,90.259536,1,2003
28.043508,105,"Last Vegas",6.4,0,1,0,0,0,0,28,134.40245,1,2013
26.090746,127,"For Your Eyes Only",6.3,1,0,0,0,1,0,28,195.312802,1,1981
14.530803,90,"Serendipity",6.6,0,1,0,0,0,1,28,77.516304,1,2001
13.308127,99,"Timecop",5.5,1,0,0,0,1,0,27,101.646581,1,1994
38.0958,89,"Zoolander",6.1,0,1,0,0,0,0,28,60.780981,1,2001
37.729059,115,"Safe Haven",6.9,0,0,0,0,0,1,28,97.59414,1,2013
18.650748,96,"Hocus Pocus",6.4,0,1,0,0,0,0,28,39.514713,1,1993
15.794946,104,"No Reservations",6.1,0,1,0,0,0,0,28,92.60105,1,2007
45.054936,117,"Kick-Ass",7.1,1,0,0,0,0,0,28,96.188903,1,2010
25.039383,83,"30 Minutes or Less",5.6,1,1,0,0,0,0,28,40.54744,1,2011
6.756771,99,"Dracula 2000",4.6,0,0,0,0,1,0,28,33.000337,1,2000
22.14595,81,"Alexander and the Terrible, Horrible, No Good, Very Bad Day",6.1,0,1,0,0,0,0,28,100.654149,1,2014
36.58383,135,"Pride & Prejudice",7.7,0,0,1,0,0,1,28,121.147947,1,2005
94.056131,117,"Blade Runner",7.9,0,0,1,0,1,0,28,33.139618,1,1982
41.638961,113,"3 Days to Kill",6,1,0,1,0,1,0,28,52.597999,1,2014
14.518708,117,"We Own the Night",6.5,0,0,1,0,1,0,21,54.926886,1,2007
3.312385,97,"Lost Souls",4.5,0,0,0,0,1,0,0,0,1,2000
22.074306,103,"Just My Luck",5.8,0,1,1,0,0,1,28,38.159905,1,2006
4.436792,119,"Mystery, Alaska",6,0,1,1,0,0,0,28,8.888143,1,1999
14.639324,94,"The Spy Next Door",5.5,1,1,0,0,0,0,28,45.236543,1,2010
1.767479,86,"A Simple Wish",5.5,0,1,0,0,0,0,28,8.345056,1,1997
13.145205,98,"Ghosts of Mars",4.8,1,0,0,0,0,0,28,14.010832,1,2001
12.921594,108,"Our Brand Is Crisis",5.8,0,1,1,0,0,0,28,7.002261,1,2015
28.397048,108,"Pride and Prejudice and Zombies",5.5,0,1,0,0,1,1,28,16.374328,1,2016
7.039189,134,"Kundun",6.8,0,0,1,0,0,0,28,5.684789,1,1997
16.785866,110,"How to Lose Friends & Alienate People",6.2,0,1,1,0,0,1,27,17.286299,1,2008
40.28635,103,"Kick-Ass 2",6.3,1,0,0,0,0,0,28,60.7,1,2013
6.009644,145,"Alatriste",5.6,1,0,0,0,0,0,24,23.321954,0,2006
25.520976,90,"Brick Mansions",5.7,1,0,1,0,0,0,28,68.896829,1,2014
25.633663,131,"Octopussy",6.2,1,0,0,0,1,0,27.5,187.5,1,1983
22.527211,129,"Knocked Up",6.2,0,1,1,0,0,1,30,219.076518,1,2007
24.09152,109,"My Sister's Keeper",7.1,0,0,1,0,0,0,30,95.714875,1,2009
6.248273,114,"Welcome Home Roscoe Jenkins",5.7,0,1,1,0,0,0,35,43.650785,1,2008
9.548391,163,"A Passage to India",6.9,0,0,1,0,0,0,8,27.187653,1,1984
12.576381,92,"Notes on a Scandal",6.9,0,0,1,0,0,1,15,49.469904,1,2006
12.741073,120,"Rendition",6.2,0,0,1,0,1,0,27.5,24.74867,1,2007
16.188572,113,"Star Trek VI: The Undiscovered Country",6.7,1,0,0,0,1,0,27,96.9,1,1991
5.576937,116,"Divine Secrets of the Ya-Ya Sisterhood",5.6,0,1,1,0,0,1,27,0,1,2002
18.913,115,"Kiss the Girls",6.2,0,0,1,0,1,0,27,60.527873,1,1997
44.714264,133,"The Blues Brothers",7.5,1,1,0,0,0,0,27,115.22989,1,1980
11.870301,117,"The Sisterhood of the Traveling Pants 2",6,0,1,1,0,0,0,27,44.352417,1,2008
5.753705,117,"Joyful Noise",6.7,0,1,0,0,0,0,0,0,1,2012
28.227984,101,"About a Boy",6.6,0,1,1,0,0,1,27,129,1,2002
11.678561,82,"Lake Placid",5.5,1,1,0,0,1,0,27,56.870414,1,1999
36.921445,110,"Lucky Number Slevin",7.4,0,0,1,0,1,0,27,56.308881,1,2006
17.567332,193,"The Right Stuff",7.3,0,0,1,0,0,0,27,21.5,1,1983
16.698316,130,"Anonymous",6.3,0,0,1,0,1,0,30,15.395087,1,2011
47.862016,102,"The NeverEnding Story",7,0,0,1,0,0,0,27,20.158808,1,1984
18.591657,110,"The Duchess",6.7,0,0,1,0,0,1,0,0,1,2008
3.123583,113,"The Newton Boys",5.9,1,0,1,0,0,0,27,76,1,1998
23.917982,109,"Case 39",6.1,0,0,0,0,1,0,27,29,1,2009
8.715822,99,"Suspect Zero",5.5,0,0,0,0,1,0,27,13,1,2004
5.737161,106,"Martian Child",6.8,0,0,1,0,0,0,0,0,1,2007
14.788073,89,"Spy Kids: All the Time in the World",4.4,1,1,0,0,0,0,27,85.56431,1,2011
38.279458,98,"Money Monster",6.5,0,0,0,0,1,0,27,93.282604,1,2016
9.670031,93,"The 51st State",5.9,1,1,0,0,1,0,2.8e-05,1.4e-05,1,2001
5.271559,112,"Flawless",5.9,0,1,1,0,0,0,0,4.488529,1,1999
17.193659,106,"Mindhunters",6.3,0,0,0,0,1,0,27,21.148829,1,2004
8.31653,104,"What Just Happened",5.2,0,1,1,0,0,0,25,6.673422,1,2008
2.653988,120,"The Statement",5.9,0,0,1,0,1,0,0,0,1,2003
0.548435,133,"The Magic Flute",6.9,0,1,1,0,0,0,0,0,1,2006
31.250383,91,"Paul Blart: Mall Cop",5.2,1,1,0,0,0,0,26,183.293131,1,2009
24.345651,97,"Freaky Friday",6,0,1,0,0,0,0,26,110.230332,1,2003
38.473732,116,"The 40 Year Old Virgin",6.2,0,1,0,0,0,1,26,109.449237,1,2005
31.792964,122,"Shakespeare in Love",6.8,0,0,0,0,0,1,25,289.317794,1,1998
61.309619,113,"A Walk Among the Tombstones",6.2,0,0,1,0,1,0,28,53.1816,1,2014
5.411154,111,"Kindergarten Cop",5.8,0,1,0,0,0,0,15,201.957688,1,1990
41.832392,111,"Pineapple Express",6.6,1,1,0,0,0,0,27,101.624843,1,2008
21.988861,121,"Ever After: A Cinderella Story",6.8,0,1,1,0,0,1,26,65.705772,1,1998
24.114459,115,"Flatliners",6.3,0,0,1,0,1,0,26,61.489265,1,1990
20.256571,175,"A Bridge Too Far",6.9,0,0,1,0,0,0,22,50.75,1,1977
8.802626,85,"Red Eye",6.2,0,0,0,0,1,0,26,57.891803,1,2005
39.742009,106,"O Brother, Where Art Thou?",7.3,1,1,0,0,0,0,26,71.868327,1,2000
31.893932,130,"Pain & Gain",6.1,1,0,0,0,1,0,25,86.175291,1,2013
15.376391,109,"In Good Company",5.9,0,1,1,0,0,1,0,0,1,2004
5.894163,94,"Clockstoppers",4.9,0,0,0,0,1,0,26,38.793283,1,2002
10.981038,127,"Silverado",7.1,1,0,1,0,0,0,26,0,1,1985
22.07638,104,"Brothers",6.8,0,0,1,0,1,0,26,43.318349,1,2009
10.925618,100,"Agent Cody Banks 2: Destination London",5.2,0,1,0,0,0,0,26,28.818995,1,2004
21.219292,118,"New Year's Eve",5.7,0,1,0,0,0,1,56,142.044638,1,2011
14.831402,118,"Original Sin",5.8,0,0,1,0,1,1,42,35.40232,1,2001
22.520842,111,"The Raven",6.1,0,0,0,0,1,0,26,29.657751,1,2012
3.314094,110,"Welcome to Mooseport",4.8,0,1,0,0,0,0,30,14,1,2004
7.964451,99,"Highlander: The Final Dimension",4.5,1,0,0,0,0,0,26,36.8,1,1994
1.492056,101,"Blood and Wine",5.5,0,0,1,0,1,0,26,0,1,1996
9.317265,103,"The Curse of the Jade Scorpion",6.5,0,1,0,0,1,1,0,0,1,2001
5.644844,100,"Accidental Love",3.9,0,1,0,0,0,1,26,0,1,2015
66.097437,116,"Self/less",6.3,0,0,0,0,1,0,26,30.523226,1,2015
20.679652,129,"The Constant Gardener",6.8,0,0,1,0,1,0,25,82.46667,1,2005
38.171417,127,"The Passion of the Christ",6.9,0,0,1,0,0,0,30,611.89942,1,2004
30.884535,125,"Mrs. Doubtfire",7,0,1,1,0,0,0,25,441.286195,1,1993
49.510658,133,"Rain Man",7.6,0,0,1,0,0,0,25,412.8,1,1988
50.7453,116,"Gran Torino",7.8,0,0,1,0,0,0,33,269.958228,1,2008
10.445391,131,"W.",6.1,0,0,1,0,0,0,25.1,29.506464,1,2008
80.879032,93,"Taken",7.2,1,0,0,0,1,0,25,226.830568,1,2008
33.93914,117,"The Best of Me",7.2,0,0,1,0,0,1,26,35.926213,1,2014
26.576385,129,"The Bodyguard",6.1,1,0,1,0,1,1,25,411.00674,1,1992
104.469351,195,"Schindler's List",8.3,0,0,1,0,0,0,22,321.365567,1,1993
42.191509,146,"The Help",7.8,0,0,1,0,0,0,25,124.272124,1,2011
20.267062,128,"The Fifth Estate",5.7,0,0,1,0,1,0,28,8.555008,1,2013
22.644275,93,"Scooby-Doo 2: Monsters Unleashed",5.4,0,1,0,0,0,0,0,181.466833,1,2004
7.182761,127,"Forbidden Kingdom",4.9,0,0,0,0,1,0,26,0,0,2014
7.336256,100,"The Face of an Angel",4.7,0,0,1,0,1,0,0,0,1,2014
12.739721,83,"Jimmy Neutron: Boy Genius",5.6,1,1,0,1,0,0,25,80.936232,1,2001
46.942396,85,"Cloverfield",6.4,1,0,0,0,1,0,25,170.764026,1,2008
15.505137,88,"Teenage Mutant Ninja Turtles II: The Secret of the Ooze",5.8,1,1,0,0,0,0,25,78,1,1991
38.272889,119,"The Untouchables",7.6,0,0,1,0,1,0,25,76.270454,1,1987
53.645267,122,"No Country for Old Men",7.7,0,0,1,0,1,0,25,171.6,1,2007
28.468,99,"Ride Along",6.1,1,1,0,0,0,0,25,153.997819,1,2014
35.310712,97,"Bridget Jones's Diary",6.5,0,1,1,0,0,1,25,281.929795,1,2001
28.727731,121,"Chocolat",6.8,0,1,1,0,0,1,25,152.500343,1,2000
4.340616,95,"Legally Blonde 2: Red, White & Blonde",5.1,0,1,0,0,0,0,45,124.914842,1,2003
14.604911,104,"Parental Guidance",5.7,0,1,0,0,0,0,25,119.772232,1,2012
38.688822,107,"No Strings Attached",6.1,0,1,0,0,0,1,25,147.78044,1,2011
30.537845,130,"Tombstone",7.4,1,0,1,0,0,0,25,56.505065,1,1993
19.750059,115,"Romeo Must Die",6,1,0,0,0,1,0,25,91.03676,1,2000
25.939385,111,"The Omen",7.2,0,0,0,0,1,0,2.8,60.92298,1,1976
26.811541,101,"The Lucky One",6.8,0,0,1,0,0,1,25,99.357138,1,2012
40.646102,96,"Bridge to Terabithia",7,0,0,1,0,0,0,60,137.587063,1,2007
34.160448,106,"Finding Neverland",7.2,0,0,1,0,0,0,25,116.766556,1,2004
5.377155,100,"A Madea Christmas",7,0,1,1,0,0,0,0,0,1,2013
48.552871,117,"The Grey",6.4,1,0,1,0,1,0,25,77.278331,1,2012
18.228538,101,"Hide and Seek",6.1,0,0,0,0,1,0,25,122.64482,1,2005
29.342744,94,"Anchorman: The Legend of Ron Burgundy",6.7,0,1,0,0,0,0,26,90.574188,1,2004
63.654244,145,"GoodFellas",8.2,0,0,1,0,0,0,25,46.836394,1,1990
11.859396,102,"Agent Cody Banks",5,1,0,0,0,0,0,28,58.795814,1,2003
24.356483,97,"Nanny McPhee",6.4,0,1,0,0,0,0,25,122.489822,1,2005
70.105981,170,"Scarface",8,1,0,1,0,1,0,25,65.884703,1,1983
8.618208,97,"Nothing to Lose",6.3,1,1,0,0,0,0,25,0,1,1997
21.189028,163,"The Last Emperor",7.4,0,0,1,0,0,0,23,43.98423,1,1987
31.364901,109,"Contraband",6.1,1,0,1,0,1,0,25,63.1,1,2012
7.615653,97,"Money Talks",5.9,1,1,0,0,0,0,0,0,1,1997
37.817905,158,"There Will Be Blood",7.9,0,0,1,0,0,0,25,77.208711,1,2007
5.784661,85,"The Wild Thornberrys Movie",5.8,0,0,0,1,0,0,35,0,1,2002
8.255708,84,"Rugrats Go Wild",5.6,0,0,0,1,0,0,0,0,1,2003
6.086083,86,"Undercover Brother",5.5,1,1,0,0,0,0,25,41.604473,1,2002
17.17372,119,"The Sisterhood of the Traveling Pants",6.3,0,1,1,0,0,0,25,39.053061,1,2005
16.936576,98,"Kiss of the Dragon",6.4,1,0,0,0,1,0,25,64.437847,1,2001
25.838073,97,"The House Bunny",5.6,0,1,0,0,0,1,25,70.44294,1,2008
5.625632,105,"Beauty Shop",5.4,0,1,0,0,0,1,25,36.35135,1,2005
17.312433,124,"Million Dollar Arm",6.6,0,0,1,0,0,0,25,38.307627,1,2014
53.811461,94,"The Giver",6.4,0,0,1,0,0,0,25,66.980456,1,2014
7.057765,105,"What a Girl Wants",5.8,0,1,0,0,0,0,0,0,1,2003
19.045146,104,"Jeepers Creepers 2",5.5,0,0,0,0,1,0,17,63.102666,1,2003
21.729434,101,"Good Luck Chuck",5.5,0,1,1,0,0,1,25,59.192128,1,2007
12.837116,101,"Cradle 2 the Grave",5.8,1,0,1,0,0,0,25,56.489558,1,2003
20.953265,114,"The Hours",7,0,0,1,0,0,0,25,41.59783,1,2002
10.81439,105,"She's the Man",6.4,0,1,1,0,0,1,20,33.889159,1,2006
27.683874,90,"Mr. Bean's Holiday",6.1,0,1,0,0,0,0,25,229.736344,1,2007
9.855474,97,"Anacondas: The Hunt for the Blood Orchid",4.9,1,0,0,0,1,0,20,70.992898,1,2004
12.756344,128,"Blood Ties",6,0,0,1,0,1,0,25.5,2.415472,1,2013
29.533437,114,"August Rush",7.1,0,0,1,0,0,0,25,66.122026,1,2007
14.179538,124,"Elizabeth",7.1,0,0,1,0,0,0,30,82.150642,1,1998
14.340095,89,"Bride of Chucky",5.5,0,1,0,0,0,0,25,50.67185,1,1998
9.795985,144,"Tora! Tora! Tora!",6.9,1,0,1,0,0,0,25.485,29.548291,1,1970
6.889437,93,"Spice World",4.7,0,1,1,0,0,0,25,100,1,1997
19.428994,81,"The Sitter",5.4,0,1,0,0,0,0,25,34.942188,1,2011
7.326034,83,"Dance Flick",4.7,1,1,0,0,0,0,0,0,1,2009
136.747729,142,"The Shawshank Redemption",8.5,0,0,1,0,0,0,25,28.341469,1,1994
6.081772,92,"Crocodile Dundee in Los Angeles",4.7,0,1,0,0,0,0,21.15,39.438674,1,2001
17.329269,113,"Kingpin",6.7,0,1,0,0,0,0,27,25.023434,1,1996
22.622453,111,"The Gambler",5.7,0,0,1,0,1,0,25,39.17113,1,2014
20.561682,121,"August: Osage County",6.9,0,1,1,0,0,0,25,74.188937,1,2013
13.288177,98,"Ice Princess",5.9,0,1,1,0,0,0,25,27.645491,1,2005
19.212552,107,"A Lot Like Love",6.5,0,1,0,0,0,0,30,42.886719,1,2005
29.365851,106,"Eddie the Eagle",7.2,0,1,1,0,0,0,23,46.1528,1,2016
10.232599,136,"He Got Game",6.7,0,0,1,0,0,0,25,21.567853,1,1998
8.870614,97,"Don Juan DeMarco",6.2,0,1,1,0,0,1,25,22.2,1,1994
19.402816,115,"Dear John",6.6,0,0,1,0,0,1,25,114.977104,1,2010
24.903418,97,"The Losers",6.2,1,0,0,0,1,0,25,23.58,1,2010
14.562197,99,"Don't Be Afraid of the Dark",5.4,0,0,0,0,1,0,25,36.993168,1,2010
18.896239,103,"War",6,1,0,0,0,1,0,25,40.452643,1,2007
15.960916,95,"Punch-Drunk Love",6.9,0,1,1,0,0,1,25,17,1,2002
25.848003,93,"EuroTrip",6.5,0,1,0,0,0,0,25,20.796847,1,2004
6.337063,98,"Half Past Dead",4.6,1,0,0,0,1,0,13,0,1,2002
10.006282,90,"Unaccompanied Minors",5.4,0,1,0,0,0,0,26,0,1,2006
2.753501,107,"Bright Lights, Big City",4.7,0,0,1,0,0,0,0,0,1,1988
6.718497,90,"The Adventures of Pinocchio",5,0,0,0,1,0,0,0,0,1,1996
7.538513,120,"The Greatest Game Ever Played",6.9,0,0,1,0,0,0,25,15.431177,1,2005
21.606001,115,"The Box",5.4,0,0,0,0,1,0,30,33.333531,1,2009
13.715715,91,"The Ruins",5.6,0,0,1,0,0,0,8,0,1,2008
3.707511,108,"The Next Best Thing",4.3,0,1,0,0,0,0,25,24.362772,1,2000
7.001176,107,"My Soul to Take",5.2,0,0,1,0,1,0,25,19.829957,1,2010
39.784026,108,"The Girl Next Door",6.3,0,1,0,0,0,0,25,30.411183,1,2004
10.115011,100,"Maximum Risk",5.2,1,0,0,0,1,0,25,51.702483,1,1996
7.321181,85,"Stealing Harvard",4.4,1,1,1,0,0,0,0,0,1,2002
32.854557,131,"Legend",6.7,0,0,0,0,1,0,25,42.972994,1,2015
6.309587,88,"Hot Rod",6.3,1,1,0,0,0,0,0,14.334401,1,2007
8.363702,91,"Shark Night",4.9,0,0,0,0,1,0,28,10.126458,1,2011
4.88794,145,"Angela's Ashes",7,0,0,1,0,0,0,2.5e-05,1.3e-05,1,1999
14.17009,109,"Draft Day",6.5,0,0,1,0,0,0,25,28.831145,1,2014
12.18362,116,"Lifeforce",6.2,0,0,0,0,1,0,25,0,1,1985
9.169271,122,"The Conspirator",6.2,0,0,1,0,0,0,25,15.4788,1,2010
8.127728,107,"Lords of Dogtown",7,0,0,1,0,0,0,25,13.411957,1,2005
10.699952,120,"The 33",6,0,0,1,0,0,0,25,24.902723,1,2015
29.796394,99,"Big Trouble in Little China",7.1,1,1,0,0,0,0,25,11,1,1986
11.60921,104,"Fly Me to the Moon",5.6,0,1,0,0,0,1,0,0,0,2012
51.915025,140,"Warrior",7.7,1,0,1,0,0,0,25,23.057115,1,2011
8.314624,132,"Michael Collins",6.7,0,0,1,0,1,0,28,16.9,1,1996
5.529035,254,"Gettysburg",6.6,0,0,1,0,0,0,0,25,1,1993
4.002579,113,"Stop-Loss",6.1,0,0,1,0,0,0,25,11.20713,1,2008
3.888776,99,"Abandon",4.6,0,0,1,0,1,0,25,10.719357,1,2002
7.296459,100,"Brokedown Palace",6.2,0,0,1,0,1,0,25,13,1,1999
21.680424,92,"The Possession",5.8,0,0,0,0,1,0,14,85.446075,1,2012
7.946769,105,"Mrs. Winterbourne",5.3,0,1,1,0,0,1,25,10.07,1,1996
7.473455,110,"Straw Dogs",5.5,0,0,1,0,1,0,25,10.324441,1,2011
5.073536,116,"The Hoax",6.4,0,1,1,0,0,0,25,11.772461,1,2006
3.623002,92,"Stone Cold",5.7,1,0,0,0,1,0,0,0,1,1991
41.075532,111,"The Road",6.8,0,0,1,0,0,0,32,27.635305,1,2009
4.020194,117,"Sheena",5,1,1,0,0,0,0,25,5.778353,1,1984
2.083856,95,"Underclassman",5.5,1,1,0,0,0,0,0,0,1,2005
2.909346,95,"Say It Isn't So",4.8,0,1,0,0,0,1,25,0,1,2001
8.450513,127,"The World's Fastest Indian",7.3,0,0,1,0,0,0,25,0,1,2005
8.186936,98,"Tank Girl",5.5,1,1,0,0,0,0,25,4.064495,1,1995
5.079017,95,"King's Ransom",5.1,0,1,0,0,0,0,0,0,1,2005
17.603823,121,"Blindness",6.4,0,0,1,0,1,0,25,19.844979,1,2008
7.008216,95,"BloodRayne",3.5,1,0,0,0,0,0,25,2.40542,1,2005
20.011435,80,"Carnage",7,0,1,1,0,0,0,25,27.603069,1,2011
4.051221,107,"Where the Truth Lies",5.9,0,0,1,0,1,0,25,0,1,2005
3.849873,117,"Without Limits",6.2,0,0,1,0,0,0,25,0.777423,1,1998
3.593165,114,"Me and Orson Welles",6.6,0,1,1,0,0,1,25,2.336172,1,2009
30.058263,124,"The Best Offer",7.7,0,0,1,0,0,1,13.5,19.255873,1,2013
17.339852,122,"The Bad Lieutenant: Port of Call - New Orleans",6,0,0,1,0,0,0,25,10.589102,1,2009
15.805449,88,"A Turtle's Tale: Sammy's Adventures",5.6,0,0,0,1,0,0,0,0,1,2010
15.279021,154,"Little White Lies",7.1,0,1,1,0,0,0,25,48.53147,0,2010
5.000126,117,"Love Ranch",6,0,0,1,0,0,0,0,0,1,2010
1.684948,82,"The True Story of Puss 'n Boots",3.8,0,0,0,1,0,0,0,0,0,2009
5.753564,85,"Space Dogs",6.3,0,0,0,1,0,0,25,6.5,0,2010
35.022029,117,"The Counselor",5,0,0,1,0,1,0,25,71.009334,1,2013
12.31708,121,"Ironclad",6.2,1,0,0,0,0,1,25,0,1,2011
1.894749,128,"Waterloo",7,1,0,1,0,0,0,25,3.052,1,1970
6.895866,100,"Kung Fu Jungle",6.5,1,0,0,0,1,0,25,0,0,2014
3.344158,100,"Red Sky",4.1,1,0,0,0,1,0,25,0,1,2014
14.480628,119,"Dangerous Liaisons",7,0,0,1,0,0,1,14,34.67072,1,1988
14.613152,137,"On the Road",5.5,0,0,1,0,0,0,25,8.784318,1,2012
30.445257,102,"Rocky Balboa",6.5,0,0,1,0,0,0,24,155.721132,1,2006
15.333575,98,"Jane Got a Gun",5.4,1,0,1,0,0,0,25,1.397284,1,2016
15.237142,105,"Think Like a Man Too",6.4,0,1,0,0,0,1,24,70.181428,1,2014
23.441135,98,"The Whole Nine Yards",6.2,0,1,0,0,0,0,41.3,106.371651,1,2000
25.03414,107,"Footloose",6.4,0,0,1,0,0,1,8.2,80.035402,1,1984
24.70166,91,"Old School",6.6,0,1,0,0,0,0,24,87.055349,1,2003
16.146572,137,"The Fisher King",7.2,0,1,1,0,0,0,24,41.895491,1,1991
20.793026,100,"I Still Know What You Did Last Summer",5.1,0,0,0,0,1,0,65,40.002112,1,1998
5.771479,115,"Return to Me",6.1,0,1,1,0,0,1,24,36.609995,1,2000
27.326466,102,"Zack and Miri Make a Porno",6.1,0,1,0,0,0,0,24,42.105111,1,2008
3.572339,108,"Nurse Betty",5.9,0,1,0,0,1,0,24,0,1,2000
20.69219,93,"The Men Who Stare at Goats",5.9,0,1,0,0,0,0,24,68.729358,1,2009
1.903405,88,"Double Take",5.5,1,1,1,0,0,1,0,0,1,2001
10.713521,127,"Girl, Interrupted",7.6,0,0,1,0,0,0,40,0,1,1999
7.701041,95,"Win a Date with Tad Hamilton!",5.5,0,1,0,0,0,1,17,16.980098,1,2004
6.589193,87,"Muppets from Space",5.8,0,1,0,0,0,0,24,16.290976,1,1999
3.113009,107,"Ready to Rumble",4.7,1,1,1,0,0,0,24,12.37241,1,2000
5.566203,124,"Play It to the Bone",5.7,0,1,1,0,0,0,24,8.434146,1,1999
8.630825,89,"I Don't Know How She Does It",5,0,1,0,0,0,1,24,30.551495,1,2011
23.343839,88,"Piranha 3D",5.3,0,1,0,0,0,0,24,83.188165,1,2010
6.138213,118,"Beyond the Sea",6.5,0,0,1,0,0,0,23,0,1,2004
2.353441,93,"Meet the Deedles",4.1,0,1,0,1,0,0,24,4.562146,1,1998
2.439184,72,"The Thief and the Cobbler",6.8,0,0,0,1,0,0,28,0.669276,1,1993
0.515677,120,"The Bridge of San Luis Rey",5.4,0,0,1,0,0,1,0,0,1,2004
26.324874,98,"Faster",6.1,1,0,1,0,1,0,24,23.081726,1,2010
49.549984,119,"Howl's Moving Castle",8.2,0,0,0,1,0,0,24,234.710455,0,2004
57.300674,88,"Zombieland",7.2,0,1,0,0,0,0,23.6,102.391382,1,2009
23.839127,90,"The Waterboy",5.9,0,1,0,0,0,0,23,185.991646,1,1998
78.51783,124,"The Empire Strikes Back",8.2,1,0,0,0,0,0,18,538.4,1,1980
33.872182,118,"Bad Boys",6.5,1,1,0,0,1,0,19,141.407024,1,1995
27.33256,85,"The Naked Gun 2½: The Smell of Fear",6.6,0,1,0,0,0,0,23,86.930411,1,1991
20.317469,101,"The Ides of March",6.5,0,0,1,0,0,0,12.5,75.993061,1,2011
18.493202,108,"Pitch Black",6.7,1,0,0,0,1,0,23,53.187659,1,2000
7.901891,97,"Someone Like You...",6,0,1,0,0,0,1,23,0,1,2001
53.682367,126,"Her",7.9,0,0,1,0,0,1,23,47.351251,1,2013
11.183197,97,"Joy Ride",6.3,0,0,1,0,1,0,23,36.642838,1,2001
8.976738,114,"Anywhere But Here",5.9,0,1,1,0,0,1,23,18.653615,1,1999
2.634119,88,"The Crew",6.4,1,1,0,0,0,0,0,0,1,2000
26.257951,93,"Haywire",5.6,1,0,0,0,1,0,23,33.372606,1,2011
12.777008,89,"Jaws: The Revenge",3.5,0,0,0,0,1,0,23,51.881013,1,1987
6.130231,98,"Marvin's Room",6.6,0,0,1,0,0,0,0,0,1,1996
4.030724,94,"The Longshots",6.5,0,0,1,0,0,0,0,0,1,2008
6.921263,102,"The End of the Affair",6.6,0,0,1,0,0,0,23,10.827816,1,1999
12.869436,98,"Harley Davidson and the Marlboro Man",6.1,1,0,0,0,1,0,23,7.434726,1,1991
15.676123,124,"In the Valley of Elah",6.6,0,0,1,0,1,0,23,29.54179,1,2007
8.426589,110,"Coco Before Chanel",6.6,0,0,1,0,0,0,0,0,0,2009
11.071522,90,"Forsaken",5.8,0,0,1,0,0,0,11,0,1,2015
5.494047,86,"Cheri",5.9,0,1,1,0,0,1,23,9.366227,1,2009
6.618149,141,"Vanity Fair",5.5,0,0,1,0,0,1,23,16.123851,1,2004
7.876883,139,"Bodyguards and Assassins",6.5,1,0,1,0,0,0,23,5.837674,0,2009
35.169779,104,"1408",6.5,0,0,0,0,1,0,25,94.679598,1,2007
39.890798,96,"Spaceballs",6.7,0,1,0,0,0,0,22.7,38.119483,1,1987
22.096286,112,"The Water Diviner",6.8,0,0,1,0,0,0,22.5,15.520023,1,2014
41.967005,127,"Ghost",6.9,0,0,1,0,1,1,22,505,1,1990
57.110486,119,"There's Something About Mary",6.5,0,1,0,0,0,1,23,369.884651,1,1998
16.234053,97,"The Santa Clause",6.3,0,1,1,0,0,0,22,189.833357,1,1994
11.263361,127,"The Rookie",6.5,0,0,1,0,0,0,20,75.597042,1,2002
20.699212,110,"The Game Plan",6,0,1,0,0,0,0,22,147.880543,1,2007
17.606087,135,"The Bridges of Madison County",7.3,0,0,1,0,0,1,24,182.016617,1,1995
13.786075,84,"The Animal",4.6,1,1,0,0,0,0,22,84.772742,1,2001
35.227212,191,"Gandhi",7.4,0,0,1,0,0,0,22,77.737889,1,1982
27.898438,122,"The Hundred-Foot Journey",7.3,0,0,1,0,0,0,22,88.880821,1,2014
23.218144,114,"The Net",5.6,1,0,1,0,1,0,22,110.627965,1,1995
26.071644,132,"I Am Sam",7.2,0,0,1,0,0,0,22,92.542418,1,2001
9.175762,138,"Son of God",5.9,0,0,1,0,0,0,22,67.800064,1,2014
81.829237,121,"Underworld",6.6,1,0,0,0,1,0,22,95.708457,1,2003
17.7091,108,"Derailed",6.1,0,0,1,0,1,0,22,57.479076,1,2005
17.772518,108,"The Informant!",6,0,1,1,0,0,0,22,35.424826,1,2009
5.609755,131,"Shadowlands",6.8,0,0,1,0,0,1,22,0,1,1993
10.259461,83,"Deuce Bigalow: European Gigolo",4.7,0,1,0,0,0,0,22,22.400154,1,2005
30.114383,105,"Delivery Man",6.2,0,1,0,0,0,0,26,51.164106,1,2013
10.547959,108,"Our Kind of Traitor",6,0,0,0,0,1,0,0,9.930095,1,2016
12.887673,90,"Saving Silverman",5.4,0,1,0,0,0,1,22,19.351569,1,2001
13.410919,94,"Diary of a Wimpy Kid: Dog Days",6,0,1,0,0,0,0,22,77.112176,1,2012
3.70789,142,"Summer of Sam",6.3,0,0,1,0,1,1,0,0,1,1999
21.865021,104,"Jay and Silent Bob Strike Back",6.4,0,1,0,0,0,0,22,33.788161,1,2001
9.448517,106,"The Glass House",5.4,0,0,1,0,1,0,30,23.619609,1,2001
39.006187,106,"Hail, Caesar!",5.7,0,1,1,0,0,0,22,63.647656,1,2016
6.404571,98,"Josie and the Pussycats",5.3,0,1,0,0,0,0,22,0,1,2001
35.737655,100,"Homefront",6.4,1,0,0,0,1,0,22,43.058898,1,2013
14.925633,106,"I Heart Huckabees",6.2,0,1,0,0,0,1,22,0,1,2004
14.725467,104,"RoboCop 3",4.2,1,0,0,0,1,0,22,10.69621,1,1993
0.809588,104,"Megiddo: The Omega Code 2",3.6,1,0,0,0,1,0,0,0,1,2001
0.816883,107,"Darling Lili",4.9,0,1,1,0,1,1,0,0,1,1970
8.792054,77,"Dudley Do-Right",3.8,0,1,0,0,0,1,70,0,1,1999
25.002715,96,"The Transporter Refueled",5.2,1,0,0,0,1,0,25,72.62967,1,2015
7.588597,114,"The Libertine",5.9,0,0,1,0,0,1,0,0,1,2004
13.906611,145,"Black Book",7.2,0,0,1,0,1,0,21,26.193068,0,2006
13.960945,116,"Joyeux Noël",7.2,0,0,1,0,0,1,22,17.709155,0,2005
16.668854,100,"Hit & Run",5.5,1,1,0,0,0,1,2,14.4,1,2012
6.847133,104,"Mad Money",5.9,1,1,0,0,0,0,0,0,1,2008
48.784734,92,"Before I Go to Sleep",6.2,0,0,0,0,1,0,22,15.447154,1,2014
9.088209,121,"Sorcerer",7.4,1,0,0,0,1,0,22,12,1,1977
12.445176,105,"Stone",5.2,0,0,1,0,0,0,22,9.479718,1,2010
4.61335,115,"Moliere",6.7,0,1,1,0,0,1,0,0,0,2007
29.230298,116,"Out of the Furnace",6.5,0,0,1,0,1,0,22,15.4,1,2013
18.961323,119,"Michael Clayton",6.5,0,0,1,0,0,0,25,92.991835,1,2007
2.809378,101,"My Fellow Americans",6.3,0,1,1,0,0,0,0,0,1,1996
12.819447,117,"Arlington Road",7,0,0,1,0,1,0,21.5,0,1,1999
14.866351,106,"Underdogs",6,0,0,0,1,0,1,22,24,0,2013
15.013386,111,"To Rome with Love",5.6,0,1,0,0,0,1,17,73.244881,1,2012
8.700565,136,"Firefox",5.5,1,0,0,0,1,0,18,70.687344,1,1982
27.197799,81,"South Park: Bigger, Longer & Uncut",7.1,0,1,0,1,0,0,21,0,1,1999
20.410354,90,"Death at a Funeral",6.9,0,1,1,0,0,0,9,4.6e-05,1,2007
10.207065,96,"Teenage Mutant Ninja Turtles III",5.1,1,1,0,0,0,0,21,42,1,1993
5.683281,106,"Hardball",6.3,0,1,0,0,0,1,32,40.222729,1,2001
63.599973,122,"Silver Linings Playbook",6.9,0,1,1,0,0,1,21,205.738714,1,2012
17.746981,123,"Freedom Writers",7.5,0,0,1,0,0,0,21,41.170784,1,2007
1.934524,134,"For Colored Girls",7,0,0,1,0,0,0,0,37,1,2010
34.433521,92,"The Transporter",6.6,1,0,0,0,1,0,21,43.928932,1,2002
26.21425,115,"Never Back Down",6.4,1,0,1,0,0,0,20,41.627431,1,2008
4.781538,104,"The Rage: Carrie 2",5.1,0,0,0,0,1,0,21,17.762705,1,1999
10.13559,98,"Away We Go",6.7,0,1,1,0,0,1,17,14.899417,1,2009
5.815881,120,"Swing Vote",5.8,0,1,1,0,0,0,21,17.6,1,2008
8.982335,117,"Moonlight Mile",6.5,0,0,1,0,0,1,21,10.01105,1,2002
33.649652,127,"Tinker Tailor Soldier Spy",6.6,0,0,1,0,1,0,30,0,1,2011
2.636193,102,"Molly",5.5,0,1,1,0,0,1,0,0,1,1999
13.847872,91,"The Beaver",6.3,0,0,1,0,0,0,21,0.970816,1,2011
4.189378,114,"The Best Little Whorehouse in Texas",5.9,0,1,0,0,0,0,35,69.701637,1,1982
21.928025,97,"eXistenZ",6.7,1,0,0,0,1,0,15,2.856712,1,1999
68.159596,115,"Raiders of the Lost Ark",7.7,1,0,0,0,0,0,18,389.925971,1,1981
81.487685,120,"Home Alone 2: Lost in New York",6.3,0,1,0,0,0,0,18,358.991681,1,1992
52.456505,135,"Close Encounters of the Third Kind",7.2,0,0,1,0,0,0,20,303.788635,1,1977
9.662715,90,"Pulse",5,0,0,0,0,1,0,38,29.907685,1,2006
25.28436,100,"Beverly Hills Cop II",6.1,1,1,0,0,0,0,20,299.965036,1,1987
8.351385,105,"Bringing Down the House",5.4,0,1,0,0,0,0,20,132.675402,1,2003
18.174804,119,"The Silence of the Lambs",8.1,0,0,1,0,1,0,19,272.742922,1,1991
21.815122,94,"Wayne's World",6.5,0,1,0,0,0,0,20,121.697323,1,1992
20.99174,94,"Jackass 3D",6.4,1,1,0,0,0,0,20,117.224271,1,2010
19.636044,116,"Jaws 2",5.9,0,0,0,0,1,0,20,187.884007,1,1978
12.25264,91,"Beverly Hills Chihuahua",4.9,0,1,0,0,0,0,20,149.281606,1,2008
49.975409,112,"The Conjuring",7.4,0,0,0,0,1,0,13,318.000141,1,2013
13.590677,95,"Are We There Yet?",5.2,0,1,0,0,0,1,32,97.918663,1,2005
21.657563,97,"Tammy",5,0,1,0,0,0,0,20,100.525432,1,2014
43.057323,108,"School of Rock",6.7,0,1,0,0,0,0,35,131.282949,1,2003
16.470895,101,"Mortal Kombat",5.4,1,0,0,0,0,0,18,122.19592,1,1995
28.703007,109,"White Chicks",6.3,0,1,0,0,0,0,37,113.086475,1,2004
40.903931,115,"The Descendants",6.7,0,1,1,0,0,0,20,177.243185,1,2011
22.001408,117,"Holes",6.7,0,1,1,0,0,0,20,0,1,2003
23.139971,107,"The Last Song",6.9,0,0,1,0,0,1,0,0,1,2010
95.9229,134,"12 Years a Slave",7.9,0,0,1,0,0,0,20,187,1,2013
4.748929,118,"Drumline",6.2,0,1,1,0,0,1,20,57.588485,1,2002
2.986286,121,"Why Did I Get Married Too?",6.1,0,1,0,0,0,1,20,60.072596,1,2010
47.51363,105,"Edward Scissorhands",7.5,0,0,1,0,0,1,20,53,1,1990
53.161905,110,"Me Before You",7.6,0,0,1,0,0,1,20,207.945075,1,2016
7.050951,114,"Madea's Witness Protection",5.9,0,1,1,0,0,0,0,0,1,2012
15.978136,104,"The French Connection",7.4,1,0,0,0,1,0,1.8,41.158757,1,1971
42.512296,100,"Bad Moms",6.3,0,1,0,0,0,0,20,183.936074,1,2016
10.098722,83,"Date Movie",3.6,0,1,0,0,0,0,20,48.548426,1,2006
15.341196,72,"Return to Never Land",6.1,0,0,0,1,0,0,20,109.862682,1,2002
29.023184,127,"Selma",7.4,0,0,1,0,0,0,20,66.787908,1,2014
19.819893,72,"The Jungle Book 2",5.6,0,0,0,1,0,0,20,135.68,1,2003
11.62423,89,"Boogeyman",4.6,0,0,1,0,1,0,20,67.192859,1,2005
22.049787,96,"Premonition",5.8,0,0,1,0,1,0,20,84.146832,1,2007
9.829859,77,"The Tigger Movie",6.3,0,0,0,1,0,0,30,45.554533,1,2000
29.295801,123,"Orphan",6.7,0,0,0,0,1,0,20,41.596251,1,2009
14.136476,111,"Max",6.8,0,0,1,0,0,0,20,43.967255,1,2015
6.064638,86,"Epic Movie",3.2,1,1,0,0,0,0,20,86.865564,1,2007
41.503588,128,"Spotlight",7.8,0,0,1,0,1,0,20,88.346473,1,2015
20.495749,110,"Lakeview Terrace",5.9,0,0,1,0,1,0,20,27.640028,1,2008
13.906944,102,"The Grudge 2",5.2,0,0,0,0,1,0,20,39.143839,1,2006
2.003047,124,"How Stella Got Her Groove Back",6,0,1,1,0,0,1,20,37.67235,1,1998
11.349664,98,"Bill & Ted's Bogus Journey",5.9,0,1,0,0,0,0,0,0,1,1991
11.203335,115,"Man of the Year",5.8,0,1,1,0,1,1,20,41.237648,1,2006
8.265317,98,"The Black Hole",6.1,1,0,0,0,0,0,20,35.841901,1,1979
18.632156,104,"The American",5.8,0,0,1,0,1,0,20,65.464324,1,2010
6.92592,127,"Selena",7,0,0,1,0,0,0,20,60,1,1997
17.165039,82,"Vampires Suck",4.2,0,1,0,0,0,0,20,80.547866,1,2010
25.785925,143,"Babel",6.9,0,0,1,0,0,0,25,135.330182,1,2006
20.311684,103,"This Is Where I Leave You",6.5,0,1,1,0,0,0,19.8,41.29632,1,2014
20.975165,104,"Doubt",7,0,0,1,0,0,0,20,50.907234,1,2008
26.509175,98,"Team America: World Police",6.6,1,1,0,1,0,0,32,50.907422,1,2004
26.497025,92,"Texas Chainsaw 3D",5.3,0,0,0,0,1,0,20,47.241945,1,2013
14.211699,124,"Copycat",6.4,0,0,1,0,1,0,0,0,1,1995
36.819044,86,"Scary Movie 5",4.6,0,1,0,0,0,0,20,78.378744,1,2013
7.902536,158,"Paint Your Wagon",6.2,1,1,1,0,0,0,20,31.678778,1,1969
30.909699,128,"Milk",7.1,0,0,1,0,0,0,20,54.586584,1,2008
16.663797,107,"Risen",5.7,1,0,0,0,0,0,20,46.069568,1,2016
27.724913,91,"Ghost Ship",5.3,0,0,0,0,1,0,35,68.349884,1,2002
17.971883,108,"A Very Harold & Kumar Christmas",6,0,1,0,0,0,0,19,35.387212,1,2011
25.041992,108,"Wild Things",6.3,0,0,1,0,0,0,20,67.2,1,1998
7.924428,101,"The Stepfather",5.4,0,0,0,0,1,0,0,0,1,2009
14.857884,113,"The Debt",6.3,0,0,1,0,1,0,20,45.636368,1,2010
23.982956,113,"High Fidelity",7,0,1,1,0,0,1,30,47.126295,1,2000
12.458131,87,"One Missed Call",4.7,0,0,0,0,1,0,20,0,1,2008
3.996392,101,"Eye for an Eye",5.8,0,0,1,0,1,0,20,0,1,1996
30.387754,112,"The Bank Job",6.6,0,0,1,0,1,0,20,64.822796,1,2008
56.481487,108,"Eternal Sunshine of the Spotless Mind",7.9,0,0,1,0,0,1,20,72.258126,1,2004
19.962713,105,"You Again",6,0,1,0,0,0,1,20,32.005248,1,2010
18.666876,109,"Street Kings",6.3,1,0,1,0,1,0,20,65.569869,1,2008
55.964605,109,"The World's End",6.7,1,1,0,0,0,0,20,46.089287,1,2013
5.0348,99,"Nancy Drew",5.8,1,0,0,0,1,0,0,0,1,2007
28.019226,98,"Daybreakers",6,1,0,0,0,1,0,20,51.416464,1,2009
16.176976,104,"She's Out of My League",5.9,0,1,0,0,0,1,20,49.779728,1,2010
17.237143,109,"Monte Carlo",6,0,1,0,0,0,1,20,17.425,1,2011
4.34503,100,"Stay Alive",5.3,0,0,0,0,1,0,9,27.105095,1,2006
11.360997,119,"Quigley Down Under",6.5,1,0,1,0,0,1,0,0,1,1990
12.300789,88,"Alpha and Omega",5.3,0,0,0,1,0,0,20,39.3,1,2010
15.804814,97,"The Covenant",5.2,1,0,0,0,1,0,20,37.597471,1,2006
9.750557,105,"Stick It",6.3,0,1,1,0,0,0,0,0,1,2006
4.100942,89,"Shorts",5.1,0,1,0,0,0,0,40,28.972508,1,2009
12.309715,106,"To Die For",6.7,0,1,1,0,1,0,20,21.284514,1,1995
16.074397,115,"Appaloosa",6.3,0,0,1,0,0,0,20,20.211394,1,2008
17.016284,108,"Vampires",5.8,1,0,1,0,1,0,20,0,1,1998
93.067866,109,"Psycho",8.2,0,0,1,0,1,0,0.806948,32,1,1960
17.145287,101,"My Best Friend's Girl",5.4,0,1,0,0,0,1,20,36.620508,1,2008
27.256849,103,"Endless Love",6.7,0,0,1,0,0,1,20,34.07792,1,2014
7.878177,113,"Georgia Rule",5.6,0,1,1,0,0,1,20,0,1,2007
0.173964,98,"Under the Rainbow",4.9,0,1,0,0,0,0,20,2.297493,1,1981
14.370111,121,"Ladyhawke",6.8,0,0,1,0,0,1,20,18.432,1,1985
11.090254,114,"Simon Birch",6.5,0,1,1,0,0,0,20,18.253415,1,1998
20.82778,124,"Reign Over Me",7.1,0,0,1,0,0,0,20,22.222308,1,2007
43.644978,148,"Into the Wild",7.8,0,0,1,0,0,0,15,56.255142,1,2007
8.244324,100,"School for Scoundrels",5.6,0,1,1,0,0,1,20,17.807569,1,2006
23.292761,94,"Silent Hill: Revelation 3D",5,0,0,0,0,1,0,20,52.302796,1,2012
64.181668,108,"From Dusk Till Dawn",6.9,1,0,0,0,1,0,19,25.836616,1,1996
9.03154,68,"Pooh's Heffalump Movie",6.4,0,0,0,1,0,0,0,0,1,2005
4.031585,103,"Home for the Holidays",6.3,0,1,1,0,0,1,0,17.519169,1,1995
13.658985,99,"Kung Fu Hustle",7.2,1,1,0,0,0,0,20,100.914445,0,2004
6.908351,88,"The Country Bears",4.3,0,1,0,0,0,0,35,0,1,2002
10.446722,128,"The Kite Runner",7.3,0,0,1,0,0,0,20,73.276047,1,2007
32.243357,124,"21 Grams",7.2,0,0,1,0,1,0,20,60.427839,1,2003
9.149089,84,"Paparazzi",5.8,1,0,1,0,1,0,20,16.605763,1,2004
5.596835,101,"A Guy Thing",5.3,0,1,0,0,0,1,20,17.432163,1,2003
5.214408,98,"Loser",5,0,1,1,0,0,1,0,0,1,2000
3.011205,199,"The Greatest Story Ever Told",6.5,0,0,1,0,0,0,20,15.473333,1,1965
15.012237,111,"Secret in Their Eyes",6.2,0,0,1,0,0,0,19.5,34.85499,1,2015
16.238961,87,"Disaster Movie",3,1,1,0,0,0,0,25,14.109284,1,2008
15.21229,88,"Armored",5.5,1,0,1,0,1,0,20,22.942221,1,2009
6.397042,97,"The Man Who Knew Too Little",6.5,1,1,0,0,1,0,20,13.801755,1,1997
19.220789,106,"What's Your Number?",6.2,0,1,0,0,0,1,20,30.426096,1,2011
35.232278,95,"Lockout",5.8,1,0,0,0,1,0,20,32.20403,1,2012
9.842771,99,"Envy",4.8,0,1,0,0,0,0,40,0,1,2004
35.542809,96,"Crank: High Voltage",5.9,1,0,0,0,1,0,20,34.560577,1,2009
7.829295,98,"Bullets Over Broadway",7,1,1,0,0,1,0,0,0,1,1994
3.476925,123,"One Night with the King",6.1,0,0,1,0,0,0,20,13.391174,1,2006
5.133744,101,"The Quiet American",6.4,1,0,1,0,1,1,30,27.674124,1,2002
14.031377,101,"The Weather Man",6,0,1,1,0,0,0,20,12.482775,1,2005
17.227376,96,"Undisputed",6.1,1,0,1,0,1,0,20,12.398628,1,2002
17.98817,102,"Ghost Town",6.4,0,1,0,0,0,1,0,0,1,2008
15.66135,108,"12 Rounds",5.7,1,0,1,0,1,0,20,17.280326,1,2009
19.705311,116,"Let Me In",6.7,0,0,1,0,0,0,20,24.145613,1,2010
2.645722,93,"3 Ninjas Kick Back",4.5,1,1,0,0,0,0,0,0,1,1994
17.662683,102,"Be Kind Rewind",6.2,0,1,1,0,0,0,0,0,1,2008
2.894154,103,"Mrs Henderson Presents",6.4,0,1,1,0,0,0,0,0,1,2005
29.371987,115,"Triple 9",5.6,1,0,0,0,1,0,20,12.639297,1,2016
11.352693,96,"Deconstructing Harry",7.3,0,1,1,0,0,0,20,10.686841,1,1997
7.553773,98,"Three to Tango",5.4,0,1,0,0,0,1,20,0,1,1999
30.477114,100,"Burnt",6.3,0,0,1,0,0,0,20,36.606743,1,2015
9.927018,106,"We're No Angels",5.6,0,1,1,0,0,0,20,0,1,1989
12.379781,101,"Everyone Says I Love You",6.5,0,1,0,0,0,1,20,0,1,1996
12.643703,105,"Death Sentence",6.5,1,0,1,0,1,0,20,16.974459,1,2007
15.440465,99,"Everybody's Fine",6.5,0,0,1,0,0,0,21,0,1,2009
5.886228,88,"Superbabies: Baby Geniuses 2",1.9,0,1,0,0,0,0,0,9.109322,1,2004
6.925645,83,"The Man",5.4,1,1,0,0,0,0,0,12.382362,1,2005
9.36146,84,"Code Name: The Cleaner",4.7,1,1,0,0,0,0,20,10.337477,1,2007
6.102663,98,"Connie and Carla",6.4,0,1,0,0,0,0,20,11.341016,1,2004
0.709143,149,"Sweet Charity",6.5,0,1,1,0,0,1,8,20,1,1969
45.742217,148,"Inherent Vice",6.5,0,1,1,0,0,1,20,11.110975,1,2014
8.237336,110,"Battle of the Year",5.9,0,0,1,0,0,0,20,16.549477,1,2013
2.605374,83,"An American Carol",4.1,0,1,0,0,0,0,20,7,1,2008
29.072964,107,"Machete Kills",5.3,1,0,0,0,1,0,12,15.008161,1,2013
4.961306,87,"Strange Wilderness",4.7,0,1,0,0,0,0,0,6.575282,1,2008
8.628519,160,"Topsy-Turvy",6.7,0,1,1,0,0,0,0,0,1,1999
12.232048,106,"Little Boy",7,0,1,1,0,0,0,20,6.420319,1,2015
27.133277,99,"A Dangerous Method",6.2,0,0,1,0,1,0,15,27.462041,1,2011
26.093043,100,"A Scanner Darkly",6.8,0,0,0,1,1,0,8.7,7.659918,1,2006
13.621201,117,"Chasing Mavericks",7,0,0,1,0,0,0,0,0,1,2012
9.292987,96,"Alone in the Dark",3.1,1,0,0,0,1,0,20,10.442808,1,2005
7.716606,111,"Bandslam",5.4,0,1,1,0,0,0,20,5.210988,1,2009
7.698075,100,"Birth",5.9,0,0,1,0,1,0,20,0,1,2004
37.629309,125,"A Most Violent Year",6.5,0,0,1,0,1,0,20,12.00707,1,2014
2.405911,114,"Passchendaele",6.3,0,0,1,0,0,1,0,0,1,2008
3.350297,119,"Flash of Genius",6.3,0,0,1,0,0,0,0,0,1,2008
13.032308,135,"I'm Not There.",6.6,0,0,1,0,0,0,20,4.001121,1,2007
15.131867,93,"The Cold Light of Day",4.8,1,0,0,0,1,0,20,16.863583,1,2012
10.218307,114,"The Brothers Bloom",6.8,0,1,1,0,0,1,20,5.530764,1,2008
12.761176,124,"Synecdoche, New York",7.4,0,0,1,0,0,0,21,0,1,2008
60.732738,134,"Princess Mononoke",8.2,0,0,0,1,0,0,26.5,159.375308,0,1997
0.49446,114,"Bon voyage",5.7,0,1,1,0,0,0,0,0,0,2003
6.574285,124,"Can't Stop the Music",4.9,0,1,0,0,0,0,0,0,1,1980
14.617944,104,"The Proposition",7.1,1,0,1,0,1,0,2,5.048693,1,2005
3.102987,118,"My All American",6.8,0,0,1,0,0,0,20,0,1,2015
5.65327,84,"Marci X",3.3,0,1,0,0,0,0,20,1.675706,1,2003
44.566609,107,"Equilibrium",6.9,1,0,0,0,1,0,20,5.359645,1,2002
8.978408,125,"The Children of Huang Shi",6.5,0,0,1,0,0,0,40,7.4,0,2008
10.150993,115,"The Yards",6,1,0,1,0,1,0,0,0,1,2000
11.267676,122,"By the Sea",5.4,0,0,1,0,0,1,10,3.727746,1,2015
9.129808,126,"Steamboy",6.4,0,0,0,1,0,0,20,0,0,2004
2.013405,101,"The Game of Their Lives",5.8,0,0,1,0,0,0,0,0,1,2005
20.086645,101,"All Good Things",5.9,0,0,1,0,1,1,0,0,1,2010
12.373248,86,"CJ7",6.1,0,1,1,0,0,0,0,47.301471,0,2008
12.283025,118,"The Visitors II: The Corridors of Time",5.8,0,1,0,0,0,0,0,0,0,1998
10.617236,107,"Dylan Dog: Dead of Night",4.5,1,1,0,0,1,0,20,4.634062,1,2011
6.377308,100,"People I Know",5.5,0,0,1,0,1,0,20,0,1,2002
3.620537,110,"The Tempest",6,0,0,1,0,0,0,20,0.346594,1,2010
27.215666,106,"Regression",5.3,0,0,0,0,1,0,0,17.671101,1,2015
4.127155,102,"Three Kingdoms: Resurrection of the Dragon",6.6,1,0,1,0,0,0,0,0,1,2008
13.118983,95,"Butterfly on a Wheel",6.3,0,0,1,0,1,0,20,0,1,2007
14.182301,83,"Zambezia",5.3,0,1,0,1,0,0,20,0,1,2012
0.416179,170,"Ramanujan",5,0,0,1,0,0,0,0,0,0,2014
0.485405,98,"Dwegons",0.5,0,0,0,1,0,0,0,0,1,2014
7.444189,105,"Hands of Stone",6.1,0,0,1,0,0,0,20,0,1,2016
33.625477,96,"Survivor",5.4,0,0,0,0,1,0,20,0,1,2015
28.060472,105,"The Frozen Ground",6.1,0,0,0,0,1,0,27.22,5.496951,1,2013
20.746932,125,"The Painted Veil",7.1,0,0,1,0,0,1,19.4,0,1,2006
7.727035,150,"The Baader Meinhof Complex",7.1,1,0,1,0,1,0,27,0,0,2008
45.707835,181,"Dances with Wolves",7.6,0,0,1,0,0,0,22,424.208848,1,1990
28.497242,92,"Bad Teacher",5.4,0,1,0,0,0,0,20,216.197492,1,2011
11.47316,113,"Sea of Love",6.7,0,0,1,0,0,0,19,110.879513,1,1989
25.28132,95,"A Cinderella Story",6.1,0,1,0,0,0,0,19,70.067909,1,2004
20.392858,91,"Thir13en Ghosts",5.4,0,0,0,0,1,0,0,0,1,2001
78.699993,144,"The Shining",8.1,0,0,0,0,1,0,19,44.017374,1,1980
76.603233,116,"Back to the Future",8,0,1,0,0,0,0,19,381.109762,1,1985
13.664614,93,"House on Haunted Hill",5.5,0,0,0,0,1,0,19,40.846082,1,1999
2.242809,113,"I Can Do Bad All By Myself",6,0,1,1,0,0,0,0,0,1,2009
1.224105,90,"Fight Valley",3.9,1,0,1,0,0,0,27,0,1,2016
27.494037,101,"The Switch",5.9,0,1,1,0,0,1,19,49.830607,1,2010
18.47518,95,"Just Married",5.3,0,1,0,0,0,0,18,101.564935,1,2003
10.559414,109,"The Devil's Double",6.5,1,0,1,0,1,0,19.1,5.728213,1,2011
1.916351,85,"Thomas and the Magic Railroad",4.6,0,0,1,1,0,0,0,0,1,2000
28.867568,101,"The Crazies",6.2,1,0,0,0,0,0,20,54.95614,1,2010
118.968562,125,"Spirited Away",8.3,0,0,0,1,0,0,15,274.925095,0,2001
3.376967,110,"Firestorm",5.9,1,0,0,0,0,0,0,0,0,2013
7.436491,132,"The Bounty",6.5,1,0,1,0,0,0,25,8.613462,1,1984
57.84156,131,"The Book Thief",7.4,0,0,1,0,0,0,0,76.586316,1,2013
17.952817,109,"Sex Drive",6,0,1,0,0,0,1,19,18.755936,1,2008
21.959742,100,"Leap Year",6.4,0,1,0,0,0,1,19,29.922472,1,2010
4.229942,188,"The Fall of the Roman Empire",6,0,0,1,0,0,0,19,4.75,1,1964
11.766564,97,"Take Me Home Tonight",6.2,0,1,1,0,0,1,19,6.928068,1,2011
2.366251,121,"Won't Back Down",5.8,0,0,1,0,0,0,0,5.310554,1,2012
5.380733,116,"Kansas City",6.1,0,0,1,0,1,0,18,0,1,1996
5.625989,110,"Indignation",6.8,0,0,1,0,0,0,0,0,1,2016
30.205943,90,"The Amityville Horror",6,0,0,1,0,1,0,19,108.047131,1,2005
26.441669,114,"Adaptation.",7.3,0,1,1,0,0,0,19,32.801173,1,2002
1.583918,107,"Out of Inferno",5.8,1,0,0,0,0,0,0,0,0,2013
44.511363,118,"Fear and Loathing in Las Vegas",7.2,0,1,1,0,0,0,18.5,10.680275,1,1998
16.665841,100,"The Invention of Lying",6,0,1,0,0,0,1,18.5,31.912793,1,2009
36.471231,96,"Neighbors",6.2,0,1,0,0,0,0,18,268.1574,1,2014
85.30318,101,"The Mask",6.6,0,1,0,0,0,1,23,351.583407,1,1994
20.716023,104,"Big",6.9,0,1,1,0,0,1,18,151.668774,1,1988
29.487784,82,"Borat: Cultural Learnings of America for Make Benefit Glorious Nation of Kazakhstan",6.5,0,1,0,0,0,0,18,261.572744,1,2006
25.43954,96,"Legally Blonde",6.1,0,1,0,0,0,0,18,141.774679,1,2001
15.314027,105,"Star Trek III: The Search for Spock",6.4,1,0,0,0,1,0,18,87,1,1984
32.602868,122,"The Exorcism of Emily Rose",6.3,0,0,1,0,1,0,19,144.216468,1,2005
9.832326,88,"Deuce Bigalow: Male Gigolo",5.5,0,1,0,0,0,0,17,65.535067,1,1999
33.452469,110,"Left Behind",3.7,1,0,0,0,1,0,16,19.682924,1,2014
14.190837,103,"The Family Stone",6.2,0,1,1,0,0,1,0,0,1,2005
6.501815,106,"Barbershop 2:  Back in Business",5.6,0,1,1,0,0,0,18,65.070412,1,2004
26.58873,91,"Bad Santa",6.5,0,1,1,0,0,0,23,76.488889,1,2003
36.15716,94,"Austin Powers: International Man of Mystery",6.5,0,1,0,0,0,0,16.5,67.683989,1,1997
16.027955,94,"My Big Fat Greek Wedding 2",5.5,0,1,0,0,0,1,18,88.923251,1,2016
14.329891,99,"Diary of a Wimpy Kid: Rodrick Rules",6.3,0,1,0,0,0,0,21,72.417394,1,2011
50.009408,107,"Predator",7.3,1,0,0,0,1,0,18,98.235548,1,1987
31.82675,160,"Amadeus",7.8,0,0,1,0,0,0,18,51.973029,1,1984
36.423717,97,"Mean Girls",6.9,0,1,0,0,0,0,17,129.042871,1,2004
12.309718,113,"Under the Tuscan Sun",6.4,0,1,1,0,0,1,0,0,1,2003
11.693272,137,"Gosford Park",6.8,0,0,1,0,1,0,19.8,87.754044,1,2001
12.243887,103,"Peggy Sue Got Married",5.9,0,1,1,0,0,1,18,41.382841,1,1986
89.811154,119,"Birdman",7.4,0,1,1,0,0,0,18,103.215094,1,2014
34.694216,98,"Blue Jasmine",7,0,1,1,0,0,0,18,99.206215,1,2013
17.50138,111,"United 93",6.9,1,0,1,0,1,0,15,76.286096,1,2006
18.492655,94,"Honey",6,0,0,0,0,0,1,18,62.646763,1,2003
11.238522,81,"Spy Hard",4.9,1,1,0,0,0,0,18,0,1,1996
19.234672,106,"Soul Surfer",6.9,1,0,1,0,0,0,18,47.08899,1,2011
4.504377,121,"Catch-22",6.7,0,1,1,0,0,0,18,24.91167,1,1970
10.529143,86,"Observe and Report",5.6,0,1,1,0,0,0,0,24.007324,1,2009
18.379124,103,"Conan the Destroyer",5.8,1,0,0,0,0,0,18,100,1,1984
35.524457,129,"Raging Bull",7.7,0,0,1,0,0,0,18,23,1,1980
13.472365,109,"Love Happens",5.6,0,0,1,0,0,1,18,36.133014,1,2009
8.321586,109,"Young Sherlock Holmes",6.7,1,0,1,0,1,0,18,0,1,1985
7.668063,107,"Fame",5.5,0,1,1,0,0,1,0,0,1,2009
52.464877,94,"127 Hours",7,0,0,1,0,1,0,18,35.69292,1,2010
11.423533,94,"Small Time Crooks",6.4,1,1,0,0,0,0,0,0,1,2000
6.961736,115,"Center Stage",6.8,0,0,1,0,0,0,18,17.200925,1,2000
9.191187,107,"Love the Coopers",5.4,0,1,0,0,0,0,17,24,1,2015
4.492859,92,"Catch That Kid",4.9,1,0,0,0,0,0,18,16.702864,1,2004
5.706767,125,"Life as a House",7.2,0,0,1,0,0,0,18,0,1,2001
53.670525,122,"Steve Jobs",6.8,0,0,1,0,0,0,30,34.441873,1,2015
14.15192,102,"I Love You, Beth Cooper",5.1,0,1,0,0,0,1,18,0,1,2009
13.462544,87,"Youth in Revolt",5.9,0,1,1,0,0,1,18,0,1,2009
11.725805,98,"The Legend of the Lone Ranger",3.7,1,0,0,0,0,1,18,2.9456,1,1981
7.047975,109,"The Tailor of Panama",6.2,0,0,1,0,1,0,21,28.008462,1,2001
13.628601,108,"Blow Out",7.3,0,0,1,0,1,0,18,12,1,1981
16.520516,90,"Getaway",4.9,1,0,0,0,0,0,18,10.501938,1,2013
14.916264,112,"The Ice Storm",6.9,0,0,1,0,0,0,18,8.038061,1,1997
9.633711,94,"And So It Goes",5.7,0,1,1,0,0,1,18,25.312387,1,2014
3.455018,105,"Troop Beverly Hills",5.6,0,1,0,0,0,0,0,0,1,1989
1.946634,104,"Being Julia",6.4,0,1,1,0,0,1,0,0,1,2004
12.313143,117,"Nine 1/2 Weeks",5.8,0,0,1,0,0,1,17,6.735922,1,1986
3.659292,112,"The Last Station",6.7,0,0,1,0,0,1,0,0,1,2009
24.548633,127,"Ed Wood",7.3,0,1,1,0,0,0,18,5.887457,1,1994
17.683563,111,"Labor Day",6.7,0,0,1,0,0,0,18,20.275812,1,2013
31.887978,114,"RockNRolla",6.9,1,0,0,0,1,0,18,25.739015,1,2008
1.110179,99,"Megaforce",3.5,1,0,0,0,0,0,0,0,1,1982
9.814785,242,"Hamlet",7.3,0,0,1,0,0,0,0,0,1,1996
1.876811,117,"Mao's Last Dancer",6.8,0,0,1,0,0,1,25,20.719451,1,2009
32.717853,112,"Midnight Special",6.2,0,0,1,0,0,0,18,6.212282,1,2016
8.945081,108,"Anything Else",6.2,0,1,0,0,0,1,0,0,1,2003
13.916583,116,"The Railway Man",6.7,0,0,1,0,0,0,18,22.309223,1,2013
17.94739,144,"The White Ribbon",7.2,0,0,1,0,0,0,15.2388,0,0,2009
10.47644,93,"The Wraith",5.9,1,0,0,0,0,1,2.7,3.5,1,1986
10.991281,103,"Salton Sea",7,0,0,1,0,1,0,18,0.676698,1,2002
6.333869,98,"The Informers",4.4,0,0,1,0,0,0,18,0.382174,1,2008
1.138383,338,"Carlos",6.7,0,0,1,0,1,0,18,0.871279,1,2010
8.266124,114,"I Come with the Rain",5.6,0,0,1,0,1,0,18,0,1,2009
0.910529,121,"One Man's Hero",9.3,1,0,1,0,0,0,0,0,1,1999
10.144222,92,"I Am Wrath",4.5,1,0,1,0,1,0,18,0,1,2016
9.244181,105,"Renaissance",6.7,1,0,0,1,0,0,18,1.831348,0,2006
12.752463,89,"Red Sonja",5,1,0,0,0,0,0,17.9,6.948633,1,1985
22.748174,119,"Red Lights",6,0,0,0,0,1,0,14,13.551174,1,2012
33.436092,113,"Superbad",7,0,1,0,0,0,0,20,121.463226,1,2007
3.107371,103,"Madea Goes to Jail",6.4,0,1,1,0,0,0,0,90.508336,1,2009
7.922639,90,"Wolves",5.7,1,0,0,0,0,0,18,0,1,2014
28.973074,98,"Step Up 2: The Streets",6.5,0,0,1,0,0,1,23,150.8167,1,2008
23.980329,80,"Hoodwinked!",5.9,0,1,0,1,0,0,15,51.053787,1,2005
28.60542,121,"Hotel Rwanda",7.5,0,0,1,0,0,0,17.5,38,1,2004
42.669304,89,"Hitman",5.9,1,0,1,0,1,0,24,99.965753,1,2007
7.180403,93,"Black Nativity",5.8,0,0,1,0,0,0,17.5,7.018189,1,2013
21.638673,93,"The Prince",4.6,1,0,0,0,1,0,18,266.5868,1,2014
2.64486,116,"City of Ghosts",5.4,0,0,0,0,1,0,0,0,1,2002
25.881355,101,"The Others",7.4,0,0,1,0,1,0,0,0,1,2001
67.66094,137,"Aliens",7.7,1,0,0,0,1,0,18.5,183.316455,1,1986
20.786616,170,"My Fair Lady",7.4,0,0,1,0,0,1,17,72.070731,1,1964
27.654472,100,"I Know What You Did Last Summer",5.6,0,0,0,0,1,0,17,125.586134,1,1997
70.668923,104,"Let's Be Cops",6.4,0,1,0,0,0,0,17,136.621271,1,2014
23.425431,126,"Sideways",6.9,0,1,1,0,0,1,16,109.502303,1,2004
14.304444,110,"Beerfest",5.8,0,1,0,0,0,0,17.5,19.179969,1,2006
30.301307,91,"Halloween",7.4,0,0,0,0,1,0,0.3,70,1,1978
3.56033,87,"Good Boy!",4.7,0,1,0,0,0,0,17,0,1,2003
7.210095,123,"The Best Man Holiday",6.7,0,1,0,0,0,0,17,71.625195,1,2013
23.491962,109,"Smokin' Aces",6.4,1,1,0,0,1,0,17,57.103895,1,2006
14.18136,94,"40 Days and 40 Nights",5.2,0,1,0,0,0,1,17,0,1,2002
12.709227,81,"A Night at the Roxbury",5.9,0,1,0,0,0,0,17,30.331165,1,1998
24.054062,86,"Beastly",6,0,0,1,0,0,1,17,43.165571,1,2011
35.107857,107,"The Hills Have Eyes",6.1,0,0,0,0,1,0,15,69.623713,1,2006
10.149569,98,"Dickie Roberts: Former Child Star",5.1,0,1,0,0,0,0,0,0,1,2003
14.023082,128,"McFarland, USA",7.4,0,0,1,0,0,0,0,45.710059,1,2015
9.054803,99,"Lottery Ticket",5.6,0,1,0,0,0,0,0,0,1,2010
5.422285,105,"ATL",6,0,0,1,0,0,0,20,21.170563,1,2006
32.746486,112,"Pitch Perfect",7.3,0,1,0,0,0,1,17,115.350426,1,2012
3.960098,108,"Summer Catch",4.8,0,1,1,0,0,1,34,19.693891,1,2001
10.178917,121,"A Simple Plan",6.9,0,0,1,0,1,0,0,0,1,1998
4.544216,89,"They",4.6,0,0,0,0,1,0,17,0,1,2002
2.184708,89,"Larry the Cable Guy: Health Inspector",3.3,0,1,0,0,0,0,0,0,1,2006
18.790102,133,"Brooklyn's Finest",6.2,0,0,1,0,1,0,17,29.536299,1,2009
3.321095,154,"55 Days at Peking",6.3,1,0,1,0,0,0,17,10,1,1963
5.787891,95,"My Life in Ruins",5.6,0,1,0,0,0,1,17,20.455276,1,2009
7.864011,107,"American Dreamz",4.9,0,1,1,0,0,0,17,7.314027,1,2006
17.062117,90,"Superman IV: The Quest for Peace",4.1,1,0,0,0,0,0,17,19.3,1,1987
1.782666,94,"How She Move",3,0,0,1,0,0,0,0,0,1,2008
19.311572,122,"Running Scared",7,1,0,1,0,1,0,17,9.5,1,2006
2.897449,120,"Bobby Jones: Stroke of Genius",5.5,0,0,1,0,0,0,0,0,1,2004
36.960953,110,"The Illusionist",7.1,0,0,1,0,1,1,40,86.915017,1,2006
1.15641,102,"Roar",5.6,0,0,0,0,1,0,17,2,1,1981
9.583578,98,"Veronica Guerin",6.8,0,0,1,0,1,0,17,1.569918,1,2003
25.112567,120,"Escobar: Paradise Lost",6.1,0,0,0,0,1,1,17,3.758328,1,2014
9.349386,144,"Southland Tales",5.2,1,1,1,0,1,0,17,0.374743,1,2006
8.884405,80,"Dragon Hunters",6.5,0,0,0,1,0,0,15,0,0,2008
2.215261,91,"Damnation Alley",5,1,0,0,0,0,0,17,8.72,1,1977
6.385234,82,"The Apparition",4.5,0,0,0,0,1,0,17,9.627492,1,2012
20.935169,102,"My Girl",7,0,1,1,0,0,0,16.5,0,1,1991
4.358255,122,"Fur: An Imaginary Portrait of Diane Arbus",5.8,0,0,1,0,0,1,16.8,2.281089,1,2006
24.898687,126,"Wall Street",7,0,0,1,0,0,0,15,43.848069,1,1987
20.898711,136,"Sense and Sensibility",7.2,0,0,1,0,0,1,16.5,135,1,1995
18.236284,120,"Becoming Jane",6.9,0,0,1,0,0,1,16.5,37.311672,1,2007
10.74648,108,"Sydney White",6,0,1,0,0,0,0,16.5,13.620075,1,2007
12.102725,126,"House of Sand and Fog",7,0,0,1,0,0,0,16.5,16.942795,1,2003
55.458584,129,"Dead Poets Society",8.1,0,0,1,0,0,0,16.4,235.860116,1,1989
35.777067,107,"Dumb and Dumber",6.5,0,1,0,0,0,0,16,247.275374,1,1994
18.430419,96,"When Harry Met Sally...",7.3,0,1,1,0,0,1,16,92.823546,1,1989
7.980632,129,"The Verdict",7.4,0,0,1,0,0,0,16,53.97725,1,1982
14.759948,93,"Road Trip",5.9,0,1,0,0,0,0,16,119.754278,1,2000
9.229999,106,"Varsity Blues",6,0,1,1,0,0,1,0,0,1,1999
29.943316,100,"The Artist",7.3,0,1,1,0,0,1,15,133.432856,1,2011
15.788784,87,"The Unborn",4.8,0,0,0,0,1,0,16,76.51405,1,2009
41.083914,94,"Moonrise Kingdom",7.6,0,1,1,0,0,1,16,68.263166,1,2012
1.884558,120,"The Young Messiah",6.4,0,0,1,0,0,0,18.5,6.490401,1,2016
4.382761,80,"The Master of Disguise",3.7,0,1,0,0,0,0,0,0,1,2002
90.809408,118,"Pan's Labyrinth",7.6,0,0,1,0,0,0,19,83.258226,0,2006
6.579017,94,"See Spot Run",4.8,1,1,0,0,0,0,0,0,1,2001
7.854989,130,"Baby Boy",7.4,0,0,1,0,0,1,16,29.381649,1,2001
11.807269,91,"The Roommate",5.3,0,0,1,0,1,0,16,40.492759,1,2011
15.976335,91,"Joe Dirt",5.5,0,1,1,0,0,1,17.7,30.987695,1,2001
10.484642,110,"Double Impact",5.3,1,0,1,0,1,0,15,30.102717,1,1991
38.623178,121,"Hot Fuzz",7.4,1,1,0,0,0,0,12,80.573774,1,2007
8.8321,114,"The Women",4.6,0,1,1,0,0,1,16,50.007546,1,2008
32.758254,96,"Vicky Cristina Barcelona",6.7,0,0,1,0,0,1,15,96.408652,1,2008
6.091033,139,"Arn: The Knight Templar",6.4,1,0,1,0,0,1,25,0,0,2007
9.119797,94,"Boys and Girls",5.4,0,1,1,0,0,1,16,20.627372,1,2000
9.423866,109,"White Oleander",7.2,0,0,1,0,0,0,0,0,1,2002
32.257414,100,"Jennifer's Body",5.3,0,1,0,0,0,0,16,31.556061,1,2009
3.021835,96,"Drowning Mona",5.4,0,1,0,0,0,0,16,15.427192,1,2000
7.612849,90,"Radio Days",7,0,1,1,0,0,0,16,0,1,1987
36.764666,113,"Remember Me",6.9,0,0,1,0,0,1,20,0,1,2010
3.199784,99,"How to Deal",5.7,0,1,1,0,0,1,0,0,1,2003
9.455596,108,"My Stepmother is an Alien",5.3,0,1,0,0,0,0,20,13.854,1,1988
44.301745,125,"Philadelphia",7.6,0,0,1,0,0,0,26,206.67844,1,1993
19.890428,100,"The Thirteenth Floor",6.8,0,0,0,0,1,0,16,18.564088,1,1999
0.830596,97,"The Cookout",4.6,0,1,1,0,0,0,16,1.2e-05,1,2004
2.637355,107,"Meteor",5.1,1,0,0,0,1,0,0,0,1,1979
2.25453,112,"Duets",5.5,0,1,1,0,0,0,0,0,1,2000
8.711782,112,"Hollywood Ending",6.4,0,1,1,0,0,0,16,0,1,2002
5.700333,95,"Detroit Rock City",6.7,0,1,0,0,0,0,6.5,4.217115,1,1999
29.253833,116,"Highlander",6.8,1,0,0,0,0,0,16,5.9,1,1986
8.842869,113,"Things We Lost in the Fire",6.7,0,0,1,0,0,0,16,2.849142,1,2007
2.848727,97,"Steel",4.3,1,0,0,0,0,0,16,1.686429,1,1997
13.832464,117,"The Immigrant",6.2,0,0,1,0,0,1,16,5.867686,1,2013
4.488547,135,"The White Countess",6.9,0,0,1,0,0,1,0,0,1,2005
38.802415,101,"Trance",6.5,0,0,1,0,1,0,20,24.261569,1,2013
9.400404,86,"Soul Plane",4.7,0,1,0,0,0,1,16,14.822346,1,2004
18.923181,106,"Welcome to the Sticks",6.8,0,1,0,0,0,0,11,53.191886,0,2008
2.397987,96,"Good",6.3,0,0,1,0,0,0,0,0,1,2008
20.39955,161,"Enter the Void",7.2,0,0,1,0,0,0,13,0.754249,1,2009
7.251897,93,"Vamps",4.8,0,1,0,0,0,1,16,0,1,2012
43.217089,93,"Hachi: A Dog's Tale",7.7,0,0,1,0,0,0,16,47.801389,1,2009
14.529496,110,"Zulu",6.7,0,0,1,0,1,0,16,0,1,2013
20.59148,122,"The Homesman",6.4,0,0,1,0,0,0,16,3.442853,1,2014
2.244947,91,"Juwanna Mann",4.2,0,1,1,0,0,0,15.6,0,1,2002
1.326264,115,"Ararat",5.7,0,0,1,0,0,0,0,0,1,2002
0.212108,99,"Madison",5.3,1,0,1,0,0,0,0,0,1,2001
6.630856,93,"Slow Burn",5.5,0,0,1,0,1,0,15.5,1.237615,1,2005
18.20957,94,"Wasabi",6.2,1,1,1,0,0,0,15.3,0,0,2001
17.327279,95,"Slither",6.3,0,1,0,0,0,0,15.5,0,1,2006
29.843818,105,"Beverly Hills Cop",6.8,1,1,0,0,0,0,15,316.360478,1,1984
2.186927,103,"Home Alone",7.1,0,1,0,0,0,0,18,476.684675,1,1990
12.335827,102,"Three Men and a Baby",5.8,0,1,1,0,0,0,0,0,0,1987
20.818567,116,"Tootsie",6.9,0,1,0,0,0,1,21,177.2,1,1982
58.900647,110,"Top Gun",6.7,1,0,0,0,0,1,15,356.830601,1,1986
45.742254,120,"Crouching Tiger, Hidden Dragon",7.2,1,0,1,0,0,1,17,213.525736,0,2000
80.878605,122,"American Beauty",7.9,0,0,1,0,0,0,15,356.296601,1,1999
54.053576,118,"The King's Speech",7.6,0,0,1,0,0,0,15,414.211549,1,2010
17.638286,107,"Twins",5.7,0,1,0,0,0,0,15,216.614388,1,1988
3.803495,102,"The Yellow Handkerchief",6.4,0,0,1,0,0,1,15,0.317,1,2008
17.571533,154,"The Color Purple",7.7,0,0,1,0,0,0,15,146.292009,1,1985
4.628525,120,"Tidal Wave",6.5,1,0,1,0,1,0,16,11.301649,0,2009
145.364591,113,"The Imitation Game",8,0,0,1,0,1,0,14,233.555708,1,2014
12.18838,109,"Private Benjamin",6,0,1,0,0,0,0,0,0,1,1980
3.826685,125,"Coal Miner's Daughter",7.2,0,0,1,0,0,0,15,67.182787,1,1980
21.095489,92,"Diary of a Wimpy Kid",5.9,0,1,0,0,0,0,15,75.700498,1,2010
22.838834,98,"National Lampoon's Vacation",7.1,0,1,0,0,0,1,15,61.399552,1,1983
27.165222,92,"Bad Grandpa",6,0,1,0,0,0,0,15,151.831537,1,2013
19.113278,103,"The Queen",6.8,0,0,1,0,0,0,15,123.384128,1,2006
58.553213,92,"Beetlejuice",7.1,0,1,0,0,0,0,15,73.326666,1,1988
2.005111,113,"Why Did I Get Married?",6.1,0,1,1,0,0,0,15,55.184721,1,2007
16.418639,115,"Little Women",7,0,0,1,0,0,1,18,0,1,1994
43.675191,95,"The Woman in Black",6.1,0,0,1,0,1,0,17,127.730736,1,2012
4.688212,87,"When a Stranger Calls",5.4,0,0,0,0,1,0,15,66.966987,1,2006
9.125594,88,"Big Fat Liar",5.6,0,1,0,0,0,0,15,52.970014,1,2002
19.786392,183,"The Deer Hunter",7.8,0,0,1,0,0,0,15,50,1,1978
13.581966,97,"Wag the Dog",6.7,0,1,1,0,0,0,15,64.256513,1,1997
11.927667,94,"The Lizzie McGuire Movie",5.7,0,1,0,0,0,0,17,55.534455,1,2003
30.556135,112,"Snitch",5.8,0,0,1,0,1,0,35,42.930462,1,2013
31.565117,98,"Krampus",5.9,0,1,0,0,0,0,15,61.548707,1,2015
7.921311,118,"What's Love Got to Do with It",6.9,0,0,1,0,0,0,0,0,1,1993
19.284129,104,"Cop Land",6.6,1,0,1,0,0,0,15,44.862187,1,1997
23.423082,89,"Not Another Teen Movie",5.5,0,1,0,0,0,0,16,66.468332,1,2001
49.517264,109,"End of Watch",7.2,0,0,1,0,1,0,7,48.126384,1,2012
11.375032,106,"The Skulls",5.8,0,0,1,0,1,0,15,35.00718,1,2000
61.182331,123,"The Theory of Everything",7.8,0,0,1,0,0,1,15,123.726688,1,2014
7.314796,86,"Malibu's Most Wanted",4.7,0,1,0,0,0,0,0,0,1,2003
6.857923,120,"Where the Heart Is",6.9,0,1,1,0,0,1,15,33.771174,1,2000
41.286336,216,"Lawrence of Arabia",7.8,0,0,1,0,0,0,15,69.995385,1,1962
42.952942,115,"Wild",7,0,0,1,0,0,0,15,52.501541,1,2014
19.760383,110,"The Last House on the Left",6.2,0,0,1,0,1,0,15,32.721635,1,2009
10.194097,88,"The Wedding Date",6.2,0,1,0,0,0,1,15,47.175038,1,2005
11.045593,94,"Halloween: Resurrection",4.5,0,0,0,0,1,0,13,37.664855,1,2002
44.533612,98,"The Princess Bride",7.6,0,1,0,0,0,1,16,30.857814,1,1987
10.84158,126,"The Great Debaters",6.9,0,0,1,0,0,0,15,30.226144,1,2007
49.294864,100,"Drive",7.4,1,0,1,0,1,0,15,78.054825,1,2011
7.424798,89,"Confessions of a Teenage Drama Queen",5.1,0,1,0,0,0,0,15,29.331068,1,2004
5.164281,111,"The Object of My Affection",5.6,0,1,1,0,0,1,15,46.905889,1,1998
34.759855,100,"28 Weeks Later",6.5,0,0,0,0,1,0,15,64.23844,1,2007
7.297757,115,"When the Game Stands Tall",6.3,0,0,1,0,0,0,15,30.127963,1,2014
3.334804,106,"Because of Winn-Dixie",6.1,0,1,1,0,0,0,14,32.645546,1,2005
2.027393,124,"Love & Basketball",7.4,1,1,1,0,0,1,20,27.728118,1,2000
13.817269,107,"Grosse Pointe Blank",6.9,1,1,0,0,1,1,0,28.084357,1,1997
13.237835,99,"All About Steve",4.7,0,1,0,0,0,0,15,40.105542,1,2009
3.890223,90,"Book of Shadows: Blair Witch 2",4.3,0,0,0,0,1,0,0,0,1,2000
19.517239,101,"The Craft",6.3,0,0,1,0,1,0,15,24.769466,1,1996
30.669913,124,"Match Point",7.3,0,0,1,0,1,1,15,85.306374,1,2005
9.681147,103,"Ramona and Beezus",6.1,0,1,0,0,0,0,0,0,1,2010
15.355589,134,"The Remains of the Day",7.5,0,0,1,0,0,1,11.5,23.237911,1,1993
19.85579,155,"Boogie Nights",7.5,0,0,1,0,0,0,15,43.101594,1,1997
11.689337,94,"Nowhere to Run",5.5,1,0,1,0,1,0,0,0,1,1993
3.043589,95,"Flicka",6.1,0,0,1,0,0,0,15,21,1,2006
17.141376,89,"The Hills Have Eyes 2",5.2,0,0,0,0,1,0,15,0,1,2007
4.115398,90,"Tuck Everlasting",6.4,0,0,1,0,0,1,0,0,1,2002
7.679336,92,"The Marine",5,1,0,1,0,1,0,20,22.165608,1,2006
18.268009,94,"Keanu",6,1,1,0,0,0,0,15,20.566327,1,2016
7.809701,117,"Country Strong",5.9,0,0,1,0,0,1,15,20.529194,1,2010
35.395129,140,"The Place Beyond the Pines",6.8,0,0,1,0,0,0,15,35.485608,1,2013
45.317278,108,"The November Man",6,1,0,0,0,1,0,15,32.556119,1,2014
4.302941,109,"Eye of the Beholder",5.3,0,0,1,0,1,0,15,0,1,1999
47.006162,131,"The Hurt Locker",7.2,0,0,1,0,1,0,15,42,1,2008
11.379652,114,"Firestarter",5.9,1,0,1,0,1,0,15,17.080167,1,1984
24.612603,97,"Killing Them Softly",5.8,0,0,0,0,1,0,15,37.930465,1,2012
26.708193,121,"A Most Wanted Man",6.5,0,0,0,0,1,0,15,31.554855,1,2014
8.710294,87,"Freddy Got Fingered",4.6,0,1,0,0,0,0,0,0,1,2001
1.800119,85,"VeggieTales: The Pirates Who Don't Do Anything",5.9,0,1,0,1,0,0,0,0,1,2008
11.782725,87,"Highlander: Endgame",4.4,1,0,0,0,0,0,25,15.843608,1,2000
2.711955,121,"Idlewild",5.1,0,0,1,0,0,0,0,0,1,2006
16.629173,107,"One Day",7,0,0,1,0,0,1,15,59.389433,1,2011
20.05902,111,"Whip It",6.7,0,0,1,0,0,0,15,16.633035,1,2009
8.113634,92,"Knockaround Guys",5.9,0,0,0,0,1,0,15,12,1,2001
9.87419,97,"Confidence",6.4,1,1,0,0,1,0,0,0,1,2003
2.857936,97,"The Muse",5.3,0,1,0,0,0,0,0,0,1,1999
3.138118,125,"De-Lovely",6.3,0,0,1,0,0,0,20,0,1,2004
6.684096,124,"New York Stories",6.2,0,1,1,0,0,1,15,0,1,1989
17.672021,96,"The Man with the Iron Fists",5.2,1,0,0,0,0,0,15,15.608545,1,2012
3.033471,93,"Home Fries",4.8,0,1,1,0,0,1,15,10.443316,1,1998
3.313257,96,"Here On Earth",5.4,0,0,0,0,0,1,0,0,1,2000
41.089863,132,"Brazil",7.5,0,1,0,0,0,0,15,0,1,1985
10.9071,103,"Raise Your Voice",6,0,0,1,0,0,1,15,14.867514,1,2004
49.230089,117,"The Big Lebowski",7.8,0,1,0,0,0,0,15,46.189568,1,1998
11.429607,116,"Black Snake Moan",6.6,0,0,1,0,0,0,15,10.903846,1,2006
6.373316,118,"Dark Blue",6.5,1,0,1,0,1,0,15,9.23747,1,2002
9.717392,100,"A Mighty Heart",6.7,0,0,1,0,1,0,16,18.928871,1,2007
8.074807,94,"Whatever It Takes",5,0,1,1,0,0,1,15,9.902115,1,2000
7.034752,94,"Boat Trip",4.7,0,1,0,0,0,0,20,8.586376,1,2002
7.250379,97,"The Importance of Being Earnest",6.7,0,1,1,0,0,1,0,0,1,2002
0.116873,98,"The Love Letter",4.7,0,1,1,0,0,1,0,0,1,1998
7.712206,91,"Hoot",5.5,0,0,1,0,0,0,0,0,1,2006
25.329493,107,"In Bruges",7.4,0,1,1,0,0,0,15,34.533783,1,2008
5.112809,95,"Peeples",5.6,0,1,0,0,0,0,1.5e-05,0,1,2013
13.832376,102,"The Rocker",5.6,0,1,0,0,0,0,15,8.76289,1,2008
7.446069,89,"Post Grad",5,0,1,0,0,0,0,15,6.405245,1,2009
13.568302,106,"Promised Land",6,0,0,1,0,0,0,15,8.138788,1,2012
21.857387,92,"Whatever Works",6.8,0,1,0,0,0,1,15,35.097815,1,2009
0.249245,105,"The In Crowd",4.7,0,0,0,0,1,0,15,5.217498,1,2000
12.163832,121,"The Three Burials of Melquiades Estrada",7,0,0,1,0,0,0,15,12.036149,1,2005
8.962245,120,"Jakob the Liar",6,0,1,1,0,0,0,0,0,1,1999
32.690038,103,"Kiss Kiss Bang Bang",7.2,1,1,0,0,0,0,15,15.785148,1,2005
8.583217,92,"Idle Hands",6.1,0,1,0,0,1,0,25,4.15223,1,1999
31.60985,147,"Mulholland Drive",7.6,0,0,1,0,1,0,15,20.117339,1,2001
12.295216,98,"Blood and Chocolate",5.4,0,0,1,0,0,1,0,0,1,2007
12.4654,98,"You Will Meet a Tall Dark Stranger",5.8,0,1,1,0,0,1,22,0,1,2010
30.983397,104,"Never Let Me Go",6.8,0,0,1,0,0,1,15,9.455232,1,2010
1.485324,276,"The Company",7,0,0,1,0,0,0,0,0,1,2007
11.428903,111,"Transsiberian",6.5,0,0,0,0,1,0,15,5.92641,1,2008
5.484679,98,"The Clan of the Cave Bear",4.8,0,0,1,0,0,0,15,0,1,1986
5.770246,111,"Crazy in Alabama",6.5,0,1,1,0,0,0,0,0,1,1999
15.175289,112,"Funny Games",6.3,0,0,0,0,1,0,15,7.938872,1,2007
2.414721,100,"Listening",5.5,0,0,1,0,1,0,0,0,1,2015
0.470645,116,"Felicia's Journey",6.6,0,0,1,0,0,0,0,0,1,1999
32.351527,153,"Metropolis",8,0,0,1,0,0,0,92.62,0.650422,0,1927
17.493735,84,"District B13",6.5,1,0,0,0,1,0,12,9.584131,0,2004
6.932221,116,"Things to Do in Denver When You're Dead",6.7,0,0,1,0,0,0,8,0.529766,1,1995
8.142166,105,"The Assassin",6.6,1,0,1,0,0,0,15,0.632542,0,2015
6.329672,98,"Buffalo Soldiers",6.5,0,1,1,0,1,0,15,0,1,2001
7.744166,105,"The Return",7.4,0,0,1,0,1,0,0,0,0,2003
9.029489,98,"Ong Bak 2",6,1,0,0,0,1,0,8.5,8.936663,0,2008
22.708647,97,"Centurion",5.9,1,0,1,0,0,0,12,6.814789,1,2010
2.609057,93,"Silent Trigger",5,1,0,1,0,1,0,15,0.076382,1,1996
19.913961,98,"The Midnight Meat Train",6,0,0,1,0,1,0,15,3.533227,1,2008
1.897761,107,"Winnie Mandela",5.2,0,0,1,0,0,0,15,0,1,2011
7.701186,90,"The Son of No One",4.8,0,0,1,0,1,0,15,0,1,2011
1.833058,99,"All The Queen's Men",6.1,1,1,1,0,0,0,15,0.023,1,2001
12.185204,93,"The Good Night",5.7,0,1,1,0,0,1,15,0.02038,1,2007
2.500218,141,"Bathory: Countess of Blood",5.6,0,0,1,0,0,0,0,0,1,2008
6.459787,85,"Khumba",5.8,0,0,0,1,0,0,20,27.187375,1,2013
49.808505,110,"Automata",5.6,0,0,0,0,1,0,7,0,1,2014
4.901936,105,"Dungeons & Dragons: Wrath of the Dragon God",4.8,1,0,0,0,0,0,0,0,1,2005
0.738646,NA,"Chiamatemi Francesco - Il Papa della gente",7.3,0,0,1,0,0,0,15,0,0,2015
5.294319,119,"Shinjuku Incident",6.7,1,0,1,0,1,0,15,0,0,2009
0.165367,124,"Pandaemonium",4.5,0,0,1,0,0,0,0,0,1,2001
52.744331,101,"Groundhog Day",7.4,0,1,1,0,0,1,14.6,70.906973,1,1993
29.660993,115,"Magic Mike XXL",6.3,0,1,1,0,0,0,14.8,122.513057,1,2015
41.493042,120,"Romeo + Juliet",6.7,0,0,1,0,0,1,14.5,147.298761,1,1996
10.072199,111,"Sarah's Key",7.2,0,0,1,0,0,0,10,17.511906,0,2010
4.389363,98,"Freedom",5.8,0,0,1,0,0,0,14.5,0,1,2014
7.05145,139,"Manderlay",6.9,0,0,1,0,0,0,14.2,0.674918,0,2005
59.258969,120,"Slumdog Millionaire",7.6,0,0,1,0,0,1,15,377.910544,1,2008
16.742972,119,"Fatal Attraction",6.6,0,0,1,0,1,1,14,320.145693,1,1987
45.473484,119,"Pretty Woman",7,0,1,0,0,0,1,14,463,1,1990
15.474831,110,"Crocodile Dundee II",5.5,0,1,0,0,0,0,0,239.60621,1,1988
4.289676,101,"Broken Horses",5,0,0,1,0,1,0,0,0,1,2015
25.949277,145,"Born on the Fourth of July",6.7,0,0,1,0,0,0,14,161.001698,1,1989
22.409117,98,"Cool Runnings",6.8,0,1,0,0,0,0,14,154.864401,1,1993
6.92205,114,"Stomp the Yard",6.1,0,0,1,0,0,0,13,75.511123,1,2007
27.17347,125,"The Spy Who Loved Me",6.6,1,0,0,0,1,0,14,185.438673,1,1977
12.159009,99,"Urban Legend",5.6,0,0,0,0,1,0,14,72.527595,1,1998
4.448494,111,"Good Deeds",6.2,0,1,1,0,0,1,0,0,1,2012
13.13724,107,"White Fang",6.5,1,0,1,0,0,0,14,34.79316,1,1991
4.04701,81,"Superstar",5.1,0,1,0,0,0,0,0,0,1,1999
23.3784,105,"The Iron Lady",6.2,0,0,1,0,0,0,13,114.956699,1,2011
1.446172,82,"Jonah: A VeggieTales Movie",6.4,1,1,0,1,0,1,0,0,1,2002
3.650857,109,"Poetic Justice",6.9,0,0,1,0,0,1,14,27.515786,1,1993
5.102258,95,"All About the Benjamins",5.8,1,1,0,0,0,0,14,25.482931,1,2002
6.772615,100,"Vampire in Brooklyn",4.5,0,1,0,0,0,1,14,19.8,1,1995
11.543363,118,"Exorcist II: The Heretic",4.5,0,0,0,0,1,0,14,30.749142,1,1977
7.436315,83,"An American Haunting",5.3,0,0,0,0,1,0,0,0,1,2005
14.813614,83,"My Boss's Daughter",4.4,0,1,0,0,0,1,14,0,1,2003
20.792603,98,"A Perfect Getaway",6.2,0,0,0,0,1,0,14,22.852638,1,2009
6.733485,103,"Our Family Wedding",5.7,0,1,0,0,0,0,14,21.409028,1,2010
7.708227,96,"Dead Man on Campus",5.6,0,1,0,0,0,0,0,0,1,1998
2.238646,117,"Tea with Mussolini",5.8,0,1,1,0,0,0,12,21.001563,1,1999
7.866961,92,"Thinner",5.5,0,0,0,0,1,0,0,0,1,1996
3.876242,155,"New York, New York",6.1,0,0,1,0,0,1,0,0,1,1977
1.89218,115,"Crooklyn",6.7,0,1,1,0,0,0,0,0,1,1994
4.536745,90,"I Think I Love My Wife",5,0,1,0,0,0,1,11,13.196245,1,2007
11.706309,120,"Bobby",6.4,0,0,1,0,0,0,0,0,1,2006
4.66723,86,"Head Over Heels",5.3,0,1,0,0,0,1,14,10.42447,1,2001
7.487843,87,"Fun Size",5.5,0,1,0,0,0,0,14,11.417362,1,2012
13.65494,112,"The Diving Bell and the Butterfly",7.4,0,0,1,0,0,0,14,19.777647,0,2007
11.942862,136,"Little Children",6.9,0,0,1,0,0,1,26,14.821658,1,2006
5.833687,90,"Gossip",5.5,0,0,1,0,1,0,14,5.10882,1,2000
6.370267,107,"A Walk on the Moon",6.2,0,0,1,0,0,1,14,0,1,1999
4.052219,101,"Catch a Fire",6.4,1,0,1,0,1,0,0,4.291965,1,2006
3.231848,84,"Soul Survivors",4.4,0,0,0,0,1,0,0,0,1,2001
0.900442,139,"Jefferson in Paris",5.2,0,0,1,0,0,1,14,2.474,1,1995
8.387573,93,"Easy Virtue",6.3,0,1,0,0,0,1,0,0,1,2008
0.633004,127,"Caravans",5.8,1,0,1,0,0,1,0,0,1,1978
9.242554,150,"Mr. Turner",6.3,0,0,1,0,0,0,0,5.4055,1,2014
1.866443,104,"Wild Grass",5.8,0,0,1,0,0,1,0,0,0,2009
5.930533,132,"Amen.",7.1,0,0,1,0,0,0,0,0,0,2002
4.930129,117,"Reign of Assassins",6.7,1,0,0,0,0,0,12,0,0,2010
8.747922,113,"The Lucky Ones",6.3,0,1,1,0,0,0,0,0,1,2008
4.898424,149,"Margaret",6.1,0,0,1,0,0,0,14,0.046495,1,2011
7.410523,90,"Stan Helsing",4,0,1,0,0,0,0,0.000108,0,1,2009
24.210698,89,"Flipped",7.4,0,0,1,0,0,1,14,1.755212,1,2010
44.135568,134,"Brokeback Mountain",7.5,0,0,1,0,0,1,14,178.043761,1,2005
16.051328,97,"Clueless",6.9,0,1,1,0,0,1,12,0,1,1995
9.982885,107,"Far from Heaven",6.9,0,0,1,0,0,1,13.5,29.027914,1,2002
16.618874,93,"Hot Tub Time Machine 2",5,0,1,0,0,0,0,14,12.314651,1,2015
7.261196,124,"Quills",6.8,0,0,1,0,0,0,13.5,7.060876,1,2000
32.306455,110,"Seven Psychopaths",6.7,0,1,0,0,0,0,15,19.422261,1,2012
4.722403,105,"The Caveman's Valentine",6,0,0,1,0,1,0,0,0,1,2001
32.445895,156,"Downfall",7.7,0,0,1,0,0,0,18.33975,92.18091,0,2004
17.363739,125,"The Sea Inside",7.2,0,0,1,0,0,0,12.806,38.535221,0,2004
29.782161,108,"Under the Skin",6,0,0,1,0,1,0,13.3,5.380251,1,2014
18.362333,121,"Good Morning, Vietnam",7.1,0,1,1,0,0,0,13,123.92237,1,1987
0.680753,100,"The Last Godfather",4.7,1,1,0,0,1,0,13.4,16.7,1,2010
91.285683,108,"Black Swan",7.3,0,0,1,0,1,0,13,327.803731,1,2010
105.792936,200,"The Godfather: Part II",8.3,0,0,1,0,0,0,13,47.542841,1,1974
9.969624,112,"Save the Last Dance",6.3,0,0,1,0,0,1,13,91.038276,1,2001
17.113408,99,"A Nightmare on Elm Street 4: The Dream Master",5.8,0,0,0,0,1,0,7,72.5,1,1988
10.248439,117,"Miracles from Heaven",6.7,0,0,1,0,0,0,16,77,1,2016
25.316146,83,"Dude, Where’s My Car?",5.2,0,1,0,0,0,0,13,73.180723,1,2000
9.499325,107,"Young Guns",6.6,1,0,1,0,0,0,13,44.726644,1,1988
43.791745,102,"St. Vincent",7.1,0,1,0,0,0,0,13,54.837234,1,2014
11.828068,100,"About Last Night",6,0,1,0,0,0,1,12.5,49.002684,1,2014
54.550275,97,"10 Things I Hate About You",7.3,0,1,1,0,0,1,16,53.478166,1,1999
13.525704,88,"The New Guy",5.7,0,1,0,0,0,0,13,0,1,2002
12.963328,84,"National Lampoon's Loaded Weapon 1",5.7,0,1,0,0,0,0,0,0,1,1993
60.829621,86,"The Shallows",6.2,0,0,1,0,1,0,17,119.100758,1,2016
73.307513,113,"The Butterfly Effect",7.3,0,0,0,0,1,0,13,96.060858,1,2004
7.964289,89,"Snow Day",4.8,0,1,0,0,0,0,0,0,1,2000
2.388918,117,"This Christmas",7.1,0,1,1,0,0,0,13,0,1,2007
4.580081,97,"Baby Geniuses",3.3,0,1,0,0,0,0,12,36.450736,1,1999
6.425528,91,"The Big Hit",6.1,1,1,0,0,1,0,13,27.007143,1,1998
4.63093,100,"Harriet the Spy",5.7,0,1,1,0,0,0,12,0,1,1996
16.681567,84,"Child's Play 2",5.8,0,0,1,0,0,0,13,35.763605,1,1990
24.656068,83,"No Good Deed",5.6,0,0,0,0,1,0,13.2,53.830415,1,2014
37.104353,126,"The Mist",6.7,0,0,0,0,1,0,18,57.09619,1,2007
95.130041,108,"Ex Machina",7.6,0,0,1,0,0,0,15,36.869414,1,2015
27.546914,112,"Being John Malkovich",7.3,0,1,1,0,0,0,13,22.863596,1,1999
2.27213,90,"Two Can Play That Game",6.6,0,1,0,0,0,1,6,0,1,2001
6.130096,99,"Crazy/Beautiful",6.6,0,0,1,0,0,1,13,16.929123,1,2001
24.47248,141,"Letters from Iwo Jima",7.2,1,0,1,0,0,0,19,68.673228,1,2006
6.764437,104,"The Astronaut Farmer",6.2,0,1,1,0,0,0,13,11.130889,1,2006
1.750054,84,"Woo",5.5,0,1,0,0,0,1,13,8.026971,1,1998
66.11334,117,"Room",8.1,0,0,1,0,1,0,6,35.401758,1,2015
9.066881,82,"Dirty Work",6.5,0,1,0,0,0,0,0,0,1,1998
6.170139,95,"Serial Mom",6.4,0,1,0,0,1,0,13,7.820688,1,1994
4.742537,94,"Dick",5.7,0,1,0,0,0,0,13,27.5,1,1999
1.212956,99,"Light It Up",6.6,0,0,1,0,1,0,0,0,1,1999
11.880899,106,"54",5.5,0,0,1,0,0,0,13,16.757163,1,1998
10.131123,84,"Bubble Boy",5.1,0,1,1,0,0,1,0,0,1,2001
5.831302,93,"Birthday Girl",6.1,0,1,0,0,1,0,13,0,1,2001
35.522027,93,"21 & Over",5.7,0,1,0,0,0,0,13,48.065672,1,2013
10.573191,120,"Paris, je t'aime",6.8,0,0,1,0,0,1,13,4.857367,0,2006
4.898437,112,"Resurrecting the Champ",5.9,0,0,1,0,0,0,0,0,1,2007
17.632446,107,"Admission",5.4,0,1,1,0,0,1,13,18,1,2013
1.780065,112,"The Widow of Saint-Pierre",6.7,0,0,1,0,0,1,0,0,1,2000
26.373864,96,"Chloe",5.9,0,0,1,0,1,0,15,8.459458,1,2009
1.647335,91,"Faithful",4.8,0,1,1,0,0,0,13,9.7899,1,1996
12.321302,125,"Find Me Guilty",6.5,1,1,1,0,0,0,13,2.636637,1,2006
43.444135,102,"The Perks of Being a Wallflower",7.7,0,0,1,0,0,1,13,33.4,1,2012
1.279106,87,"Excessive Force",4.5,1,0,0,0,0,0,3,1.2,1,1993
3.680896,110,"Infamous",6.4,0,0,1,0,0,0,13,1.15133,1,2006
2.996284,120,"The Claim",5.6,0,0,1,0,0,1,0,0,1,2000
10.475368,91,"The Vatican Tapes",4.6,0,0,0,0,1,0,13,1.784763,1,2015
30.952377,88,"Attack the Block",6.3,1,1,0,0,0,0,14.350531,3.964682,1,2011
4.267466,127,"In the Land of Blood and Honey",5.8,0,0,1,0,0,1,10,0.303877,1,2011
34.532418,94,"The Call",6.6,0,0,0,0,1,0,13,68.572378,1,2013
6.116436,110,"Operation Chromite",5.8,1,0,1,0,0,0,0,0,0,2016
1.714972,90,"The Crocodile Hunter: Collision Course",5.3,1,0,0,0,0,0,0,33.082548,1,2002
19.664699,98,"I Love You Phillip Morris",6.4,0,1,1,0,0,1,13,10.652035,1,2009
6.537986,100,"Quest for Fire",7.1,0,0,1,0,0,0,12,55.260558,0,1981
13.349012,120,"Antwone Fisher",6.7,0,0,1,0,0,1,12.5,23.367586,1,2002
6.796079,108,"The Emperor's Club",6.9,0,0,1,0,0,1,0,0,1,2002
35.268557,120,"True Romance",7.5,1,0,0,0,1,1,12.5,12.281551,1,1993
7.453347,111,"Womb",5.9,0,0,0,0,0,1,3.1,0,1,2010
13.939054,100,"Glengarry Glen Ross",7.5,0,0,1,0,0,0,12.5,10.725228,1,1992
11.892615,109,"The Killer Inside Me",6,0,0,1,0,1,0,13,0,1,2010
5.69872,118,"Cat People",6,0,0,1,0,1,0,0,0,1,1982
8.780512,101,"Sorority Row",5.4,0,0,0,0,1,0,12.5,27.20612,1,2009
4.021389,101,"The Prisoner of Zenda",8.4,0,0,1,0,0,1,0,0,1,1937
15.817096,106,"Lars and the Real Girl",7.1,0,1,1,0,0,1,12,11.293663,1,2007
34.821223,94,"The Boy in the Striped Pyjamas",7.7,0,0,1,0,0,0,12.5,20.416563,1,2008
22.022228,140,"Dancer in the Dark",7.6,0,0,1,0,0,0,12.8,40.031879,1,2000
0.139384,132,"Oscar and Lucinda",6.2,0,0,1,0,0,1,0,0,1,1997
2.950618,99,"The Funeral",7.3,0,0,1,0,0,0,12.5,1.227324,1,1996
7.497306,90,"Solitary Man",5.8,0,1,1,0,0,1,15,5.024782,1,2009
26.396191,105,"Machete",6.3,1,1,0,0,1,0,20,31.327899,1,2010
6.546037,108,"Casino Jack",6,0,1,1,0,0,0,12.5,1.083683,1,2010
28.670193,69,"The Land Before Time",7,0,0,0,1,0,0,12.3,84.460846,1,1988
9.572705,140,"Tae Guk Gi: The Brotherhood of War",7.4,1,0,1,0,0,0,0,1.5e-05,0,2004
0.903529,118,"The Perfect Game",6.3,0,0,1,0,0,0,12.5,3.878993,1,2010
47.584643,122,"The Exorcist",7.5,0,0,1,0,1,0,8,441.306145,1,1973
50.152327,124,"Jaws",7.5,0,0,0,0,1,0,7,470.654,1,1975
60.767168,95,"American Pie",6.4,0,1,0,0,0,1,11,235.483004,1,1999
11.103202,78,"Ernest & Celestine",7.6,0,1,1,1,0,0,12.516654,8.10916,0,2012
15.26213,94,"The Golden Child",5.6,1,1,0,0,0,0,25,79.817939,1,1986
6.035152,122,"Think Like a Man",6.9,0,1,0,0,0,1,12,96.070507,1,2012
10.297189,102,"Barbershop",6.2,0,1,1,0,0,0,12,75.781642,1,2002
22.434102,113,"Star Trek II: The Wrath of Khan",7.3,1,0,0,0,1,0,12,96.8,1,1982
41.249004,86,"Ace Ventura: Pet Detective",6.4,0,1,0,0,0,0,15,107.217396,1,1994
23.161754,114,"WarGames",7,0,0,0,0,1,0,12,79.567667,1,1983
19.195399,113,"Witness",7,0,0,1,0,1,1,12,68.706993,1,1985
21.958055,110,"Act of Valor",6.3,1,0,0,0,1,0,12,81.272766,1,2012
45.477802,104,"Step Up",6.7,0,0,1,0,0,1,12,114.194847,1,2006
12.60629,81,"Beavis and Butt-Head Do America",6.5,0,1,0,1,0,0,12,0,1,1996
40.631671,154,"Jackie Brown",7.3,0,1,0,0,0,1,12,39.673162,1,1997
26.219598,107,"Harold & Kumar Escape from Guantanamo Bay",6.2,0,1,0,0,0,0,12,43.493123,1,2008
64.504747,84,"Chronicle",6.6,0,0,1,0,1,0,15,145,1,2012
3.389249,132,"Yentl",6.2,0,0,1,0,0,1,12,30.4,1,1983
14.779537,116,"Time Bandits",6.6,0,1,0,0,0,0,5,42.365581,1,1981
6.703319,93,"Crossroads",4.7,1,1,1,0,0,1,12,61.14103,1,2002
49.070321,88,"Project X",6.5,0,1,0,0,0,0,12,100,1,2012
21.933822,172,"Patton",7.3,0,0,1,0,0,0,12,89.8,1,1970
20.624896,96,"One Hour Photo",6.6,0,0,0,0,1,0,12,52.223306,1,2002
8.083995,89,"Quarantine",5.5,0,0,0,0,1,0,12,40.855419,1,2008
11.135734,98,"The Eye",5.5,0,0,1,0,1,0,12,56.309766,1,2008
4.623609,97,"Johnson Family Vacation",4.7,0,1,0,0,0,0,12,31.179516,1,2004
11.510281,93,"How High",6.3,0,1,0,0,0,0,12,31.155435,1,2001
15.085981,85,"The Muppet Christmas Carol",7.2,0,1,1,0,0,0,0,27.281507,1,1992
18.422327,123,"Frida",7.3,0,0,1,0,0,1,12,56.298474,1,2002
74.358971,125,"The Fault in Our Stars",7.6,0,0,1,0,0,1,12,307.166834,1,2014
18.422008,121,"Rounders",6.9,0,0,1,0,0,0,12,22.921898,1,1998
15.896312,102,"Top Five",6.3,0,1,1,0,0,0,0,25.434291,1,2014
6.044161,99,"Stir of Echoes",6.5,0,0,0,0,1,0,12,21.133087,1,1999
29.019504,98,"Philomena",7.4,0,0,1,0,0,0,12,100.129872,1,2013
6.2464,118,"The Upside of Anger",6.4,0,1,1,0,0,0,0,0,1,2005
5.315213,125,"The Boys from Brazil",6.6,0,0,1,0,1,0,0,0,1,1978
16.931846,104,"Aquamarine",5.8,0,1,0,0,0,1,12,23.006849,1,2006
64.610671,109,"Paper Towns",6.1,0,0,1,0,0,1,12,85.5123,1,2015
4.480167,86,"My Baby's Daddy",4.3,0,1,0,0,0,0,0,5.1e-05,1,2004
29.223881,115,"Nebraska",7.4,0,0,1,0,0,0,12,17.654912,1,2013
7.710797,92,"Tales from the Crypt: Demon Knight",6.7,0,1,0,0,1,0,0,0,1,1995
1.081822,86,"Max Keeble's Big Move",5.4,0,1,0,0,0,0,12,17.292381,1,2001
16.183746,94,"Young Adult",5.6,0,1,1,0,0,0,12,22.939027,1,2011
47.992817,88,"Crank",6.6,1,0,0,0,1,0,12,42.931041,1,2006
1.20245,93,"Def Jam's How to Be a Player",5.3,0,1,0,0,0,1,0,13.960203,1,1997
0.700792,100,"Living Out Loud",5.3,0,1,1,0,0,1,12,12.90279,1,1998
10.409253,100,"Just Wright",6.1,0,1,1,0,0,1,0,21.520719,1,2010
14.345428,113,"Rachel Getting Married",6.1,0,0,1,0,0,0,0,0,1,2008
6.803763,122,"The Postman Always Rings Twice",6.4,0,0,1,0,0,1,12,0,1,1981
19.944479,101,"Girl with a Pearl Earring",6.4,0,0,1,0,0,1,0,31.466789,1,2003
26.967494,149,"Das Boot",7.9,1,0,1,0,0,0,14,85,0,1981
3.444542,93,"Sorority Boys",4.6,0,1,0,0,0,0,12,0,1,2002
74.817641,123,"About Time",7.8,0,1,1,0,0,0,0,87.100449,1,2013
21.064082,119,"House of Flying Daggers",7.1,1,0,1,0,0,1,0,92.863945,0,2004
16.40512,100,"Arbitrage",6.1,0,0,1,0,1,0,12,35.485056,1,2012
32.940597,106,"Project Almanac",6.4,0,0,0,0,1,0,12,32.248241,1,2015
13.427427,109,"Cadillac Records",6.9,0,0,1,0,0,0,12,0,1,2008
5.359381,81,"Screwed",4.9,1,1,0,0,0,0,0,0,1,2000
8.708229,95,"Fortress",5.7,1,0,0,0,1,0,8,6.739141,1,1992
4.330428,86,"For Your Consideration",5.9,0,1,1,0,0,0,12,5.542025,1,2006
7.594593,113,"Celebrity",6,0,1,1,0,0,0,0,0,1,1998
4.770195,116,"Running with Scissors",5.8,0,1,1,0,0,0,12,6.754898,1,2006
1.623338,90,"From Justin to Kelly",3,0,1,0,0,0,1,12,4.922166,1,2003
2.993939,108,"Girl 6",5.7,0,1,0,0,0,0,12,4.939939,1,1996
10.536092,119,"In the Cut",4.6,0,0,0,0,1,0,12,2.3e-05,1,2003
8.290636,110,"Two Lovers",6.6,0,0,1,0,0,1,12,3.148182,1,2008
3.603842,109,"Last Orders",6,0,1,1,0,0,0,0,0,1,2001
27.65527,119,"The Host",6.7,0,0,1,0,0,0,11,88.489643,0,2006
1.379643,100,"The Pursuit of D.B. Cooper",6.8,0,0,0,0,1,0,0,0,1,1981
9.164386,100,"Ravenous",6.9,0,1,0,0,1,0,12,0,1,1999
9.779444,97,"Charlie Bartlett",6.5,0,1,1,0,0,0,12,0,1,2008
32.523573,142,"The Great Beauty",7.3,0,1,1,0,0,0,12.4,8.371085,0,2013
2.24888,104,"The Dangerous Lives of Altar Boys",6.4,0,1,1,0,0,0,0,0,1,2002
27.322212,99,"Stoker",6.5,0,0,1,0,1,0,12,12.077441,1,2013
12.664787,129,"2046",6.9,0,0,1,0,0,1,12,19.271312,0,2004
3.004432,90,"Married Life",6.1,0,0,1,0,0,1,12,0,1,2007
4.795244,100,"Duma",6.9,0,0,1,0,0,0,12,0,1,2005
5.841285,111,"Ondine",6.5,0,0,1,0,0,1,12,1.644755,1,2009
5.327714,114,"Brother",6.8,0,0,1,0,1,0,12,15.25,0,2000
3.582733,86,"Welcome to Collinwood",6.2,0,1,0,0,0,0,1.2,0,1,2002
2.678715,107,"Critical Care",6.1,0,1,1,0,0,0,0,0,1,1997
9.728143,90,"The Life Before Her Eyes",6.1,0,0,1,0,1,0,8,0,1,2007
2.303865,103,"Darling Companion",5.3,0,0,1,0,0,1,0,0,1,2012
11.237374,120,"Trade",6.8,0,0,1,0,1,0,12,0,1,2007
1.906807,140,"Fateless",6.5,0,0,1,0,0,0,0,0,0,2005
2.695896,110,"Breakfast of Champions",5.2,0,1,0,0,0,0,12,0,1,1999
1.416796,95,"A Woman, a Gun and a Noodle Shop",4.8,0,1,1,0,1,0,0,0,0,2009
11.636883,95,"Cypher",6.7,0,0,0,0,1,0,7.5,0,1,2002
4.793348,132,"City of Life and Death",7.6,0,0,1,0,0,0,12,10.652498,0,2009
0.738652,89,"Legend of a Rabbit",3,1,1,0,1,0,0,19,2.57,0,2011
5.727602,113,"5 Days of War",5.8,0,0,1,0,0,0,20,0.017479,1,2011
0.489271,111,"10 Days in a Madhouse",4.3,0,0,1,0,0,0,1.2,0,1,2015
11.150261,99,"Heaven is for Real",6,0,0,1,0,0,0,12,101.332962,1,2014
53.595686,103,"Snatch",7.7,0,0,0,0,1,0,10,83.557872,1,2000
20.747994,103,"Pet Sematary",6.4,0,0,1,0,0,0,11.5,57.469467,1,1989
2.930853,134,"Madadayo",7.5,0,0,1,0,0,0,0,0,0,1993
4.75919,101,"The Cry of the Owl",5.5,0,0,1,0,0,0,11.5,0,1,2009
0.753362,130,"A Tale of Three Cities",6.3,0,0,1,0,0,1,0,0,0,2015
45.072136,106,"Gremlins",6.9,0,1,0,0,0,0,11,153.083102,1,1984
126.393695,121,"Star Wars",8.1,1,0,0,0,0,0,11,775.398007,1,1977
56.805781,102,"Dirty Grandpa",5.7,0,1,0,0,0,0,11.5,94.073028,1,2016
12.854853,197,"Doctor Zhivago",7.4,0,0,1,0,0,1,11,111.858363,1,1965
14.637357,112,"Trash",7.1,0,0,1,0,1,0,0,0,0,2014
21.801188,116,"High School Musical 3: Senior Year",6.2,0,1,1,0,0,1,0,0,1,2008
31.019381,116,"The Fighter",7.2,0,0,1,0,0,0,25,93.617009,1,2010
11.227087,95,"Jackass Number Two",6.4,1,1,0,0,0,0,11,72.778712,1,2006
19.231507,120,"My Cousin Vinny",7.3,0,1,1,0,0,0,11,64.088552,1,1992
31.162838,106,"If I Stay",7.3,0,0,1,0,0,0,11,78.874843,1,2014
3.94487,96,"Drive Hard",3.9,1,1,0,0,0,0,12,0,1,2014
7.559192,107,"Major League",6.6,0,1,0,0,0,0,11,49.797148,1,1989
7.377587,101,"St. Trinian's",5.6,0,1,0,0,0,0,0,0,1,2007
38.018085,81,"Phone Booth",6.7,0,0,1,0,1,0,13,97.837138,1,2002
33.283554,101,"A Walk to Remember",7.5,0,0,1,0,0,1,11,41.227069,1,2002
15.864928,122,"Dead Man Walking",7.3,0,0,1,0,0,0,11,39.363635,1,1995
23.449703,97,"Cruel Intentions",6.6,0,0,1,0,1,1,10.5,75.902208,1,1999
14.282314,92,"History of the World: Part I",6.5,0,1,0,0,0,0,11,31.672907,1,1981
3.495758,86,"Corky Romano",4.1,1,1,0,0,0,0,11,23.978402,1,2001
7.558959,91,"Raising Cain",5.9,0,0,1,0,1,0,12,37.170057,1,1992
3.375208,145,"F.I.S.T.",6.4,1,0,1,0,0,0,1.1e-05,1.1e-05,1,1978
39.337949,111,"Brooklyn",7.2,0,0,1,0,0,1,11,62.076141,1,2015
29.543331,184,"Barry Lyndon",7.7,0,0,1,0,0,1,11,20,1,1975
4.12064,89,"Out Cold",5.8,0,1,0,0,0,0,24,14.782676,1,2001
2.259537,84,"The Ladies Man",5.7,0,1,0,0,0,0,24,13.7,1,2000
7.722021,98,"Quartet",6.3,0,1,1,0,0,1,11,59.520298,1,2012
7.063053,95,"Tomcats",4.9,0,1,0,0,0,1,11,23.430766,1,2001
16.003958,100,"Frailty",7,0,0,1,0,1,0,11,13.110448,1,2001
21.204929,120,"Woman in Gold",7.3,0,0,1,0,0,0,11,61.619773,1,2015
6.799314,118,"Kinsey",6.6,0,0,1,0,0,0,0,0,1,2004
33.758281,81,"Army of Darkness",7.3,0,1,0,0,0,0,11,0,1,1992
9.371811,86,"Slackers",5.4,0,1,0,0,0,1,14,6.413915,1,2002
33.282794,118,"What's Eating Gilbert Grape",7.5,0,0,1,0,0,1,11,30,1,1993
3.208172,125,"The Visual Bible: The Gospel of John",8.2,0,0,1,0,0,0,10,4.06909,1,2003
4.131918,125,"Vera Drake",6.8,0,0,1,0,0,0,11,0,1,2004
4.093288,91,"The Guru",5.1,0,1,0,0,0,1,0,0,1,2002
1.187671,113,"The Perez Family",6.6,0,1,1,0,0,1,11,2.832826,1,1995
36.319205,105,"Inside Llewyn Davis",7.2,0,0,1,0,0,0,11,32.935319,1,2013
4.146752,95,"O",5.8,0,0,1,0,1,1,0,16.017403,1,2001
9.705589,98,"Return to the Blue Lagoon",5.1,0,0,1,0,0,1,11,2.807854,1,1991
1.396985,124,"The Molly Maguires",5.9,0,0,1,0,0,0,11,2.2,1,1970
4.056774,105,"Romance & Cigarettes",6,0,1,0,0,0,1,0,2.945242,1,2005
5.062687,104,"Copying Beethoven",6.2,0,0,1,0,0,0,11,0,1,2006
3.122152,111,"Brighton Rock",5.6,0,0,1,0,1,0,0,0,1,2010
32.943848,92,"Saw V",5.9,0,0,0,0,1,0,10.8,113.857533,1,2008
0.700127,116,"Machine Gun McCain",7.3,1,0,1,0,1,0,0,0,0,1969
31.763201,97,"LOL",5.9,0,1,1,0,0,1,11,0,1,2012
8.950864,123,"Jindabyne",5.7,0,0,1,0,1,0,0,0,1,2006
3.246903,193,"Kabhi Alvida Naa Kehna",6.1,0,0,1,0,0,1,7.4,17,0,2006
4.519523,97,"An Ideal Husband",6.3,0,1,1,0,0,1,14,18.535191,1,1999
18.764453,98,"The Last Days on Mars",5.2,0,0,0,0,1,0,0,0,1,2013
12.792446,97,"In the Land of Women",5.8,0,1,1,0,0,1,10,17.5,1,2007
1.985552,97,"The Blue Butterfly",6.8,0,0,1,0,0,0,0,0,1,2004
0.037073,99,"There Goes My Baby",8.5,0,1,1,0,0,0,10.5,0.123509,1,1994
0.12082,135,"Housefull",5.2,0,1,1,0,0,1,0,0,0,2010
3.646848,110,"September Dawn",5,1,0,1,0,0,1,11,0,1,2007
5.759545,145,"For Greater Glory - The True Story of Cristiada",6.4,0,0,1,0,0,0,12,9.622846,1,2012
25.302978,105,"The Bélier Family",7,0,1,1,0,0,0,11,0,0,2014
43.734886,126,"Good Will Hunting",7.9,0,0,1,0,0,0,10,225.933435,1,1997
10.016909,106,"Misconduct",5.3,0,0,1,0,1,0,11,0,1,2016
33.124871,108,"Saw III",6.1,0,0,0,0,1,0,10,163.876815,1,2006
10.892398,106,"Stripes",6.5,1,1,0,0,0,0,10,85.3,1,1981
14.754281,98,"Bring It On",5.8,0,1,0,0,0,0,28,90.449929,1,2000
53.727146,105,"The Purge: Election Year",6.1,1,0,0,0,1,0,10,118.58788,1,2016
8.9876,95,"She's All That",5.7,0,1,0,0,0,1,10,103.166989,1,1999
29.244768,93,"Saw IV",5.9,0,0,0,0,1,0,10,139.352633,1,2007
14.447723,101,"White Noise",5.6,0,0,1,0,1,0,10,91.196419,1,2005
5.882208,110,"Madea's Family Reunion",6,0,1,1,0,0,1,6,57.231524,1,2006
17.3393,119,"The Color of Money",6.7,0,0,1,0,0,0,13.8,52.293982,1,1986
19.524972,178,"The Longest Day",7.2,1,0,1,0,0,0,10,50.1,1,1962
8.932837,101,"The Mighty Ducks",6.4,0,1,0,0,0,0,10,50.752337,1,1992
35.695442,92,"The Grudge",5.8,0,0,0,0,1,0,10,183.474602,1,2004
26.598884,92,"Happy Gilmore",6.5,0,1,0,0,0,0,12,41.205099,1,1996
23.316208,90,"Jeepers Creepers",6.1,0,0,0,0,1,0,10,59.217789,1,2001
25.929893,90,"Bill & Ted's Excellent Adventure",6.7,0,1,0,0,0,0,10,40.485039,1,1989
8.305998,153,"Oliver!",7,0,0,1,0,0,0,10,37.402877,1,1968
21.258991,124,"The Best Exotic Marigold Hotel",6.9,0,1,1,0,0,0,10,136.836156,1,2011
5.699058,83,"Recess: School's Out",6.6,0,1,0,1,0,0,10,44.46085,1,2001
36.582038,107,"Mad Max Beyond Thunderdome",5.9,1,0,0,0,0,0,12.305523,36.230219,1,1985
34.224204,90,"Commando",6.4,1,0,0,0,1,0,10,57.5,1,1985
38.179483,97,"The Boy",5.8,0,0,0,0,1,0,10,64.188367,1,2016
30.934688,80,"Devil",5.8,0,0,0,0,1,0,10,33.583175,1,2010
7.499639,85,"Friday After Next",6,0,1,0,0,0,0,20,33.526835,1,2002
45.946524,97,"Insidious: Chapter 3",6.2,0,0,1,0,1,0,10,104.303851,1,2015
4.928777,108,"The Last Dragon",6.4,1,1,0,0,0,0,10,25.754284,1,1985
10.125029,108,"The Lawnmower Man",5.4,0,0,0,0,1,0,10,32.101,1,1992
20.452449,89,"Nick and Norah's Infinite Playlist",6.4,0,1,0,0,0,1,9,32.973937,1,2008
14.543435,130,"Dogma",6.8,0,1,0,0,0,0,10,30.65289,1,1999
6.015354,98,"The Banger Sisters",5.5,0,1,1,0,0,0,10,0,1,2002
12.902975,101,"Twilight Zone: The Movie",6.2,0,0,1,0,1,0,10,29.450919,1,1983
6.216203,114,"Road House",6.3,1,0,0,0,1,0,15,30.050028,1,1989
3.290639,100,"A Low Down Dirty Shame",6,1,1,0,0,0,0,10,29.392418,1,1994
4.844451,84,"Swimfan",5,0,0,1,0,1,0,8.5,34.41124,1,2002
9.559737,103,"Employee of the Month",5.3,0,1,0,0,0,1,12,38.368909,1,2006
11.350382,100,"Can't Hardly Wait",6.1,0,1,1,0,0,1,10,25.605015,1,1998
13.455373,91,"The Outsiders",6.9,0,0,1,0,0,0,10,33.697647,1,1983
16.78512,103,"The Dead Zone",6.9,0,0,0,0,1,0,10,20.766616,1,1983
2.698185,116,"Sparkle",5.8,0,0,1,0,0,0,14,24.637469,1,2012
5.904126,96,"Valentine",5,0,0,0,0,1,0,0,0,1,2001
22.888173,98,"The Fourth Kind",5.8,0,0,0,0,1,0,10,42.333295,1,2009
5.025446,105,"A Prairie Home Companion",6.4,0,1,1,0,0,0,10,0,1,2006
2.580808,123,"Sugar Hill",5.2,1,0,1,0,1,0,0,0,1,1994
4.192064,107,"Invasion U.S.A.",5.3,1,0,0,0,1,0,0,0,1,1985
2.596338,112,"Roll Bounce",6.1,0,1,1,0,0,0,0,0,1,2005
18.289303,93,"Rushmore",7.5,0,1,1,0,0,0,9,17.096053,1,1998
17.592299,122,"The Second Best Exotic Marigold Hotel",6.3,0,1,1,0,0,0,10,85.978266,1,2015
6.27141,101,"Kit Kittredge: An American Girl",6.4,0,1,1,0,0,0,0,0,1,2008
11.158906,100,"The Perfect Man",5.5,0,1,1,0,0,1,0,0,1,2005
3.079862,129,"Mo' Better Blues",6.3,0,0,1,0,0,1,10,16.153593,1,1990
8.288813,81,"Kung Pow: Enter the Fist",6.1,1,1,0,0,0,0,0,0,1,2002
32.579697,96,"Tremors",6.6,1,0,0,0,0,0,11,48.572,1,1990
33.555764,84,"Wrong Turn",6,0,0,0,0,1,0,12.6,28.650575,1,2003
4.068107,110,"The Corruptor",6,1,0,0,0,1,0,25,15.1562,1,1999
17.663353,130,"Mud",7,0,0,1,0,0,0,10,21.5877,1,2013
4.207456,84,"Reno 911!: Miami",5.6,1,1,0,0,0,0,10,20.342161,1,2007
3.352702,90,"The Goods: Live Hard, Sell Hard",5.4,0,1,0,0,0,0,10,0,1,2009
5.856363,76,"Hey Arnold! The Movie",5.6,0,0,0,1,0,0,0,0,1,2002
21.006078,99,"My Week with Marilyn",6.6,0,0,1,0,0,0,6.4,35.057696,1,2011
5.647538,96,"The Matador",6.2,1,1,1,0,1,0,10,17.297244,1,2005
1.000178,104,"Love Jones",8.1,0,1,1,0,0,1,10,0,1,1997
27.247013,108,"The Gift",6.7,0,0,0,0,1,0,5,58.978653,1,2015
1.83428,108,"End of the Spear",6.1,0,0,1,0,0,0,0,0,1,2005
11.592129,87,"Get Over It",5.5,0,1,0,0,0,1,10,0,1,2001
18.366362,89,"Office Space",7.4,0,1,0,0,0,0,10,12.827813,1,1999
6.736274,98,"Drop Dead Gorgeous",6.4,0,1,0,0,0,0,10,10.571408,1,1999
28.570174,105,"Big Eyes",6.8,0,0,1,0,0,0,10,28.883511,1,2014
5.671691,100,"Very Bad Things",6.2,0,1,0,0,1,0,30,9.898412,1,1998
5.842299,89,"Sleepover",5.3,0,1,0,0,0,0,0,0,1,2004
9.525626,114,"Body Double",6.4,0,0,0,0,1,0,10,8.80194,1,1984
14.038512,90,"MacGruber",5.1,1,1,0,0,0,0,10,6.11,1,2010
9.177896,97,"Dirty Pretty Things",6.8,0,0,1,0,1,0,0,0,1,2002
35.350303,90,"Movie 43",4.4,0,1,0,0,0,0,6,32.438988,1,2013
12.067921,95,"Over Her Dead Body",5.3,0,1,0,0,0,0,10,0,1,2008
30.863082,101,"Seeking a Friend for the End of the World",6.3,0,1,1,0,0,1,10,9.636289,1,2012
10.254807,87,"Cedar Rapids",5.9,0,1,0,0,0,0,0,6.861102,1,2011
73.567232,119,"American History X",8.2,0,0,1,0,0,0,20,23.875127,1,1998
16.361743,94,"The Collection",5.9,0,0,0,0,1,0,0,6.842058,1,2012
1.374409,74,"Teacher's Pet",5.5,0,0,1,1,0,0,10,0,1,2004
6.18869,131,"The Red Violin",7.3,0,0,1,0,1,1,18,9.495408,1,1998
15.280261,112,"The Straight Story",7.7,0,0,1,0,0,0,10,0,1,1999
0.753481,96,"Deuces Wild",5.5,1,0,1,0,0,1,0,0,1,2002
14.105392,88,"Bad Words",6.4,0,1,0,0,0,0,9.5,7.8,1,2013
14.905357,100,"Run, Fatboy, Run",6.2,0,1,0,0,0,1,10,33,1,2007
0.518056,79,"Heartbeeps",3.8,0,1,0,0,0,1,10,2.154696,1,1981
12.172131,121,"Black or White",6.5,0,0,1,0,0,0,9,21.571189,1,2014
3.084874,85,"On the Line",4.1,0,1,0,0,0,1,0,0,1,2001
17.078656,126,"Rescue Dawn",6.9,0,0,1,0,0,0,10,7.177143,1,2006
16.318608,107,"Danny Collins",6.6,0,1,1,0,0,0,10,10.835752,1,2015
10.409155,83,"Jeff, Who Lives at Home",6.1,0,1,1,0,0,0,10,4.41758,1,2011
5.355763,120,"I Am Love",6.9,0,0,1,0,0,1,0,0,0,2009
4.725357,112,"Atlas Shrugged Part II",5.4,0,0,1,0,0,0,0,0,1,2012
4.850402,100,"Romeo Is Bleeding",5.7,1,0,1,0,1,0,11.5,3.275585,1,1993
8.902102,89,"The Limey",6.6,1,0,1,0,1,0,10,3.193102,1,1999
28.223163,112,"Crash",7.2,0,0,1,0,0,0,6.5,98.410061,1,2004
3.007816,140,"The House of Mirth",6.4,0,0,1,0,0,1,10,5.164404,1,2000
1.610132,92,"Malone",6.8,1,0,0,0,1,0,0,0,1,1987
8.326131,120,"Peaceful Warrior",7.3,0,0,1,0,0,1,0,0,1,2006
3.919057,97,"Bucky Larson: Born to Be a Star",4.4,0,1,0,0,0,0,10,0,1,2011
2.23411,135,"Bamboozled",6.3,0,1,1,0,0,0,0,0,1,2000
19.865989,95,"The Forest",4.8,0,0,0,0,1,0,10,40.055439,1,2016
0.310513,118,"Sphinx",6,0,0,0,0,1,0,14,0.439564,1,1981
19.263477,97,"While We're Young",5.8,0,1,1,0,0,0,10,7.587485,1,2015
4.123533,98,"A Better Life",7,0,0,1,0,0,0,10,1.759252,1,2011
6.948401,98,"Spider",6.4,0,0,1,0,1,0,0,0,1,2002
3.988432,101,"Gun Shy",5.4,1,1,0,0,1,1,10,1.631839,1,2000
5.099923,132,"Nicholas Nickleby",6.8,1,0,1,0,0,0,0,0,1,2002
19.494703,105,"The Iceman",6.4,0,0,1,0,1,0,20,1.969193,1,2012
3.759988,154,"Krrish",5.5,1,0,0,0,0,0,0,0,0,2006
4.176066,87,"Cecil B. Demented",6.2,0,1,0,0,1,0,10,0,1,2000
16.436178,102,"Killer Joe",6.5,0,0,1,0,1,0,10,3.665069,1,2011
14.979375,96,"The Joneses",6.1,0,1,1,0,0,0,10,7.022728,1,2009
8.045488,104,"Owning Mahowny",6.8,0,0,1,0,1,0,0,0,1,2003
8.312153,93,"The Brothers Solomon",4.9,0,1,0,0,0,0,0,0,1,2007
10.733761,111,"My Blueberry Nights",6,0,0,1,0,0,1,10,21.786738,1,2007
0.111313,119,"Illuminata",6.3,0,0,1,0,0,0,0,0,1,1998
4.570043,89,"Swept Away",4.8,0,1,0,0,0,1,10,0.598645,1,2002
6.265659,106,"War, Inc.",5.6,1,1,0,0,1,0,5,1.296184,1,2008
17.54768,113,"Shaolin Soccer",6.6,1,1,0,0,0,0,0,42.77676,0,2001
3.412162,93,"The Brown Bunny",5.5,0,0,1,0,0,0,10,0,1,2004
0.627964,105,"The Swindle",6.4,0,1,0,0,1,0,0,0,0,1997
5.75555,103,"Rosewater",6.5,0,0,1,0,0,0,0,0,1,2014
1.031142,100,"The Chambermaid on the Titanic",5.3,0,0,1,0,0,0,0,0,1,1997
7.554799,123,"Coriolanus",5.9,0,0,1,0,1,0,7.7,1.072602,1,2011
2.85283,111,"Imaginary Heroes",6.3,0,1,1,0,0,0,10,0,1,2004
1.769593,86,"High Heels and Low Lifes",6.4,1,1,0,0,0,0,0,0,1,2001
9.805551,99,"World's Greatest Dad",6.5,0,1,0,0,0,1,10,0.29575,1,2009
12.898984,96,"Severance",6.4,0,1,0,0,1,0,0,0,1,2006
2.803642,82,"Edmond",6,0,0,1,0,1,0,10,0,1,2005
6.085879,110,"Welcome to the Rileys",6.4,0,0,1,0,0,0,0,0.042145,1,2010
11.946898,83,"Police Academy: Mission to Moscow",4.1,0,1,0,0,0,0,0,0.126247,1,1994
0.397341,0,"Blood Done Sign My Name",6,0,0,1,0,0,0,0,0,1,2010
0.072085,125,"Cinco de Mayo: La Batalla",5.8,0,0,1,0,0,0,10,0,0,2013
2.849895,104,"Elsa & Fred",6.2,0,1,0,0,0,1,10,0,1,2014
0.666218,86,"An Alan Smithee Film: Burn, Hollywood, Burn",3,0,1,0,0,0,0,10,0.045779,1,1998
1.388136,90,"The Open Road",4.8,0,1,1,0,0,1,0,0,1,2009
2.631688,90,"The Good Guy",5.4,0,1,0,0,0,1,3.2,0,1,2009
10.955567,90,"Motherhood",4.7,0,1,1,0,0,0,0,0,1,2009
0.122874,94,"Free Style",5.8,0,0,1,0,0,0,0,0.140987,1,2008
5.145655,111,"Strangerland",5.1,0,0,1,0,1,0,10,0.017472,1,2015
1.728816,85,"Janky Promoters",7,0,1,0,0,0,0,10,0.009069,1,2009
3.064563,93,"Blonde Ambition",3.9,0,1,0,0,0,1,10,0,1,2007
9.318033,107,"The Oxford Murders",5.7,0,0,0,0,1,0,14.1,0,1,2008
7.245108,94,"The Reef",5.4,0,0,1,0,1,0,0,0,1,2010
9.085482,91,"Eulogy",6.4,0,1,1,0,0,0,0,0,1,2004
6.814247,99,"White Noise 2: The Light",5.6,0,0,1,0,1,0,0,0,1,2007
2.873796,91,"Beat the World",4.3,0,0,1,0,0,0,10,0,1,2011
4.481897,117,"Fifty Dead Men Walking",6.1,1,0,0,0,1,0,0,0,1,2008
1.413934,85,"Jungle Shuffle",6.5,0,0,0,1,0,0,0,0,1,2014
2.574014,106,"Adam Resurrected",6.4,0,0,1,0,0,0,10,0,1,2008
1.617943,85,"Of Horses and Men",6.9,0,1,1,0,0,1,1e-05,1.1e-05,0,2013
1.259968,99,"It's a Wonderful Afterlife",4.3,0,1,0,0,0,1,0,0,1,2010
5.099472,90,"The Devil's Tomb",4,1,0,0,0,1,0,10,0,1,2009
2.131524,116,"Partition",6.4,0,0,1,0,0,1,0,0,1,2007
0.304566,85,"Good Intentions",5,0,1,0,0,0,0,0,0,1,2010
11.847324,130,"The Good, The Bad, The Weird",7.1,1,1,0,0,0,0,10,0,0,2008
10.013629,99,"Nurse 3-D",4.9,0,0,0,0,1,0,1e-05,10,1,2013
3.753703,89,"Gunless",6.7,1,1,1,0,0,0,10,0,1,2010
19.978021,107,"Adventureland",6.4,0,1,0,0,0,0,9.5,17.164377,1,2009
3.588529,144,"The Lost City",6,0,0,1,0,0,1,9.6,4.386236,1,2005
9.337388,98,"Next Friday",6.4,0,1,0,0,0,0,11,59.827328,1,2000
11.431434,94,"American Heist",4.3,1,0,0,0,0,0,10,0,1,2014
28.675891,117,"You Only Live Twice",6.5,1,0,0,0,1,0,9.5,111.584787,1,1967
9.70276,102,"Plastic",6.1,1,1,1,0,0,0,1e-05,0,1,2014
17.151293,127,"Amour",7.5,0,0,1,0,0,1,8.9,19.839492,0,2012
11.225044,98,"Poltergeist III",4.5,0,0,0,0,1,0,10.5,14.144,1,1988
14.562991,163,"It's a Mad, Mad, Mad, Mad World",7,1,1,0,0,0,0,9.4,60,1,1963
19.747809,121,"Volver",7.3,0,1,1,0,0,1,12.899867,85.582407,0,2006
12.928269,90,"Heavy Metal",6.2,0,0,0,1,0,0,9.3,0,1,1981
3.193777,89,"Gentlemen Broncos",6.2,1,1,0,0,1,0,10,0,1,2009
5.107235,104,"Richard III",6.9,0,0,1,0,0,0,0,0,1,1995
10.073144,94,"Into the Grizzly Maze",5.1,1,0,0,0,1,0,10,0,1,2015
4.807549,131,"Kites",6,1,0,1,0,0,1,0,0,1,2010
36.173598,136,"Melancholia",7,0,0,1,0,0,0,7.4,21.817298,0,2011
5.499412,92,"Red Dog",7.1,0,1,1,0,0,0,0,0,1,2011
5.900535,176,"Jab Tak Hai Jaan",7.3,0,0,1,0,0,1,0,0,0,2012
94.184658,117,"Alien",7.9,1,0,0,0,1,0,11,104.931801,1,1979
17.611971,106,"The Runaways",6.3,0,0,1,0,0,0,10,2.995811,1,2010
7.623979,181,"Fiddler on the Roof",7.4,0,0,1,0,0,1,9,83.30433,1,1971
31.036,130,"Thunderball",6.5,1,0,0,0,1,0,5.5,141.195658,1,1965
10.424596,93,"Detention",5.7,0,1,0,0,0,0,10,0,1,2011
7.720692,110,"Loose Cannons",7,0,1,1,0,0,1,7,8.220215,0,2010
6.717994,118,"Set It Off",6.9,1,0,1,0,0,0,9,41.590886,1,1996
3.951041,120,"The Best Man",6.8,0,1,1,0,0,0,9,34.57378,1,1999
27.600843,87,"Child's Play",6.3,0,0,0,0,1,0,9,44.196684,1,1988
82.975841,104,"The Purge: Anarchy",6.6,0,0,0,0,1,0,9,108.782847,1,2014
3.269459,91,"Down to You",4.9,0,1,1,0,0,1,9,0,1,2000
18.514292,88,"Harold & Kumar Go to White Castle",6.6,0,1,0,0,0,0,9,23.936908,1,2004
7.029126,126,"The Contender",6.7,0,0,1,0,1,0,9,0,1,2000
11.233081,118,"Boiler Room",6.5,0,0,1,0,1,0,26,28.780255,1,2000
34.022209,116,"Trading Places",7.1,0,1,0,0,0,0,40.6,90.4,1,1983
4.134327,84,"Black Christmas",4.8,0,0,0,0,1,0,9,21.510851,1,2006
6.904734,85,"Breakin' All the Rules",5.8,0,1,0,0,0,1,0,0,1,2004
4.641006,137,"Henry V",7.4,1,0,1,0,0,1,9,0,1,1989
5.663889,114,"The Savages",6.8,0,0,1,0,0,0,0,0,1,2007
1.118511,80,"Chasing Papi",6.3,0,1,0,0,0,1,0,6.126237,1,2003
8.775844,119,"The Way of the Gun",6.4,1,0,1,0,1,0,8.5,19.125401,1,2000
2.062087,97,"Igby Goes Down",6.5,0,1,1,0,0,0,9,4.777465,1,2002
8.738737,79,"PCU",6,0,1,0,0,0,0,9,4.350774,1,1994
4.976268,114,"The Ultimate Gift",6.8,0,0,1,0,0,1,0,0,1,2006
3.810697,91,"The Ice Pirates",5.7,1,1,0,0,0,0,9,0,1,1984
2.365328,97,"Gracie",6,0,0,1,0,0,0,9,2.955039,1,2007
5.2545,103,"Trust the Man",5.5,0,1,1,0,0,1,9,0,1,2005
5.293363,92,"Hamlet 2",6.1,0,1,0,0,0,0,0,0,1,2008
10.932711,119,"Velvet Goldmine",6.9,0,0,1,0,0,0,0,1.053788,1,1998
0.843067,185,"The Legend of Suriyothai",5.1,0,0,1,0,0,0,0,0,0,2001
8.218383,120,"Two Evil Eyes",6,0,0,0,0,1,0,9,0,1,1990
5.119593,98,"Barbecue",5.8,0,1,0,0,0,0,6,14.348529,0,2014
2.872281,128,"All or Nothing",7,0,1,1,0,0,0,9,0,1,2002
0.717811,130,"Princess Kaiulani",4.8,0,0,1,0,0,0,9,0.771499,1,2010
1.458884,86,"Opal Dream",6.1,0,0,1,0,0,0,5,0.140666,1,2006
7.028946,130,"Flame & Citron",6.8,0,0,1,0,0,0,6.5,0,0,2008
2.009597,97,"Undiscovered",4.5,0,1,0,0,0,1,9,1.046166,1,2005
7.247023,102,"Red Riding: In the Year of Our Lord 1974",7,0,0,1,0,1,0,0,0,1,2009
2.351706,105,"The Girl on the Train",5.6,0,0,1,0,0,1,0,0,0,2009
4.799022,103,"Veronika Decides to Die",5.8,0,0,1,0,0,1,9,0,1,2009
16.072466,97,"Crocodile Dundee",6.3,0,1,0,0,0,0,5,328.203506,1,1986
3.891186,76,"Ultramarines: A Warhammer 40,000 Movie",5.2,0,0,0,1,0,0,0,0,1,2010
3.789485,90,"The I Inside",5.9,0,0,0,0,1,0,8.8,0,1,2004
3.949796,122,"Beneath Hill 60",7.3,0,0,1,0,0,0,7.347125,0,1,2010
14.038703,127,"Polisse",7.9,0,0,1,0,0,0,0,20.374201,0,2011
18.172736,84,"Awake",6.3,0,0,0,0,1,0,86,14.373825,1,2007
1.881466,69,"Star Wars: Clone Wars: Volume 1",8,1,0,0,1,0,0,0,0,1,2005
6.677926,96,"Skin Trade",5.6,1,0,1,0,1,0,9,0,1,2014
24.750909,97,"The Lost Boys",6.8,0,1,0,0,0,0,8.5,32.222567,1,1987
17.697042,112,"Crazy Heart",6.8,0,0,1,0,0,1,7,39.462438,1,2009
7.000949,125,"The Rose",6.8,0,0,1,0,0,1,9.25,29.174648,1,1979
11.436405,96,"Baggage Claim",5.6,0,1,0,0,0,0,8.5,22.456509,1,2013
13.476596,99,"Election",6.7,0,1,0,0,0,0,0,0,1,1999
3.604863,122,"The Namesake",6.8,0,0,1,0,0,0,12,20.138836,1,2006
40.28709,100,"The DUFF",6.8,0,1,0,0,0,1,8.5,43.528634,1,2015
3.809131,104,"Glitter",3.4,0,0,1,0,0,1,22,5.271666,1,2001
11.708343,101,"The Haunting in Connecticut 2: Ghosts of Georgia",5.6,0,0,1,0,1,0,0,0,1,2013
2.60632,135,"Silmido",6.6,1,0,1,0,0,0,8,0,0,2003
9.230073,119,"Bright Star",6.8,0,0,1,0,0,1,8.5,4.440055,1,2009
14.719886,145,"My Name Is Khan",7.7,0,0,1,0,0,1,12,42.34536,1,2010
28.540614,106,"All Is Lost",6.6,1,0,1,0,0,0,9,6.10872,1,2013
0.034259,126,"Limbo",7,0,0,1,0,1,0,8,1.997807,1,1999
1.840511,128,"Namastey London",6.6,0,0,1,0,0,1,0,0,1,2007
6.787967,124,"The Wind That Shakes the Barley",7.1,0,0,1,0,0,0,6.5,22.889018,1,2006
3.353176,159,"Yeh Jawaani Hai Deewani",7.2,0,0,0,0,0,1,7.7,46,0,2013
7.973109,171,"Quo Vadis",7,0,0,1,0,0,1,8.25,30,1,1951
5.897479,98,"Repo! The Genetic Opera",6.7,0,1,0,0,0,0,0,0.188126,1,2008
1.465762,122,"Valley of the Wolves: Iraq",4.3,1,0,1,0,0,0,10,0,0,2006
121.463076,154,"Pulp Fiction",8.3,0,0,0,0,1,0,8,213.928762,1,1994
10.639916,97,"The Muppet Movie",7,0,1,0,0,0,0,0,76.657,1,1979
89.095538,117,"Nightcrawler",7.6,0,0,1,0,1,0,8.5,38.697217,1,2014
2.62082,104,"Club Dread",5.1,0,1,0,0,0,0,8.5,5.001655,1,2004
37.960289,174,"The Sound of Music",7.4,0,0,1,0,0,1,8.2,286.214286,1,1965
21.735068,111,"Splash",6.1,0,1,0,0,0,1,8,69.821334,1,1984
14.793177,102,"Little Miss Sunshine",7.5,0,1,1,0,0,0,8,100.523181,1,2006
51.109279,89,"Stand by Me",7.8,0,0,1,0,0,0,8,52.287414,1,1986
45.490374,113,"28 Days Later",7.1,0,0,0,0,1,0,5,82.719885,1,2002
3.804597,95,"You Got Served",4.8,0,0,1,0,0,0,0,0,1,2004
26.356697,111,"Escape from Alcatraz",7.2,0,0,1,0,0,0,8,43,1,1979
3.501158,109,"Brown Sugar",7,0,1,0,0,0,1,8,27.362712,1,2002
2.088251,108,"A Thin Line Between Love and Hate",5.7,0,1,0,0,1,1,0,0,1,1996
33.372828,100,"50/50",7,0,1,1,0,0,0,8,39.187783,1,2011
8.864368,85,"Shutter",5.3,0,0,0,0,1,0,0,0,1,2008
37.821106,94,"That Awkward Moment",6.1,0,1,0,0,0,1,8,26.049082,1,2014
4.293706,89,"Modern Problems",5.6,0,1,0,0,0,0,0,0,1,1981
10.19377,111,"Much Ado About Nothing",7.2,0,1,1,0,0,1,8,0,1,1993
25.289665,142,"On Her Majesty's Secret Service",6.5,1,0,0,0,1,0,6.5,81.974493,1,1969
14.730796,112,"New Nightmare",6.4,0,0,0,0,1,0,14,18.090181,1,1994
4.482714,91,"Drive Me Crazy",5.8,0,1,1,0,0,1,8,22.593409,1,1999
4.932893,112,"Akeelah and the Bee",6.7,0,0,1,0,0,0,8,18.948425,1,2006
7.894489,82,"Half Baked",6.4,0,1,0,0,0,0,8,17.46002,1,1998
13.987772,97,"New in Town",5.2,0,1,0,0,0,0,8,29.010817,1,2009
45.310443,102,"American Psycho",7.3,0,0,1,0,1,0,7,34.266564,1,2000
9.799177,93,"The Good Girl",6.1,0,1,1,0,0,1,8,16.856124,1,2002
5.069095,116,"Bon Cop Bad Cop",6.5,1,1,0,0,0,0,8,12.6713,0,2006
13.517017,118,"The Boondock Saints II: All Saints Day",5.9,1,0,0,0,1,0,8,10.629321,1,2009
1.353971,114,"The City of Your Final Destination",5.7,0,0,1,0,0,0,0,0,1,2009
14.969093,93,"Enough Said",6.6,0,1,1,0,0,1,0,25.288872,1,2013
45.395839,92,"Easy A",6.7,0,1,0,0,0,0,8,74.952305,1,2010
0.269661,110,"The Inkwell",3.9,0,1,1,0,0,1,0,8.880705,1,1994
5.93923,92,"Shadow of the Vampire",6.6,0,0,1,0,0,0,8,8.279017,1,2000
11.837067,104,"Prom",5.7,0,1,0,0,0,0,8,10.13,1,2011
2.149469,97,"The Pallbearer",4.6,0,1,0,0,0,1,8,0,1,1996
1.569449,89,"Held Up",4.9,0,1,0,0,0,0,0,0,1,1999
3.535789,92,"Woman on Top",5.5,0,1,1,0,0,1,8,0,1,2000
5.897391,140,"Howards End",6.9,0,0,1,0,0,1,0,25.966555,1,1992
21.024346,90,"Anomalisa",7,0,1,1,1,0,1,8,5.659286,1,2015
7.235794,129,"Another Year",7,0,1,1,0,0,0,8,18.124262,1,2010
8.204829,111,"8 Women",6.9,0,1,0,0,1,0,8,0,0,2002
8.403859,79,"Showdown in Little Tokyo",5.7,1,0,0,0,1,0,8,2.275557,1,1991
4.221313,104,"Clay Pigeons",6.3,0,1,1,0,1,0,0,0,1,1998
13.143045,101,"It's Kind of a Funny Story",6.9,0,1,1,0,0,0,8,6.49124,1,2010
6.138802,113,"Made in Dagenham",6.6,0,1,1,0,0,0,7.2,0,1,2010
1.939054,92,"When Did You Last See Your Father?",6.9,0,0,1,0,0,0,0,9.2e-05,1,2007
8.717235,106,"Prefontaine",6.7,0,0,1,0,0,1,8,0.589304,1,1997
0.289433,98,"The Wicked Lady",4.3,0,0,1,0,0,0,0,0,1,1983
10.621353,75,"The Secret of Kells",7.3,0,0,0,1,0,0,0,0,1,2009
35.735689,104,"Begin Again",7.3,0,1,1,0,0,1,8,63.464861,1,2013
7.433574,112,"Down in the Valley",5.9,0,0,1,0,0,1,8,0.852872,1,2005
4.090382,99,"Brooklyn Rules",5.8,1,0,1,0,1,0,8,0.458232,1,2007
0.812776,180,"Restless",4.9,0,0,1,0,0,1,0,0,1,2012
6.335881,109,"The Singing Detective",5.9,0,1,0,0,0,0,0,0,1,2003
1.278092,111,"The Land Girls",7,0,0,1,0,0,1,0,0,1,1998
5.244518,91,"Fido",6.6,0,1,1,0,0,1,8,0.426224,1,2006
1.265683,99,"The Wendell Baker Story",5.2,0,1,1,0,0,1,0,0,1,2005
10.791954,98,"Wild Target",6.4,1,1,0,0,0,0,8,3.453043,1,2010
9.782433,95,"Pathology",5.6,0,0,0,0,1,0,8,0,1,2008
4.409263,142,"Wuthering Heights",6.9,0,0,1,0,0,0,0,0,1,2009
3.942464,107,"10th & Wolf",6.3,1,0,1,0,1,0,8,0.143451,1,2006
2.597665,105,"Dear Wendy",5.6,0,1,1,0,0,1,0,0,1,2005
6.500835,112,"Aloft",5.1,0,0,1,0,0,0,8,0.053086,1,2014
39.338097,124,"Akira",7.8,0,0,0,1,0,0,8,0.553171,0,1988
12.893219,97,"The Death and Life of Bobby Z",5.8,1,0,1,0,1,0,22,0.413454,1,2007
0.983484,124,"The Rocket: The Legend of Rocket Richard",6.1,0,0,1,0,0,0,8,2.019009,0,2005
2.214925,96,"Swelter",4.6,1,0,1,0,1,0,0,0,1,2014
1.86453,114,"My Lucky Star",4.3,0,1,0,0,0,1,0,0,0,2013
9.100352,93,"Imagine Me & You",7,0,1,1,0,0,1,0,2.455831,1,2005
7.828459,104,"Mr. Church",7,0,0,1,0,0,0,8,0,1,2016
11.000654,102,"Swimming Pool",6.4,0,0,0,0,1,0,7.8,22.441323,1,2003
5.0005,90,"Green Street Hooligans: Underground",5.4,1,0,1,0,0,0,0,0,1,2013
6.41678,100,"The Blood of Heroes",5.9,1,0,0,0,0,0,0,0.88229,1,1989
2.101718,106,"Code of Honor",4.1,1,0,0,0,1,0,8,0,1,2016
19.585801,99,"Driving Miss Daisy",7,0,1,1,0,0,0,7.5,145.793296,1,1989
4.105363,114,"Soul Food",6.6,0,1,1,0,0,0,0,0,1,1997
17.318839,91,"Rumble in the Bronx",6.5,1,1,0,0,1,0,7.5,32.392047,0,1995
3.363973,110,"Far from Men",6.6,0,0,1,0,0,0,7.7,0,0,2014
29.01153,92,"Thank You for Smoking",7.1,0,1,1,0,0,0,6.5,24.793509,1,2005
16.990308,100,"An Education",6.8,0,0,1,0,0,1,7.5,26.096852,1,2009
4.820166,104,"Shopgirl",5.7,0,1,1,0,0,1,10.284523,11.588205,1,2005
2.226412,109,"The Hotel New Hampshire",5.8,0,1,1,0,0,0,7.5,0,1,1984
8.526635,105,"Narc",6.8,1,0,1,0,1,0,6.5,12.633747,1,2002
1.369528,102,"Men with Brooms",4.5,0,1,0,0,0,0,7.5,4.24587,1,2002
1.82184,97,"Witless Protection",4,1,1,0,0,0,0,0,0,1,2008
0.571663,110,"The Work and the Glory",6.1,0,0,1,0,0,1,7.5,3.347647,1,2004
14.652342,92,"Extract",5.7,0,1,0,0,0,0,8,10.848783,1,2009
1.71729,112,"Masked and Anonymous",5.2,0,0,1,0,0,0,0,0,1,2003
0.024186,103,"Betty Fisher and Other Stories",7,0,0,1,0,1,0,0,0,0,2001
8.859657,92,"Code 46",6.2,0,0,1,0,1,1,7.5,0,1,2003
0.086731,101,"Outside Bet",5.8,0,1,0,0,0,0,7.5,0,1,2012
7.802245,113,"Albert Nobbs",6.2,0,0,1,0,0,0,8,5.634828,1,2011
1.589693,95,"Black November",6.4,1,0,1,0,0,0,12.5,0,1,2012
0.553752,156,"Ta Ra Rum Pum",6,0,1,0,0,0,1,0,0,0,2007
24.281951,95,"Persepolis",7.7,0,0,1,1,0,0,7.3,0,0,2007
9.983004,92,"The Hole",5.6,0,0,0,0,1,0,0,0,1,2009
25.281197,107,"The Wave",7.5,0,0,1,0,1,0,7.5,19,0,2008
38.150787,117,"The Neon Demon",6.4,0,0,0,0,1,0,7,1.333124,1,2016
16.829837,103,"Harry Brown",6.7,1,0,1,0,1,0,7.3,10.329747,1,2009
1.288173,100,"The Omega Code",4.4,0,0,0,0,1,0,0,2.4,1,1999
19.782725,96,"Juno",7,0,1,1,0,0,1,7.5,231.411584,1,2007
4.943588,104,"Pound of Flesh",5.5,1,0,0,0,0,0,7.5,0,1,2015
34.634181,120,"Diamonds Are Forever",6.3,1,0,0,0,1,0,7.2,116.019547,1,1971
143.659698,175,"The Godfather",8.4,0,0,1,0,0,0,6,245.066411,1,1972
18.422323,95,"Flashdance",6.1,0,0,1,0,0,1,4,92.921203,1,1983
45.610993,95,"(500) Days of Summer",7.2,0,1,1,0,0,1,7.5,60.722734,1,2009
17.681707,121,"The Piano",7.1,0,0,1,0,0,1,7,116.7,1,1993
35.897151,110,"Magic Mike",6.1,0,1,1,0,0,0,7,167.221571,1,2012
11.199544,86,"Darkness Falls",4.9,0,0,0,0,1,0,0,0,1,2003
30.465138,121,"Live and Let Die",6.4,1,0,0,0,1,0,7,161.777836,1,1973
5.675535,95,"My Dog Skip",6.5,0,1,1,0,0,0,7,0,1,2000
29.173266,112,"Definitely, Maybe",6.7,0,1,0,0,0,1,0,55.447968,1,2008
4.492455,112,"Jumping the Broom",6,0,1,0,0,0,0,6.6,37.71061,1,2011
17.717681,93,"Good Night, and Good Luck.",6.8,0,0,1,0,0,0,7,54.6,1,2005
17.434862,114,"Capote",6.8,0,0,1,0,0,0,7,49.08483,1,2005
25.511217,104,"Desperado",6.8,1,0,0,0,1,0,7,25.405445,1,1995
12.268143,119,"Logan's Run",6.6,1,0,0,0,0,1,9,25,1,1976
30.214716,125,"The Man with the Golden Gun",6.3,1,0,0,0,1,0,7,97.572,1,1974
6.872784,96,"Action Jackson",4.9,1,1,1,0,0,0,7,20.256975,1,1988
5.500324,92,"Flirting with Disaster",6.3,0,1,0,0,0,1,7,14.702438,1,1996
16.754452,107,"The Devil's Rejects",6.6,0,0,1,0,0,0,0,0,1,2005
29.761163,103,"Dope",7.2,0,1,1,0,0,0,0.7,17.986781,1,2015
2.772178,97,"In Too Deep",6.2,1,0,1,0,1,0,7,14.011454,1,1999
0.000372,90,"Alien Zone",4,1,0,0,0,1,0,0,0,1,1978
23.612409,105,"A Serious Man",6.6,0,1,1,0,0,0,7,31.430334,1,2009
6.557643,103,"Get Low",6.5,0,1,1,0,0,0,7.5,0,1,2010
9.887662,103,"Warlock",5.8,0,1,0,0,0,0,7,0,1,1989
8.079046,116,"Beyond the Lights",7,0,0,1,0,0,1,7,14.618727,1,2014
21.626288,101,"A Single Man",7.3,0,0,1,0,0,1,7,0,1,2009
14.672151,164,"The Last Temptation of Christ",7,0,0,1,0,0,0,7,8.373585,1,1988
2.627232,96,"Outside Providence",5.6,0,1,1,0,0,1,7,7.292175,1,1999
12.150871,111,"Bride & Prejudice",6.5,0,1,1,0,0,1,7,0,1,2004
2.128211,94,"Rabbit-Proof Fence",6.8,1,0,1,0,0,0,0,0,1,2002
2.881239,93,"Who's Your Caddy?",3.8,0,1,0,0,0,0,0,0,1,2007
4.857028,90,"Split Second",5.7,1,0,0,0,1,0,7e-06,5e-06,1,1992
2.206097,113,"The Other Side of Heaven",6.7,1,0,1,0,0,0,7,4.720371,1,2001
3.721858,192,"Veer-Zaara",7.4,0,0,1,0,0,1,7,29.38532,0,2004
5.091253,99,"Redbelt",6.4,0,0,1,0,0,0,7,0,1,2008
15.212569,91,"Cyrus",6.1,0,1,1,0,0,1,7,0,1,2010
0.838938,96,"A Dog Of Flanders",6.4,0,0,1,0,0,0,0,0,1,1999
7.051521,104,"Auto Focus",6.1,0,0,1,0,0,0,7,2.062066,1,2002
11.400229,90,"Factory Girl",6.2,0,0,1,0,0,0,7,0,1,2006
21.276864,112,"We Need to Talk About Kevin",7.4,0,0,1,0,1,0,7,6.038942,1,2011
1.799504,100,"The Christmas Candle",5.8,0,0,1,0,0,0,0,0,1,2013
2.932784,102,"The Mighty Macs",5,1,0,1,0,0,0,7,0,1,2009
2.550045,100,"Losin' It",4.5,0,1,0,0,0,0,7,1.246141,1,1983
5.517597,125,"Mother and Child",6.7,0,0,1,0,0,1,7,0,1,2009
3.829937,107,"March or Die",6.2,1,0,1,0,0,0,0,0,1,1977
8.893676,107,"The Visitors",7.1,0,1,0,0,0,0,0,0,0,1993
9.590373,98,"Somewhere",6,0,1,1,0,0,0,8,0,1,2010
7.155519,106,"I Hope They Serve Beer in Hell",5.7,0,1,1,0,0,0,7,1.429299,1,2009
0.587276,95,"Chairman of the Board",2.7,0,1,0,0,0,0,0,0,1,1998
13.635828,106,"Hesher",6.7,0,0,1,0,0,0,7,0.382946,1,2010
10.416332,93,"Dom Hemingway",5.8,0,1,1,0,0,0,0,0.523511,1,2013
5.038953,103,"Gerry",6.2,0,0,1,0,0,0,3.5,0,1,2002
1.498245,96,"The Heart of Me",7.7,0,0,1,0,0,1,7,0,1,2002
8.184588,103,"Freeheld",7.1,0,0,1,0,0,1,7,0.573335,1,2015
2.26778,108,"The Extra Man",5.9,0,1,0,0,0,0,7,0.453079,1,2010
3.120016,170,"Hard to Be a God",6.7,0,0,1,0,0,0,7,1.310673,0,2013
8.207425,108,"Ca$h",6,0,1,0,0,1,0,7,0.046488,1,2010
2.356244,120,"Wah-Wah",6.3,0,0,1,0,0,0,0,0,1,2005
34.917447,108,"The Boondock Saints",7.2,1,0,0,0,1,0,6,0.030471,1,1999
0.542814,92,"Z Storm",5.8,0,0,0,0,1,0,0,0,0,2014
5.060656,84,"Twixt",5,0,0,0,0,1,0,7,0,1,2011
5.33861,76,"The Snow Queen",5.1,0,0,0,1,0,0,7,12.4,0,2012
1.874783,53,"Alpha and Omega: The Legend of the Saw Tooth Cave",6.5,0,1,0,1,0,0,0,0,1,2014
14.574995,115,"Pale Rider",7,0,0,0,0,0,1,0,41.410568,1,1985
26.181753,102,"Dazed and Confused",7.4,0,1,1,0,0,0,6.9,7.993039,1,1993
21.01755,104,"High School Musical 2",6.1,0,1,1,0,0,0,0,7,1,2007
3.139294,96,"Two Lovers and a Bear",6.8,0,0,1,0,0,1,0,0,1,2016
6.665164,94,"Criminal Activities",5.8,0,0,1,0,1,0,7,0,1,2015
2.832628,125,"Aimee & Jaguar",6.3,0,0,1,0,0,1,0,0,0,1999
3.528643,108,"The Chumscrubber",6.7,0,1,1,0,0,0,0,0,1,2005
4.665309,101,"Shade",6.1,1,0,0,0,1,0,6.8,0,1,2003
25.613197,101,"House at the End of the Street",5.6,0,0,0,0,1,0,6.9,44.287131,1,2012
21.285206,130,"Incendies",7.9,0,0,1,0,0,0,6.8,7.103838,0,2010
4.240495,125,"Remember Me, My Love",5.8,0,1,1,0,0,1,0,0,0,2003
3.810943,88,"Perrier’s Bounty",5.1,1,1,1,0,0,0,0,0,1,2009
23.604936,115,"Elite Squad",7.8,1,0,1,0,0,0,4,0,0,2007
0.050456,82,"Bran Nue Dae",5.2,0,1,1,0,0,1,7e-06,7e-06,1,2009
17.705671,112,"Boyz n the Hood",7.4,0,0,1,0,0,0,6.5,57.504069,1,1991
6.847099,108,"La Bamba",6.8,0,0,1,0,0,0,6.5,54.215416,1,1987
8.067702,107,"The Four Seasons",6.3,0,1,1,0,0,1,0,0,1,1981
11.208769,105,"Dressed to Kill",6.8,0,0,0,0,1,0,6.5,31.899,1,1980
2.163683,108,"The Adventures of Huck Finn",6.2,1,0,1,0,0,0,6.5,0,1,1993
11.142389,98,"Go",7,0,1,0,0,1,0,6.5,28.451622,1,1999
11.885221,88,"Friends with Money",5.1,0,1,1,0,0,1,6.5,13.368437,1,2006
12.524953,131,"The Andromeda Strain",7,0,0,0,0,1,0,6.5,12.376563,1,1971
1.537859,91,"Bats",4.1,0,0,0,0,1,0,0,1e-05,1,1999
3.481517,140,"Nowhere in Africa",7,0,0,1,0,0,0,0,0,0,2001
40.688426,100,"Shame",7,0,0,1,0,0,0,6.5,17.693675,1,2011
24.0034,105,"Layer Cake",7,0,0,1,0,1,0,6.5,11.850214,1,2004
2.639106,100,"The Work and the Glory II: American Zion",8,0,0,1,0,0,0,6.5,2.025032,1,2005
16.574756,116,"The East",6.5,0,0,1,0,1,0,6.5,2.40151,1,2013
5.483531,96,"A Home at the End of the World",6.8,0,0,1,0,0,1,6.5,1.548955,1,2004
1.068819,113,"Aberdeen",7,0,1,1,0,0,0,0,0,1,2000
8.432401,113,"The Messenger",7.1,0,0,1,0,0,0,6.5,1.521261,1,2009
2.074295,102,"Tracker",6,1,0,1,0,1,0,6.5,0,1,2010
11.357474,121,"Control",7.5,0,0,1,0,0,0,0,8.159508,1,2007
74.234793,108,"The Terminator",7.3,1,0,0,0,1,0,6.4,78.3712,1,1984
11.086001,121,"Good bye, Lenin!",7.4,0,1,1,0,0,1,4.8,79.38488,0,2003
13.409125,97,"The Damned United",7.2,0,0,1,0,0,0,10,0,1,2009
14.961629,91,"The Return of the Living Dead",7.3,0,1,0,0,0,0,4,14.237,1,1985
16.139771,94,"Mallrats",6.8,0,1,0,0,0,1,6,2.122561,1,1995
67.608041,110,"Grease",7.2,0,0,0,0,0,1,6,181.81377,1,1978
49.802914,120,"Platoon",7.5,1,0,1,0,0,0,6,138.530565,1,1986
24.499996,110,"Butch Cassidy and the Sundance Kid",7.4,0,0,1,0,0,0,6,102.308889,1,1969
59.961523,139,"Mary Poppins",7.4,0,1,0,0,0,0,6,102.272727,1,1964
12.541983,124,"Ordinary People",7.4,0,0,1,0,0,0,6,0,1,1980
23.431117,152,"West Side Story",7,0,0,1,0,0,0,6,43.656822,1,1961
15.929648,98,"Caddyshack",6.6,0,1,0,0,0,0,6,39.846344,1,1980
3.029944,106,"The Brothers",6.5,0,1,1,0,0,1,0,0,1,2001
5.537646,106,"The Wood",7.1,0,1,1,0,0,1,6,25.05964,1,1999
64.025031,106,"The Usual Suspects",8.1,0,0,1,0,1,0,6,23.341568,1,1995
12.654051,89,"A Nightmare on Elm Street 5: The Dream Child",5.5,0,0,0,0,1,0,8,22.168359,1,1989
35.108498,92,"National Lampoon’s Van Wilder",5.9,0,1,0,0,0,1,5,38.275483,1,2002
40.196514,109,"The Wrestler",7.3,0,0,1,0,0,1,6,44.703995,1,2008
10.982255,90,"Best in Show",6.7,0,1,0,0,0,0,0,0,1,2000
24.351305,99,"Escape from New York",6.9,1,0,0,0,0,0,6,50.2447,1,1981
3.159574,121,"School Daze",6.2,0,1,1,0,0,0,0,0,1,1988
12.601677,89,"Daddy Day Camp",4.4,0,1,0,0,0,0,6,18.197398,1,2007
7.077505,113,"Mr. Nice Guy",6.3,1,1,0,0,0,0,12.716953,18.81472,0,1997
4.053017,91,"A Mighty Wind",6.6,0,1,0,0,0,0,6,18.750246,1,2003
6.379933,104,"Mystic Pizza",5.9,0,1,1,0,0,1,0,0,1,1988
15.639016,99,"Sliding Doors",6.5,0,1,1,0,0,1,6,58,1,1998
3.89204,98,"Tales from the Hood",5.4,0,0,0,0,1,0,6,12,1,1995
26.286954,121,"The Last King of Scotland",7.4,0,0,1,0,0,0,6,48.02797,1,2006
8.008844,96,"Halloween 5: The Revenge of Michael Myers",5.2,0,0,0,0,1,0,5,11.642254,1,1989
12.68514,100,"Bernie",6.5,0,1,1,0,0,0,5,9.20647,1,2012
8.483531,122,"Pollock",6.6,0,0,1,0,0,1,0,0,1,2000
3.561198,101,"200 Cigarettes",6.1,0,1,1,0,0,1,6,6.85245,1,1999
14.988746,96,"The Words",6.4,0,0,1,0,1,0,6,13.231461,1,2012
5.754416,84,"Casa De Mi Padre",5.5,0,1,0,0,0,0,0,0,1,2012
6.497285,104,"City Island",6.9,0,1,1,0,0,0,6,6.670712,1,2009
19.411141,96,"The Guard",6.8,1,1,0,0,1,0,6,19.560274,1,2011
7.034618,94,"College",4.8,0,1,0,0,0,0,7,6.230276,1,2008
26.218912,97,"The Virgin Suicides",7.1,0,0,1,0,0,1,6,10.409377,1,1999
4.647547,97,"Little Voice",6.6,0,1,1,0,0,0,0,0,1,1998
9.371534,89,"Miss March",5.4,0,1,0,0,0,1,0,0,1,2009
15.015271,120,"Wish I Was Here",6.4,0,1,1,0,0,0,5.5,5.483299,1,2014
5.696491,95,"Simply Irresistible",5.5,0,1,0,0,0,0,6,4.398989,1,1999
4.25422,95,"Hedwig and the Angry Inch",7.4,0,1,0,0,0,0,0,0,1,2001
5.411243,99,"Only the Strong",6.9,1,0,0,0,0,0,6,3.283371,1,1993
1.273773,96,"Goddess of Love",6.2,0,0,1,0,1,0,0,0,1,2015
6.27257,94,"Shattered Glass",6.6,0,0,1,0,0,0,6,2.944752,1,2003
4.148253,95,"Novocaine",6,0,1,0,0,1,0,6,2.025238,1,2001
1.369649,84,"The Business of Strangers",5.7,0,0,1,0,1,0,0,0,1,2001
7.161051,99,"The Wackness",6.2,0,0,1,0,0,0,6,2.899975,1,2008
12.434688,110,"The First Great Train Robbery",6.6,0,0,1,0,1,0,6,0,1,1979
2.507912,97,"Morvern Callar",7.2,0,0,1,0,0,0,0,0,1,2002
1.478505,107,"Beastmaster 2: Through the Portal of Time",4.6,1,0,0,0,0,0,6,0.869325,1,1991
0.215464,97,"The 5th Quarter",4.7,0,0,1,0,0,0,6,0.399611,1,2011
1.229667,104,"The Flower of Evil",5.7,0,0,1,0,0,0,0,0,0,2003
6.903186,99,"The Greatest",6.2,0,0,1,0,0,0,6,0,1,2009
2.260315,104,"Snow Flower and the Secret Fan",5.3,0,0,1,0,0,0,0.134005,1.332231,1,2011
3.427061,97,"Come Early Morning",5.9,0,0,1,0,0,1,6,0,1,2006
0.669169,107,"Lucky Break",6.5,1,1,0,0,0,0,0,0,1,2001
6.077735,117,"Julia",6.3,0,0,1,0,0,0,0,0,1,1977
2.404626,85,"Surfer, Dude",4.7,0,1,0,0,0,0,6,0.069497,1,2008
15.048067,86,"11:14",6.8,0,0,1,0,1,0,6,0,1,2003
1.734764,103,"Men of War",5.4,1,0,0,0,1,0,0,0,1,1994
1.496454,87,"Don McKay",5.4,0,0,0,0,1,0,0,0,1,2009
10.19041,95,"Deadfall",5.6,0,0,1,0,1,0,12,0.066351,1,2012
12.099486,101,"A Shine of Rainbows",6.3,0,0,1,0,0,0,6,0,1,2009
4.957014,90,"The Hit List",5.2,1,0,0,0,1,0,6,0,1,2011
2.135689,240,"Emma",7.6,0,1,1,0,0,1,0,0,1,2009
13.034602,122,"The Spanish Apartment",7,0,1,1,0,0,1,5.3,3.897799,0,2002
6.349218,86,"Song One",5.5,0,0,1,0,0,0,6,0.032251,1,2014
5.013575,103,"Winter in Wartime",6.8,0,0,1,0,0,0,4,0.530048,0,2008
4.448353,90,"Freaky Deaky",4.9,0,1,0,0,0,0,0,0,1,2012
4.49029,133,"The Train",7.2,1,0,1,0,1,0,5.8,6.8,1,1964
2.204138,91,"Trade Of Innocents",5.5,0,0,1,0,1,0,0,0,1,2012
11.81832,108,"The Protector",6.8,1,0,1,0,1,0,6,27.165581,0,2005
0.356495,99,"Stiff Upper Lips",10,0,1,0,0,0,0,0,0,1,1998
22.054546,112,"Bend It Like Beckham",6.2,0,1,1,0,0,1,3.500159,76.578641,1,2002
4.245123,141,"Sunshine State",6,0,0,1,0,0,0,0,0,1,2002
3.201886,95,"Crossover",4.2,1,0,1,0,0,0,5.8,7,1,2006
0.114342,139,"Khiladi 786",4.7,1,1,0,0,0,0,0,0.000126,1,2012
22.341462,85,"[REC]²",6.4,0,0,0,0,1,0,5.6,18.46968,0,2009
0.305922,105,"Standing Ovation",3.9,0,1,0,0,0,0,0,0.531826,1,2010
28.500913,129,"The Sting",7.9,0,1,1,0,0,0,5.5,159.616327,1,1973
10.439971,123,"Chariots of Fire",6.8,0,0,1,0,0,0,5.5,58.972904,1,1981
3.784535,116,"Diary of a Mad Black Woman",6.4,0,1,1,0,0,1,0,0,1,2005
10.396305,105,"Shine",7.3,0,0,1,0,0,0,0,0,1,1996
33.296684,90,"Don Jon",5.9,0,1,1,0,0,1,6,0,1,2013
14.072941,111,"Ghost World",7.1,0,1,1,0,0,0,7,0,1,2001
2.714043,91,"Iris",6.2,0,0,1,0,0,1,0,0,1,2001
2.141143,95,"Galaxina",3.3,0,1,0,0,0,0,5.5,4.865,1,1980
20.982455,96,"The Chorus",7.5,0,0,1,0,0,0,0,0,0,2004
2.080741,92,"Mambo Italiano",5.6,0,1,0,0,0,1,4.361898,3.031801,1,2003
7.79068,104,"Wonderland",6.2,0,0,1,0,1,0,5,2.466444,1,2003
15.580335,120,"Do the Right Thing",7.6,0,0,1,0,0,0,6.5,37.295445,1,1989
5.336243,99,"Harvard Man",4.8,0,0,1,0,0,0,0,0,1,2001
10.787322,93,"Le Havre",6.8,0,1,1,0,0,0,3.85,0,0,2011
32.476098,97,"Irreversible",7.1,0,0,1,0,1,0,0,0.000792,0,2002
3.21392,100,"R100",5.4,0,1,1,0,0,0,5.5,0,0,2013
5.206967,157,"Rang De Basanti",7.2,0,0,1,0,0,0,2.2,11.502151,0,2006
1.5846,90,"Animals",6.2,0,0,1,0,0,0,0,0,1,2014
3.653305,96,"Salvation Boulevard",5.6,1,1,1,0,1,0,8,0,1,2011
3.865122,96,"The Ten",4.9,0,1,0,0,0,0,0,0,1,2007
1.391958,90,"A Room for Romeo Brass",7.3,0,1,1,0,0,0,0,0,1,1999
20.821846,100,"Headhunters",7.1,0,0,0,0,1,0,0,15.699707,1,2011
9.451228,94,"Grabbers",6,0,1,0,0,1,0,0,0,1,2012
1.688495,95,"Saint Ralph",7.3,0,1,1,0,0,0,0,0,1,2004
5.033065,120,"Miss Julie",5.9,0,0,1,0,0,0,5.5,5,1,2014
5.934016,103,"Somewhere in Time",7.2,0,0,1,0,0,1,5.1,0,1,1980
0.075817,130,"Dum Maaro Dum",5.4,1,0,1,0,0,0,0,0,0,2011
48.375848,106,"Insidious: Chapter 2",6.5,0,0,0,0,1,0,5,0,1,2013
53.698683,103,"10 Cloverfield Lane",6.8,0,0,1,0,1,0,15,108.286421,1,2016
14.752587,87,"Jackass: The Movie",6.1,0,1,0,0,0,0,5,64.282312,1,2002
48.170508,81,"Lights Out",6.3,0,0,0,0,1,0,4.9,44.107032,1,2016
17.304055,96,"A Nightmare on Elm Street 3: Dream Warriors",6.5,0,0,0,0,1,0,5,44.793222,1,1987
9.59729,115,"Instructions Not Included",7.5,0,1,1,0,0,0,5.5,99.067206,0,2013
4.028875,135,"The Robe",6.4,0,0,1,0,0,0,4.1,36,1,1953
6.470766,113,"The Return of the Pink Panther",6.7,0,1,0,0,0,0,5,41.833347,1,1975
16.856231,89,"Freddy's Dead: The Final Nightmare",5.1,0,1,0,0,1,0,11,34.872033,1,1991
19.683187,110,"Monster",7,0,0,1,0,0,0,8,60.378584,1,2003
9.358197,127,"20,000 Leagues Under the Sea",6.8,0,0,1,0,0,0,5,28.2,1,1954
19.984477,84,"Paranormal Activity: The Marked Ones",5.2,0,0,0,0,1,0,5,86.362372,1,2014
30.271066,124,"The Elephant Man",7.9,0,0,1,0,0,0,5,26.010864,1,1980
59.454473,117,"Dallas Buyers Club",7.9,0,0,1,0,0,0,5,55.198285,1,2013
20.304235,83,"The Lazarus Effect",5.1,0,0,0,0,1,0,3.3,64.110728,1,2015
60.715151,113,"Memento",8.1,0,0,0,0,1,0,9,39.723096,1,2000
18.077963,97,"Clerks II",6.9,0,1,0,0,0,0,5,26.888376,1,2006
20.428237,110,"Billy Elliot",7.4,0,1,1,0,0,0,5,110,1,2000
32.14444,103,"The Way Way Back",7.1,0,1,1,0,0,0,4.6,23.198652,1,2013
3.673566,94,"House Party 2",4.7,0,1,0,0,0,0,0,0,1,1991
3.656491,104,"The Man from Snowy River",6.8,1,0,1,0,0,1,3.5,20.659423,1,1982
1.88484,77,"Doug's 1st Movie",5.4,0,1,0,1,0,0,0,0,1,1999
4.227807,134,"The Apostle",6.1,0,0,1,0,0,0,5,0,1,1997
3.102862,129,"Mommie Dearest",6.5,0,0,1,0,0,0,0,0,1,1981
15.688439,90,"Our Idiot Brother",5.9,0,1,1,0,0,0,10,17.273593,1,2011
22.9951,134,"Race",7.1,1,0,1,0,0,0,5,24.804129,1,2016
5.769822,104,"The Players Club",6.4,0,0,1,0,0,0,0,0,1,1998
26.510558,93,"As Above, So Below",6.1,0,0,0,0,1,0,5,40.1,1,2014
7.544515,105,"Addicted",5.4,0,0,1,0,1,0,0,0,1,2014
1.126941,109,"Eve's Bayou",6.1,0,0,1,0,0,0,0,0,1,1997
35.307577,99,"Still Alice",7.5,0,0,1,0,0,0,5,43.884652,1,2014
4.079111,139,"The Egyptian",6,0,0,1,0,0,0,5,15,1,1954
7.058868,99,"Nighthawks",6.4,1,0,0,0,1,0,5,19.905359,1,1981
12.904615,100,"Friday the 13th Part VIII: Jason Takes Manhattan",4.8,0,0,0,0,1,0,5,14,1,1989
18.115566,95,"My Big Fat Greek Wedding",6.2,0,1,1,0,0,1,5,368.744044,1,2002
62.554173,94,"Spring Breakers",5,0,0,1,0,0,0,5,31.724284,1,2013
9.483717,88,"Halloween: The Curse of Michael Myers",5,0,0,0,0,1,0,5,15.116634,1,1995
16.890285,106,"Y Tu Mamá También",7.3,0,0,1,0,0,1,5,33.616692,0,2001
49.12486,99,"Shaun of the Dead",7.5,0,1,0,0,0,0,4,30.039392,1,2004
8.309894,82,"The Haunting of Molly Hartley",4.3,0,0,1,0,0,0,0,0,1,2008
5.960149,135,"Lone Star",6.9,0,0,1,0,0,1,5,13.269963,1,1996
9.302349,88,"Halloween 4: The Return of Michael Myers",5.9,0,0,0,0,1,0,5,17.768757,1,1988
5.87193,110,"Diner",6.9,0,1,1,0,0,0,0,0,1,1982
8.452666,107,"Lone Wolf McQuade",5.5,1,0,1,0,1,1,5,12.232628,1,1983
17.028252,86,"Apollo 18",5,0,0,0,0,1,0,5,25.562924,1,2011
19.336367,102,"Sunshine Cleaning",6.5,0,1,1,0,0,0,5,16.174377,1,2008
38.006982,103,"No Escape",6.7,1,0,0,0,1,0,5,54.418872,1,2015
6.377523,118,"The Beastmaster",6,1,0,0,0,0,0,0,14.056528,1,1982
0.835617,139,"Solomon and Sheba",5.4,0,0,1,0,0,1,5,12.2,1,1959
14.947588,92,"Fifty Shades of Black",4.3,0,1,0,0,0,1,20,21.164799,1,2016
5.1299,99,"Not Easily Broken",6.3,0,0,1,0,0,1,0,0,1,2009
1.199451,89,"A Farewell to Arms",6.2,0,0,1,0,0,1,4e-06,2.5e-05,1,1932
3.810827,96,"The Perfect Match",5.2,0,1,0,0,0,1,0,0,1,2016
3.7387,82,"Digimon: The Movie",6.2,0,0,0,1,0,0,5.5,0,1,2000
9.85123,92,"Saved!",6.3,0,1,1,0,0,0,0,0,1,2004
3.03091,99,"The Barbarian Invasions",6.7,0,1,1,0,0,0,8,3.432342,0,2003
3.199904,106,"Robin and Marian",6.6,1,0,1,0,0,1,0,0,1,1976
2.739307,90,"The Forsaken",4.9,1,0,0,0,1,0,5,0,1,2001
5.348446,118,"Force 10 from Navarone",6.4,1,0,0,0,1,0,5,7.23,1,1978
4.070044,97,"UHF",6.7,0,1,0,0,0,0,5,0,1,1989
9.974681,94,"Grandma's Boy",6.6,0,1,0,0,0,0,0,6.538177,1,2006
6.308298,91,"Slums of Beverly Hills",6.5,0,1,1,0,0,0,5,0,1,1998
4.149628,94,"Made",6.3,1,1,0,0,1,0,5,5.47606,1,2001
46.114184,97,"Moon",7.6,0,0,1,0,0,0,5,9.760104,1,2009
3.562563,90,"Keeping Up with the Steins",5.2,0,1,0,0,0,0,0,0,1,2006
7.673124,112,"The Sweet Hereafter",6.8,0,0,1,0,0,0,5,3.263585,1,1997
4.992475,120,"Of Gods and Men",6.5,0,0,1,0,0,0,4,41.424067,0,2010
6.174435,110,"Bottle Shock",6.6,0,1,1,0,0,0,5,4.040588,1,2008
0.805312,87,"Jekyll and Hyde ... Together Again",4.6,0,1,0,0,0,0,0,0,1,1982
8.753409,99,"Heavenly Creatures",7,0,0,1,0,0,0,5,3.049135,1,1994
3.943706,121,"90 Minutes in Heaven",5.4,0,0,1,0,0,0,5,4.842699,1,2015
9.169411,97,"Everything Must Go",6,0,1,1,0,0,1,5,2.614773,1,2010
2.732031,116,"Zero Effect",6,0,1,0,0,1,0,5,1.980338,1,1998
35.252056,101,"The Machinist",7.3,0,0,1,0,1,0,5,8.203235,1,2004
6.063868,103,"Light Sleeper",5.7,0,0,1,0,0,0,5,0,1,1992
21.343093,112,"Kill the Messenger",6.6,0,0,1,0,1,0,5,2.450846,1,2014
10.095184,91,"Rabbit Hole",6.9,0,0,1,0,0,0,5,5.129058,1,2010
4.129165,98,"Party Monster",5.9,0,1,1,0,0,0,5,0.742898,1,2003
30.001024,95,"Green Room",6.7,0,0,0,0,1,0,5,3.220371,1,2016
6.759235,88,"The Oh in Ohio",5.8,0,1,1,0,0,1,5,0,1,2006
1.731035,99,"Atlas Shrugged Part III: Who is John Galt?",3.9,0,0,1,0,0,0,5,0.846704,1,2014
11.700578,91,"Bottle Rocket",6.8,0,1,1,0,0,0,7,0.560069,1,1996
2.388683,97,"Albino Alligator",5.6,0,0,1,0,1,0,6,0,1,1996
0.080704,136,"Gandhi, My Father",6,0,0,1,0,0,0,0,0,0,2007
0.679351,94,"Out of the Blue",6.5,0,0,1,0,0,0,0,0,1,1980
19.940245,89,"Tucker and Dale vs Evil",7.3,0,1,0,0,0,0,5,5.476793,1,2010
1.286991,92,"Lovely, Still",6.2,0,0,1,0,0,1,0,0,1,2008
0.042442,128,"Tycoon",6.6,1,0,1,0,0,1,0,0,1,1947
1.116206,90,"Desert Blue",5.5,0,1,1,0,0,0,0,0,1,1999
3.05434,95,"Decoys",4.7,0,0,0,0,1,0,5,0,1,2004
38.94708,94,"The Visit",6,0,0,0,0,1,0,5,98.450062,1,2015
3.792015,90,"Redacted",6.2,0,0,1,0,0,0,5,0.782102,1,2007
0.219799,95,"Fascination",3.8,0,0,0,0,1,1,0,0,0,2004
7.794,91,"Area 51",4.2,0,0,0,0,1,0,5,0,1,2015
9.136965,107,"Sleep Tight",7,0,0,0,0,1,0,5,0,0,2011
8.39685,92,"The Cottage",6.3,0,1,0,0,1,0,0,0,1,2008
7.864905,87,"Dead Like Me: Life After Death",5.8,0,1,1,0,0,0,0,0,1,2009
1.963219,80,"Farce of the Penguins",3.2,0,1,0,0,0,0,0,0,1,2006
1.546169,95,"Flying By",7,0,0,1,0,0,0,0,0,1,2009
10.619574,105,"Rudderless",7.4,0,1,1,0,0,0,5,0,1,2014
0.999655,67,"Henry & Me",3,0,0,0,1,0,0,5,0,1,2014
1.985243,95,"Christmas Eve",6.1,0,1,0,0,0,1,0,0,1,2015
0.102003,89,"We Have Your Husband",5,0,0,1,0,1,0,0,0,1,2011
10.48009,94,"Dying of the Light",4.5,0,0,1,0,1,0,15,0,1,2014
1.136568,109,"Born Of War",4.1,1,0,0,0,1,0,0,0,1,2013
11.095219,123,"Capricorn One",6.4,1,0,1,0,1,0,5,0,1,1977
0.40703,0,"Should've Been Romeo",0,0,1,1,0,0,0,0,0,1,2012
8.618793,88,"Yoga Hosers",4.7,0,1,0,0,1,0,5,0,1,2016
2.394613,97,"Navy Seals vs. Zombies",3.5,1,0,0,0,0,0,0,0,1,2015
2.387463,120,"I Served the King of England",7,0,1,1,0,0,0,0,0,0,2006
5.461487,99,"Soul Kitchen",7.1,0,1,1,0,0,0,5,17.872796,0,2009
14.805264,135,"Sling Blade",7.4,0,0,1,0,0,0,1,24.475416,1,1996
25.30216,107,"The Awakening",6.3,0,0,0,0,1,0,4.798235,0.209696,1,2011
3.500741,94,"A Cock and Bull Story",6.2,0,1,1,0,0,0,0,0,1,2005
19.807295,120,"Take Shelter",7.1,0,0,1,0,1,0,5,3.099314,1,2011
1.435742,112,"Lady in White",6.3,0,0,0,0,1,0,0,0,1,1988
7.667888,98,"Driving Lessons",6.3,0,1,1,0,0,0,0,0,1,2006
8.496364,81,"Let's Kill Ward's Wife",5.5,0,1,0,0,0,0,5,0,1,2014
35.754865,90,"Only God Forgives",5.6,0,0,1,0,1,0,4.8,10.337387,1,2013
0.20323,80,"Camping Sauvage",4.8,0,0,1,0,0,1,0,0,0,2005
0.28076,83,"Without Men",4.6,0,1,0,0,0,1,4e-06,0,1,2011
3.11319,105,"Dear Frankie",7,0,0,1,0,0,0,0,0,1,2004
0.137535,89,"All Hat",1,1,1,1,0,0,0,0,0,1,2007
6.368933,100,"The Names of Love",7.3,0,1,1,0,0,1,4.6,0,0,2010
0.217538,92,"Treading Water",5.6,0,1,1,0,0,0,4.7,0,1,2013
3.531877,97,"Savage Grace",5.7,0,0,1,0,0,0,4.6,0,1,2007
0.706355,103,"Out of the Blue",5.9,0,0,1,0,0,0,0,0,1,2006
15.002502,96,"Police Academy",6.5,0,1,0,0,0,0,4.5,146.198896,1,1984
22.585384,104,"The Blue Lagoon",5.8,0,0,1,0,0,1,4.5,58.853106,1,1980
29.834065,117,"Four Weddings and a Funeral",6.6,0,1,1,0,0,1,6,254.700832,1,1994
20.403344,90,"Fast Times at Ridgemont High",7,0,1,0,0,0,0,4.5,27.09288,1,1982
5.224593,116,"Moby Dick",6.9,0,0,1,0,0,0,4.5,10.4,1,1956
30.196039,135,"25th Hour",7.2,0,0,1,0,0,0,15,13.060843,1,2002
15.359952,108,"Bound",6.9,0,0,1,0,1,1,4.5,7.011317,1,1996
11.573034,102,"Requiem for a Dream",7.9,0,0,1,0,0,0,4.5,7.390108,1,2000
1.847822,96,"State Fair",6.2,0,0,0,0,0,1,0,0,1,1945
0.425551,115,"Tango",6.8,0,0,1,0,0,1,0,0,0,1998
3.819796,123,"Salvador",7,0,0,1,0,0,0,4.5,0,1,1986
10.274542,98,"Moms' Night Out",5.5,0,1,0,0,0,0,5,10.429707,1,2014
61.210016,113,"Donnie Darko",7.7,0,0,1,0,0,0,6,1.270522,1,2001
0.177356,105,"Saving Private Perez",6.1,1,1,0,0,0,0,0,0,1,2011
0.011697,122,"Character",7.7,0,0,1,0,0,0,4.5,0,0,1997
6.249262,101,"Spun",6.6,0,1,1,0,0,0,2,0,1,2002
3.108881,97,"Life During Wartime",6.3,0,1,1,0,0,0,4.5,0.744816,1,2009
17.074843,115,"Sympathy for Lady Vengeance",7.4,0,0,1,0,1,0,0,23.803308,0,2005
0.774442,120,"Mozart's Sister",6.2,0,0,1,0,0,0,0,0,0,2010
8.816995,99,"Mean Machine",6,0,1,1,0,0,0,0,0,1,2001
8.48639,110,"Exiled",7,1,0,0,0,1,0,4.5,0,0,2006
5.223096,98,"Blackthorn",6.6,1,0,0,0,0,0,0,0.623528,1,2011
7.759215,109,"Lilya 4-ever",7.7,0,0,1,0,0,0,0,0,0,2002
14.570359,104,"After.Life",5.4,0,0,1,0,1,0,4.5,3.606395,1,2010
0.371337,134,"Fugly",5.3,0,1,1,0,1,0,0,0,1,2014
127.525581,133,"One Flew Over the Cuckoo's Nest",8.2,0,0,1,0,0,0,3,108.981275,1,1975
3.898737,85,"R.L. Stine's Monsterville: The Cabinet of Souls",6.9,0,1,0,0,0,0,4.4,0,1,2015
7.315935,86,"Silent Movie",6.7,0,1,0,0,0,0,0,0,1,1976
2.551559,126,"Airlift",7.3,1,0,1,0,1,0,4.5,32,0,2016
8.772574,199,"Anne of Green Gables",8.2,0,0,1,0,0,0,0,0,1,1985
6.988357,103,"Falcon Rising",5.5,1,0,0,0,0,0,0,0,1,2014
6.938854,112,"The Sweeney",5.7,1,0,1,0,0,0,3.7305,6.294161,1,2012
11.21273,89,"Sexy Beast",7,0,0,1,0,1,0,5,0,1,2000
7.217328,124,"Easy Money",6.5,0,0,1,0,1,0,0,0,0,2010
12.439495,101,"Whale Rider",7.1,0,0,1,0,0,0,8,41.4,1,2003
2.126139,133,"Paa",6.6,0,0,1,0,0,0,3.25,0,1,2009
10.142218,120,"Cargo",5.9,0,0,0,0,1,0,0,0,0,2009
16.536374,98,"High School Musical",6.1,0,1,1,0,0,0,4.2,0,1,2006
0.933891,93,"Love and Death on Long Island",6.9,0,0,1,0,0,1,0,0,1,1997
12.540624,114,"Night Watch",6.3,1,0,0,0,1,0,4.2,32,0,2004
8.839651,112,"The Crying Game",6.9,0,0,1,0,1,1,3.705538,62.548947,1,1992
12.891276,94,"Porky's",6.1,0,1,0,0,0,0,4,125.728258,1,1981
45.66662,102,"Lost in Translation",7.3,0,0,1,0,0,0,4,119.723856,1,2003
35.892034,93,"Annie Hall",7.8,0,1,1,0,0,1,4,38.251425,1,1977
8.988455,152,"The Greatest Show on Earth",6.6,1,0,1,0,0,1,4,36,1,1952
14.042041,111,"Monster's Ball",6.5,0,0,1,0,0,1,4,44.909486,1,2001
22.030517,112,"Leaving Las Vegas",7.1,0,0,1,0,0,1,3.6,49.8,1,1995
2.503612,86,"Hansel and Gretel Get Baked",4.8,0,1,0,0,0,0,4.5,0,1,2013
4.117968,105,"The Front Page",6.9,0,1,1,0,0,1,4,0,1,1974
24.161735,91,"The Boy Next Door",4.1,0,0,0,0,1,0,4,52.425855,1,2015
1.379354,105,"Trapeze",6.4,0,0,1,0,0,0,4,14.4,1,1956
15.338211,106,"The Kids Are All Right",6.5,0,1,1,0,0,0,3.5,34.70585,1,2010
29.852608,94,"They Live",7.1,1,0,0,0,1,0,4,13.008928,1,1988
35.061467,172,"The Great Escape",7.8,0,0,1,0,1,0,4,11.744471,1,1963
10.605752,88,"The Last Exorcism Part II",4.4,0,0,0,0,1,0,5,15.179302,1,2013
43.40352,164,"Boyhood",7.5,0,0,1,0,0,0,4,44.349,1,2014
17.229537,96,"Scoop",6.4,0,1,0,0,0,0,4,31.584901,1,2006
2.453459,93,"The Wash",5.3,1,1,0,0,0,0,7,10.229331,1,2001
1.433692,82,"3 Strikes",5.9,1,1,0,0,0,1,6,9,1,2000
9.976428,101,"The Cooler",6.7,0,0,1,0,0,1,32,0,1,2003
2.930058,124,"The Misfits",6.8,1,0,1,0,0,1,4,8.2,1,1961
7.173059,91,"The Night Listener",5.5,0,0,1,0,1,0,0,0,1,2006
1.735462,82,"The Jerky Boys",4.8,0,1,0,0,0,0,0,0,1,1995
29.071955,105,"The Orphanage",7.1,0,0,1,0,1,0,0,44,0,2007
18.428909,87,"A Haunted House 2",5.4,0,1,0,0,0,0,0,0,1,2014
11.387335,110,"The Rules of Attraction",6.3,0,1,1,0,0,1,4,0,1,2002
5.975604,143,"Topaz",6.1,1,0,1,0,1,0,4,6,1,1969
4.59841,84,"Let's Go to Prison",5.5,0,1,0,0,0,0,4,4.630045,1,2006
22.87623,98,"Four Rooms",6.5,0,1,0,0,0,0,4,4.3,1,1995
19.107285,104,"Secretary",6.7,0,1,1,0,0,1,4,9.304609,1,2002
4.541908,110,"Talk Radio",6.7,0,0,1,0,0,0,4,3.468572,1,1988
4.348416,84,"Waiting for Guffman",7.3,0,1,0,0,0,0,0,0,1,1996
3.347885,94,"Love Stinks",5.4,0,1,0,0,0,1,0,0,1,1999
6.091951,90,"You Kill Me",6.2,0,1,0,0,1,1,4,2.426851,1,2007
4.757625,96,"Thumbsucker",6.1,0,1,1,0,0,0,0,1.919197,1,2005
12.062371,88,"Red State",5.9,1,0,0,0,1,0,4,1.104682,1,2011
12.781973,102,"Samsara",8,0,0,1,0,0,0,4,0,1,2011
12.690224,83,"The Art of Getting By",6.5,0,0,1,0,0,1,0,1.406224,1,2011
8.516229,103,"Zipper",5.5,0,0,1,0,1,0,0,0,1,2015
5.90259,99,"Poolhall Junkies",6.5,0,1,1,0,1,0,0,0,1,2002
2.866934,106,"The Loss of Sexual Innocence",5.2,0,0,1,0,0,0,4,0,1,1999
9.140936,115,"Holy Motors",6.9,0,0,1,0,0,0,0,0.6411,1,2012
22.987897,118,"Joe",6.5,0,0,1,0,0,0,4,2.365467,1,2014
1.204941,109,"Shooting Fish",7,0,1,0,0,0,1,3,0.302204,1,1997
7.605291,102,"Prison",6.7,0,0,1,0,1,0,1.3,0.354704,1,1988
2.855963,95,"Psycho Beach Party",6,0,1,0,0,0,0,1.5,0,1,2000
0.502396,87,"The Big Tease",5.8,0,1,0,0,0,0,0,0,1,1999
1.771584,119,"Guten Tag, Ramón",8.1,0,0,1,0,0,0,4,0,1,2013
21.230737,104,"Trust",6.6,0,0,1,0,1,0,9.5,0.12,1,2010
0.068246,103,"An Everlasting Piece",6,0,1,0,0,0,0,0,0,1,2000
0.541652,93,"Among Giants",4.5,0,1,0,0,0,1,0,0,1,1998
18.790221,100,"Adore",6.1,0,0,1,0,0,0,16,0.318982,1,2013
0.409089,100,"The Velocity of Gary",4.2,0,0,1,0,0,1,4,0,1,1999
3.663108,113,"Mondays in the Sun",7.1,0,0,1,0,0,0,4,0.146402,0,2002
12.496261,98,"Stake Land",6.2,1,0,1,0,1,0,0.65,0.033245,1,2010
0.596889,92,"The Last Time I Committed Suicide",6.7,0,0,1,0,0,0,0,0,1,1997
2.611364,106,"Futuro Beach",6.4,0,0,1,0,0,0,0,0,0,2014
3.238466,119,"Another Happy Day",6.2,0,1,1,0,0,0,4,0.355688,1,2011
8.30723,99,"A Lonely Place to Die",6.2,1,0,0,0,1,0,4,25.345,1,2011
3.408955,90,"Nothing",5.8,0,1,0,0,0,0,0,0,1,2003
1.876621,120,"The Geographer Drank His Globe Away",7.3,0,0,1,0,0,0,0,4.037782,0,2013
1.807571,142,"1776",7.1,0,1,1,0,0,0,0,0,1,1972
6.783053,93,"Inescapable",5.2,0,0,0,0,1,1,0,0,1,2012
8.484123,127,"Hell's Angels",6.1,1,0,1,0,0,0,3.95,8,1,1930
0.936232,103,"Purple Violets",5.7,0,1,1,0,0,1,4,0,1,2007
1.923514,0,"How to Fall in Love",5.2,0,1,0,0,0,1,4,0,1,2012
4.118612,113,"The Perfect Wave",4.4,0,0,1,0,0,1,0,0,1,2014
9.541688,120,"A Man for All Seasons",7.5,0,0,1,0,0,0,3.9,28.35,1,1966
17.234745,121,"Network",7.7,0,0,1,0,0,0,3.8,23.689877,1,1976
48.98255,238,"Gone with the Wind",7.7,0,0,1,0,0,1,4,400.176459,1,1939
1.972668,98,"Desert Dancer",6.5,0,0,1,0,0,0,0,0,1,2014
1.726175,107,"Annie Get Your Gun",7.3,1,1,0,0,0,1,3.768785,8,1,1950
20.544999,101,"Four Lions",7,0,1,1,0,0,0,0.967686,4.27,1,2010
0.389471,115,"The House of Sand",6.7,0,0,1,0,0,0,0,0,0,2005
8.45342,101,"Defendor",6.5,1,1,1,0,0,0,3.5,0.044462,1,2009
0.90522,102,"The Pirate",6.6,0,0,0,0,0,1,3.7,2.956,1,1948
2.201678,95,"The Good Heart",6,0,1,1,0,0,1,3.8,0,1,2009
3.771652,109,"The History Boys",6.6,0,1,1,0,0,0,4,13.401952,1,2006
21.119209,113,"Midnight Cowboy",7.4,0,0,1,0,0,0,3.6,44.785053,1,1969
17.002623,91,"The Full Monty",6.8,0,1,0,0,0,0,3.5,257.850122,1,1997
46.116885,88,"Airplane!",7.1,0,1,0,0,0,0,3.5,83.453539,1,1980
1.398981,88,"Chain of Command",5.3,1,0,0,0,1,0,5,0,1,2015
25.5748,91,"Friday",7,0,1,0,0,0,0,3.5,28.215918,1,1995
3.418871,97,"Menace II Society",7.2,1,0,1,0,0,0,3.5,27.9,1,1993
2.676535,121,"The Ballad of Cable Hogue",6.9,1,1,0,0,0,0,3.716946,5,1,1970
7.821438,134,"In Cold Blood",7.4,0,0,1,0,0,0,3.5,13.007551,1,1967
3.281509,149,"The Nun's Story",7.4,0,0,1,0,0,0,3.5,12.8,1,1959
2.938973,121,"Harper",6.2,1,0,1,0,1,0,3.5,12,1,1966
10.219942,116,"Frenzy",7.1,0,0,1,0,1,0,3.5,12.6,1,1972
0.593068,93,"I Got the Hook Up",5.4,1,1,0,0,0,0,0,0,1,1998
8.406025,96,"She's the One",5.7,0,1,0,0,0,1,3.5,9.482579,1,1996
5.588652,105,"Gods and Monsters",6.8,0,0,1,0,0,0,10,6.451628,1,1998
25.894065,129,"The Secret in Their Eyes",7.8,0,0,1,0,0,1,2,33.965843,0,2009
3.280081,94,"Train",4.8,0,0,0,0,1,0,0,0,1,2008
35.674774,84,"Evil Dead II",7.6,0,1,0,0,0,0,3.6,5.923044,1,1987
3.115754,81,"Pootie Tang",5.4,1,1,0,0,0,0,0,0,1,2001
0.015597,105,"The Other Conquest",5.4,0,0,1,0,0,0,0,0,0,1999
0.595136,104,"Ira & Abby",5.8,0,1,0,0,0,1,0,0,1,2006
3.643608,98,"Winter Passing",6.7,0,1,1,0,0,0,3.5,0.113783,1,2006
6.396936,91,"D.E.B.S.",5.6,1,0,0,0,0,0,3.5,0,1,2004
0.909067,111,"The Masked Saint",2.9,1,0,0,0,0,0,0,0,1,2016
1.348114,98,"The Betrayed",5.2,0,0,1,0,1,0,3.5,0,1,2008
0.964802,104,"Taxman",2,1,1,0,0,1,0,0,0,1,1999
0.042346,200,"The Secret",0,0,0,1,0,0,0,0,0,1,2016
1.271621,96,"2:13",4.6,0,0,0,0,1,0,3.5,0,1,2009
25.891466,78,"Batman: The Dark Knight Returns, Part 2",7.9,1,0,0,1,0,0,3.5,0,1,2013
4.304341,85,"In the Name of the King III",3.3,1,0,1,0,0,0,3.5,0,1,2013
3.158056,92,"Wicked Blood",5.3,1,0,1,0,1,0,3.5,0,1,2014
3.230779,86,"Stranded",5,0,0,1,0,0,0,0,0,1,2015
1.913302,90,"Lords of London",3.6,0,0,0,0,1,0,3.44,0,1,2014
5.690619,94,"High Anxiety",6.5,0,1,0,0,0,0,3.4,31.063038,1,1977
26.259389,107,"Margin Call",6.7,0,0,1,0,1,0,3.5,19.504039,1,2011
1.419431,100,"August",6.2,0,0,1,0,0,0,0,0,1,2011
11.637458,92,"Choke",6,0,1,1,0,0,0,3,3.830137,1,2008
192.528841,105,"Whiplash",8.3,0,0,1,0,0,0,3.3,13.092,1,2014
44.356711,130,"City of God",8.1,0,0,1,0,0,0,3.3,30.64177,0,2002
4.859873,99,"Human Traffic",6.8,0,1,1,0,0,0,0.6,4,1,1999
6.723057,118,"To Write Love on Her Arms",6.8,0,0,1,0,0,0,3.4,0,1,2015
3.069605,85,"The Dead Girl",6.4,0,0,1,0,1,0,0,0,1,2006
21.826888,115,"The Hunt",7.9,0,0,1,0,0,0,3.8,16.8,0,2012
15.128316,94,"A Christmas Story",7.4,0,1,0,0,0,0,0,19.294144,1,1983
1.814802,91,"Bella",6.7,0,0,1,0,0,1,0,0,1,2006
5.643023,98,"Class of 1984",6.2,1,0,1,0,1,0,4.3,0,1,1982
2.964785,96,"The Opposite Sex",4.1,0,1,0,0,0,0,3.3,0.045,1,2014
0.11615,92,"Dreaming of Joseph Lees",8,0,0,1,0,0,1,2,7e-06,1,1999
13.437038,128,"The Class",6.8,0,0,1,0,0,0,0,28.81458,0,2008
26.180367,136,"Rosemary's Baby",7.5,0,0,1,0,0,0,3.2,33.395426,1,1968
8.308442,99,"Adam",6.9,0,0,1,0,0,1,0,2.277396,1,2009
3.027892,101,"Maria Full of Grace",6.9,0,0,1,0,1,0,0,0,0,2004
11.933449,105,"Beginners",6.8,0,1,1,0,0,1,3.2,5.332926,1,2010
8.825113,95,"Feast",6.1,1,1,0,0,0,0,0,0.658573,1,2005
17.332585,109,"Animal House",7,0,1,0,0,0,0,2.7,141,1,1978
47.812466,110,"Goldfinger",7.2,1,0,0,0,1,0,2.5,124.881062,1,1964
42.868495,130,"It's a Wonderful Life",8,0,0,1,0,0,0,3.18,9.644124,1,1946
63.513324,93,"Trainspotting",7.8,0,0,1,0,0,0,4,16.49108,1,1996
1.918959,115,"The Original Kings of Comedy",6.3,0,1,0,0,0,0,0,0,1,2000
22.789649,91,"Paranormal Activity 2",5.7,0,0,0,0,1,0,3,177.512032,1,2010
5.735912,91,"Waking Ned",7.4,0,1,0,0,0,1,0,0,1,1998
6.017273,111,"Coming Home",6.9,0,0,1,0,0,0,0,0,0,2014
7.961559,117,"A Room with a View",6.9,0,0,1,0,0,1,3,20.966644,1,1985
54.403033,86,"The Purge",6,0,0,0,0,1,0,3,89.328627,1,2013
41.045084,110,"Sinister",6.7,0,0,0,0,1,0,3,77.712439,1,2012
0.295226,113,"Martin Lawrence Live: Runteldat",5,0,1,0,0,0,0,3,19.184015,1,2002
16.553594,108,"Cat on a Hot Tin Roof",7.6,0,0,1,0,0,1,3,17.570324,1,1958
11.241802,98,"Air Bud",5.3,0,1,1,0,0,0,3,23.144499,1,1997
9.18885,93,"Pokémon: Spell of the Unknown",5.9,1,0,0,1,0,0,16,68.411275,0,2000
11.158167,86,"Friday the 13th Part VI: Jason Lives",5.7,0,0,0,0,1,0,3,19.472057,1,1986
23.109959,161,"The Bridge on the River Kwai",7.7,0,0,1,0,0,0,3,33.3,1,1957
1.586598,100,"Spaced Invaders",4.7,0,1,0,0,0,0,3,15.369573,1,1990
3.832858,121,"Family Plot",6.7,0,1,0,0,1,0,2,7.9,1,1976
22.889294,125,"The Apartment",8.1,0,1,1,0,0,1,3,25,1,1960
10.341982,87,"Jason Goes to Hell: The Final Friday",4.2,0,0,0,0,1,0,3,15.938065,1,1993
7.924982,128,"Torn Curtain",6.4,0,0,0,0,1,0,3,13,1,1966
1.697846,100,"Dave Chappelle's Block Party",6.4,0,1,0,0,0,0,3,11.718595,1,2005
14.936661,84,"Slow West",6.6,0,0,0,0,1,1,0,0.229094,1,2015
0.720091,97,"Krush Groove",7,0,0,1,0,0,1,3,0,1,1985
2.747402,84,"Next Day Air",5.3,1,1,0,0,0,0,0,0,1,2009
6.734965,146,"Elmer Gantry",7.3,0,0,1,0,0,0,3,10.4,1,1960
13.338539,186,"Judgment at Nuremberg",7.6,0,0,1,0,0,0,3,10,1,1961
0.185373,94,"Trippin'",4.5,0,1,0,0,0,1,0,9.016377,1,1999
0.982624,99,"Phat Girlz",3.7,0,1,0,0,0,1,0,0,1,2006
23.299907,108,"Before Midnight",7.4,0,0,1,0,0,1,3,11.176469,1,2013
4.103764,95,"Teen Wolf Too",3.8,0,1,0,0,0,0,0,0,1,1987
5.003615,97,"Phantasm II",6.3,1,0,0,0,1,0,3,7.282851,1,1988
0.019984,94,"Woman Thou Art Loosed",5,0,0,1,0,0,0,3,6.804016,1,2004
1.026243,86,"Real Women Have Curves",5.8,0,1,1,0,0,0,0,0,1,2002
2.787375,115,"Water",6.8,0,0,1,0,0,1,0,10.422387,1,2005
3.667372,97,"East Is East",6.5,0,1,0,0,0,0,3.8,28.2,1,1999
2.144354,82,"Whipped",3.1,0,1,0,0,0,1,3,0,1,2000
3.937939,117,"Kama Sutra - A Tale of Love",5.7,0,0,1,0,0,1,3,4.109095,1,1996
5.325156,90,"Please Give",6,0,1,1,0,0,0,3,0,1,2010
5.016607,95,"8 Heads in a Duffel Bag",5.4,0,1,0,0,0,0,0,0,1,1997
13.857194,94,"Days of Heaven",7.6,0,0,1,0,0,1,0,0,1,1978
6.997495,104,"Thirteen Conversations About One Thing",6.4,0,0,1,0,0,0,0,0,1,2001
4.337685,87,"Jawbreaker",5.9,0,1,0,0,0,0,3,3.07682,1,1999
3.636634,108,"Basquiat",6.6,0,0,1,0,0,0,2.962051,3.011195,1,1996
15.492257,86,"Frances Ha",7.2,0,1,1,0,0,0,0,4.069826,1,2013
2.504169,94,"Tsotsi",6.9,0,0,1,0,0,0,3,9.879971,0,2005
10.757539,139,"Happiness",7.4,0,1,1,0,0,0,3,2.80739,1,1998
1.580027,89,"DysFunktional Family",6.1,0,1,0,0,0,0,0,0,1,2003
15.754614,102,"Tusk",5.1,0,1,0,0,0,0,2.8,1.826705,1,2014
56.76349,120,"Oldboy",8,1,0,1,0,1,0,3,14.980005,0,2003
3.644872,110,"Letters to God",6.5,1,0,1,0,1,0,0,0,1,2010
16.900433,86,"Hobo with a Shotgun",5.7,1,1,0,0,1,0,3,0.748453,1,2011
1.569246,101,"Compadres",5.2,1,1,0,0,0,0,3,0,0,2016
4.682881,110,"Freeway",6.5,0,1,1,0,1,0,3,0,1,1996
1.128559,87,"Love's Abiding Joy",5.8,1,0,1,0,0,0,0,0,1,2006
12.68672,123,"Fish Tank",6.9,0,0,1,0,0,0,3,2.357852,1,2009
3.750338,99,"Damsels in Distress",5.6,0,1,0,0,0,1,0,0,1,2012
2.857848,176,"Creature",4,0,0,0,0,1,0,0,0,1,1998
20.95282,87,"Bachelorette",5.3,0,1,0,0,0,1,3,11.947954,1,2012
0.18094,120,"Brave New Girl",3.7,0,0,1,0,0,0,0,0,1,2004
1.75311,94,"Tim and Eric's Billion Dollar Movie",5.2,0,1,0,0,0,0,0,0,1,2012
3.120747,98,"Summer Storm",6.7,0,1,1,0,0,0,2.7,0,0,2004
0.384496,0,"Fort McCoy",6.3,0,0,1,0,0,0,0,0,1,2014
2.504156,96,"Chain Letter",3.9,0,0,0,0,1,0,0,0,1,2010
0.431332,97,"Just Looking",5.8,0,1,1,0,0,0,3,0,1,1999
9.342465,88,"The Eclipse",6.1,0,0,1,0,0,1,0,0,1,2009
12.564554,83,"Demonic",4.9,0,0,0,0,1,0,3,3.387,1,2015
0.68822,80,"My Big Fat Independent Movie",3,0,1,0,0,0,0,0,0,1,2005
0.194848,90,"The Deported",0,0,1,0,0,0,0,0,0,1,2010
2.015525,96,"Tanner Hall",5.4,0,0,1,0,0,0,0,0,1,2009
2.680629,85,"Open Road",5.2,1,0,1,0,1,0,3,0,1,2013
12.036888,84,"They Came Together",5.3,0,1,0,0,0,0,0,0,1,2014
1.737032,80,"30 Nights of Paranormal Activity With the Devil Inside the Girl With the Dragon Tattoo",2.9,0,1,0,0,0,0,0,0,1,2013
9.249229,90,"Never Back Down 2: The Beatdown",5.8,1,0,1,0,0,0,3,0,1,2011
5.164423,92,"Point Blank",7.1,1,0,1,0,1,0,2.5,3.2,1,1967
0.008263,100,"Four Single Fathers",0,0,1,1,0,0,0,3e-06,0,1,2009
1.998826,88,"Enter the Dangerous Mind",4.8,0,0,0,0,1,0,0,0,1,2013
1.968679,95,"Something Wicked",4.6,0,0,0,0,1,0,3,0,1,2014
1.141463,79,"AWOL-72",2.8,0,0,0,0,1,0,3,0,1,2015
1.034844,95,"Chicago Overcoat",6.1,1,0,0,0,1,0,3.2,0,1,2009
1.975941,95,"Barry Munday",6.3,0,1,1,0,0,1,0,0,1,2010
5.928937,113,"Central Station",7.6,0,0,1,0,0,0,2.9,5.596708,0,1998
3.370225,136,"Pocketful of Miracles",7.3,0,1,1,0,0,0,2.9,5,1,1961
5.485217,80,"Close Range",4.9,1,0,0,0,0,0,0,0,1,2015
0.18887,105,"Boynton Beach Club",6.8,0,1,1,0,0,1,0,0,1,2005
3.077885,90,"Amnesiac",4.1,0,0,1,0,1,0,3,0,1,2015
4.952983,91,"High Tension",6.6,0,0,0,0,1,0,0,0,0,2003
1.35088,93,"Griff the Invisible",6.1,0,1,1,0,0,1,2.90266,0,1,2011
0.687656,89,"Unnatural",4.3,1,0,0,0,1,0,0,0,1,2015
6.39503,116,"Hustle & Flow",6.9,0,0,1,0,0,0,8,23.563727,1,2005
39.30982,122,"Some Like It Hot",8,0,1,0,0,0,1,2.883848,25,1,1959
9.070842,88,"Friday the 13th Part VII: The New Blood",5.3,0,0,0,0,1,0,2.8,19.170001,1,1988
36.444894,106,"Young Frankenstein",7.7,0,1,0,0,0,0,2.8,86.273333,1,1974
15.351412,95,"Diary of the Dead",5.4,1,0,0,0,0,0,2,5.364858,1,2007
2.436019,144,"Lage Raho Munna Bhai",7.6,0,1,1,0,0,1,0,0,1,2006
0.93392,112,"Ulee's Gold",6.5,0,0,1,0,0,0,0,0,1,1997
1.776624,90,"Journey to Saturn",4.9,1,1,0,1,0,0,0,0,1,2008
1.897263,109,"Donovan's Reef",6,0,1,0,0,0,1,2.686,6.6,1,1963
0.144031,103,"The Dress",7,0,1,1,0,0,0,0,0,0,1996
0.531444,120,"A Guy Named Joe",6,0,0,1,0,0,1,2.627,5.363,1,1944
22.793929,93,"Blazing Saddles",7.2,0,1,0,0,0,0,2.6,119.5,1,1974
14.013414,91,"Friday the 13th: The Final Chapter",5.9,0,0,0,0,1,0,2.6,32.98088,1,1984
13.265432,80,"Ida",7.1,0,0,1,0,0,0,2.15928,10.7,0,2013
11.552247,134,"Maurice",7.1,0,0,1,0,0,1,0,0,1,1987
1.73892,86,"Beer League",5.3,0,1,0,0,0,0,0,0,1,2006
19.02965,92,"Timecrimes",7,0,0,0,0,1,0,2.6,0.553198,0,2007
0.406645,99,"Silver Medalist",7.4,1,1,1,0,0,0,0,0,0,2009
3.687574,97,"Timber Falls",5.2,0,0,0,0,1,0,2.6,0,1,2007
36.556954,103,"Singin' in the Rain",7.8,0,1,0,0,0,1,2.5408,7.2,1,1952
18.661541,86,"A Haunted House",5.4,0,1,0,0,0,0,2.5,60.141683,1,2013
14.885388,108,"That Thing You Do!",6.8,0,1,1,0,0,0,0,34.585416,1,1996
18.30961,98,"Escape from the Planet of the Apes",6.3,1,0,0,0,0,0,2.5,12.348905,1,1971
6.82919,112,"Hud",7.5,1,0,1,0,0,0,2.5,10,1,1963
9.799357,74,"Kevin Hart: Let Me Explain",7.1,0,1,0,0,0,0,0,32.230907,1,2013
10.363642,104,"My Own Private Idaho",7.1,0,0,1,0,0,1,2.5,0,1,1991
30.583959,102,"Garden State",7.1,0,1,1,0,0,1,2.5,26.781723,1,2004
23.672571,105,"Before Sunrise",7.7,0,0,1,0,0,1,2.5,5.535405,1,1995
0.205034,100,"Evil Words",6.9,0,0,0,0,1,0,0,0,0,2003
5.581743,107,"Jesus' Son",6.7,0,1,1,0,0,1,0,0,1,1999
2.487255,91,"Saving Face",6.8,0,1,0,0,0,1,0,0,1,2004
0.262135,102,"Brick Lane",5.2,0,0,1,0,0,0,0,0,1,2007
23.419061,85,"Robot & Frank",6.8,0,1,1,0,0,0,2.5,3.325038,1,2012
7.958831,106,"My Life Without Me",7.2,0,0,1,0,0,1,0,9.726954,1,2003
25.722747,95,"The Spectacular Now",6.8,0,1,1,0,0,1,2.5,6.854611,1,2013
9.774126,101,"Religulous",7.2,0,1,0,0,0,0,0,0,1,2008
0.197469,90,"Fuel",7,0,0,1,0,0,0,0,0,1,2008
0.142255,100,"Valley of the Heart's Delight",7,0,0,1,0,0,0,0,0,1,2006
0.301884,100,"Eye of the Dolphin",7.1,0,0,1,0,0,0,2.5,0.071904,1,2007
3.393648,106,"The Other End of the Line",6.1,0,1,0,0,0,1,14,0,1,2008
5.025938,103,"Anatomy",6.1,0,0,0,0,1,0,0,0,0,2000
4.624691,90,"Sleep Dealer",6,0,0,1,0,1,0,2.5,0.107559,1,2008
12.204569,96,"Super",6.6,1,1,1,0,0,0,2.5,0.324138,1,2010
0.630226,89,"Christmas Mail",5,0,1,0,0,0,0,0,0,1,2010
4.270489,87,"Stung",4.9,0,1,0,0,0,0,2.5,0,0,2015
4.623059,120,"Get on the Bus",7,0,0,1,0,0,0,2.4,5.731103,1,1996
1.946715,101,"Thr3e",4.8,0,0,1,0,1,0,0,0,1,2006
27.940093,84,"Idiocracy",6.3,0,1,0,0,0,0,30,0.495303,1,2006
8.395624,101,"This Is England",7.4,0,0,1,0,0,0,2.38,8.176544,1,2006
8.248149,101,"U.F.O.",3.1,1,0,0,0,0,0,2.5,0,1,2012
0.628051,101,"Bathing Beauty",7,0,1,0,0,0,0,2.361,6.892,1,1944
0.500753,105,"Go for It!",4.6,0,0,1,0,0,0,2.45,0,1,2011
0.376662,97,"Dancer, Texas Pop. 81",10,0,1,1,0,0,0,0,0.565592,1,1998
1.606314,107,"Show Boat",6.9,0,0,0,0,0,1,2.3,11,1,1951
0.197264,91,"Redemption Road",4.7,0,0,1,0,0,0,0,0,1,2011
5.759493,108,"The Calling",5.6,0,0,0,0,1,0,0,0,1,2014
6.86302,90,"The Brave Little Toaster",6.7,0,1,0,1,0,0,2,0,1,1987
32.875469,124,"Fantasia",7.2,0,0,0,1,0,0,2.28,83.32,1,1940
0.015295,90,"8 Days",0,0,0,1,0,1,0,0,0,1,2014
14.206525,95,"Friday the 13th Part III",5.7,0,0,0,0,1,0,4,36.690067,1,1982
12.639469,92,"Friday the 13th: A New Beginning",5.1,0,0,0,0,1,0,2.2,21.930418,1,1985
2.371477,117,"The Last Sin Eater",6.2,0,0,1,0,0,0,0,0,1,2007
2.470443,115,"Do You Believe?",6.6,0,0,1,0,0,0,0,0,1,2015
1.532518,90,"Impact Point",5.7,0,0,0,0,1,1,0,0,1,2008
0.1813,119,"The Valley of Decision",5.8,0,0,1,0,0,0,2.16,9.132,1,1945
2.713171,97,"Eden",5.6,0,0,1,0,1,0,2.3,0,1,2015
0.258413,90,"Chicken Tikka Masala",3.5,0,1,0,0,0,1,0,0,1,2005
2.025701,90,"There's Always Woodstock",5.4,0,1,0,0,0,1,0,0,1,2014
2.659804,85,"Jack Brooks: Monster Slayer",5.7,1,1,0,0,0,0,0,0,1,2007
8.38717,172,"The Best Years of Our Lives",7.6,0,0,1,0,0,1,2.1,23.65,1,1946
6.677093,113,"Bully",6.7,0,0,1,0,0,0,0,0.480811,1,2001
2.526356,89,"Elling",7,0,1,1,0,0,0,0,0,1,2001
0.039007,126,"Mi America",0,0,0,1,0,0,0,2.1,0.00333,1,2015
0.47909,88,"Lies in Plain Sight",4.5,0,0,1,0,1,0,0,0,1,2010
2.122451,77,"Containment",5.1,0,0,0,0,1,0,0,0,1,2015
0.803761,81,"The Timber",4.1,0,0,1,0,0,0,0,0,0,2015
41.298723,115,"From Russia with Love",6.9,1,0,0,0,1,0,2,78.898765,1,1963
1.791331,96,"The Toxic Avenger Part II",5.3,1,1,0,0,0,0,0,0,1,1989
10.664202,89,"Sleeper",7,0,1,0,0,0,1,2,18.344729,1,1973
100.876794,100,"It Follows",6.6,0,0,0,0,1,0,2,14.674076,1,2015
13.223111,88,"Everything You Always Wanted to Know About Sex *But Were Afraid to Ask",6.6,0,1,0,0,0,0,2,18.01629,1,1972
22.139842,129,"To Kill a Mockingbird",8,0,0,1,0,0,0,2,13.129846,1,1962
37.117362,95,"Mad Max 2: The Road Warrior",7.3,1,0,0,0,1,0,2,24.600832,1,1981
15.046612,102,"The Legend of Drunken Master",7.2,1,1,0,0,0,0,0,0,0,1994
15.557144,118,"Boys Don't Cry",7.2,0,0,1,0,0,0,2,11.540607,1,1999
34.938177,137,"The Lives of Others",7.9,0,0,1,0,1,0,2,70,0,2006
5.961119,129,"Courageous",6.8,0,0,1,0,0,0,1,34.522221,1,2011
17.639478,134,"The Hustler",7.6,0,0,1,0,0,0,2,7.6,1,1961
1.867004,119,"Boom Town",6.5,0,0,1,0,0,1,2,9.172,1,1940
13.944645,80,"The Triplets of Belleville",7.3,0,1,1,1,0,0,8,1.477676,0,2003
2.304552,89,"Smoke Signals",6.6,0,1,1,0,0,0,0,0,1,1998
7.792851,101,"American Splendor",7.1,0,1,1,0,0,0,0,6.003587,1,2003
14.799323,80,"Before Sunset",7.6,0,0,1,0,0,1,2.7,15.992615,1,2004
23.281616,154,"Amores perros",7.6,0,0,1,0,1,0,2,20.908467,0,2000
20.331593,100,"Thirteen",6.7,0,0,1,0,0,0,2,4.601043,1,2003
5.381536,118,"Gentleman's Agreement",6.8,0,0,1,0,0,1,2,7.8,1,1947
20.834883,100,"Winter's Bone",6.8,0,0,1,0,0,0,2,13.831503,1,2010
14.045887,106,"Touching the Void",7.6,1,0,0,0,0,0,0,13.885802,1,2003
0.483974,106,"Alexander's Ragtime Band",4.8,0,0,1,0,0,1,2,4,1,1938
9.719094,90,"Me and You and Everyone We Know",7,0,1,1,0,0,0,0,0,1,2005
28.819424,96,"We Are Your Friends",6.3,0,0,1,0,0,1,6,11.12209,1,2015
18.223139,116,"Ghost Dog: The Way of the Samurai",7.2,0,0,1,0,0,0,0,0,1,1999
12.999023,120,"Harsh Times",6.3,1,0,1,0,1,0,2,5.967038,1,2005
6.728882,97,"Captive",5.6,0,0,1,0,1,0,2,2.801508,1,2015
1.95686,96,"Full Frontal",4.8,0,1,1,0,0,1,2,2.506446,1,2002
14.846001,101,"Shortbus",6.3,0,1,1,0,0,1,2,5.179037,1,2006
14.08251,90,"Waltz with Bashir",7.8,0,0,1,1,0,0,2,11.125849,0,2008
18.224326,98,"The Diary of a Teenage Girl",6.8,0,0,1,0,0,1,2,1.477002,1,2015
4.749885,104,"Meek's Cutoff",6.5,0,0,1,0,0,0,0,0.876302,1,2010
1.096355,99,"Dinner Rush",7.1,1,0,1,0,1,0,0,0,1,2000
1.196943,96,"Clockwatchers",5.6,0,1,1,0,0,0,0,0,1,1997
3.125382,120,"The Virginity Hit",4.6,0,1,0,0,0,0,2,0.563706,1,2010
5.261065,104,"Subway",6.3,1,0,0,0,1,0,2,0.390659,0,1985
6.337735,97,"House of D",6.1,0,1,1,0,0,0,0,0,1,2005
7.359286,94,"Teeth",5.2,0,1,0,0,0,0,0,0,1,2007
1.892183,91,"Six-String Samurai",5.8,1,0,0,0,0,0,2,0.124494,1,1998
3.911445,90,"It's All Gone Pete Tong",7.1,0,1,1,0,0,0,2,0.12062,1,2004
2.559806,84,"Saint John of Las Vegas",5.9,0,1,0,0,0,0,3.8,0.111731,1,2009
0.744406,96,"24 7: Twenty Four Seven",6.3,0,1,1,0,0,1,0,0,1,1997
5.16023,129,"Stonewall",5.2,0,0,1,0,0,0,13.5,0.187674,1,2015
0.253595,93,"Roadside Romeo",6.7,0,0,0,1,0,0,7,1.1,1,2008
0.046868,100,"This Thing of Ours",5,1,0,1,0,1,0,0,0,1,2005
5.563068,94,"The Last Five Years",5.5,0,1,1,0,0,1,0,0,1,2014
1.161034,95,"The Missing Person",6.4,0,1,1,0,1,0,0,0,1,2009
7.502934,97,"Return of the Living Dead 3",5.9,0,1,0,0,0,1,2,0.054207,1,1993
5.350423,92,"London",6.1,1,0,1,0,0,1,0,0,1,2005
4.261509,96,"Sherrybaby",6.3,0,0,1,0,0,0,2,0.622806,1,2006
20.362373,91,"Eden Lake",6.7,0,0,0,0,1,0,0,3.983997,1,2008
5.099368,98,"Plush",5.4,0,0,0,0,1,0,0,0,1,2013
6.632891,86,"Lesbian Vampire Killers",5.3,0,1,0,0,0,0,0,0,1,2009
1.717376,120,"Gangster's Paradise: Jerusalema",6.8,1,0,1,0,0,0,0,0,1,2008
4.922397,99,"Freeze Frame",6.9,0,0,1,0,1,0,0,0,1,2004
13.222268,92,"Grave Encounters",6.1,0,0,0,0,1,0,1,0,1,2011
9.68793,98,"Nine Dead",5.2,0,0,1,0,1,0,2,0,1,2010
5.941852,82,"Bananas",6.7,0,1,0,0,0,0,2,11.833696,1,1971
0.174311,103,"Supercapitalist",3.5,0,0,0,0,1,0,0,0,1,2012
0.361554,76,"Rockaway",5.8,1,0,1,0,0,0,0,0,1,2007
8.055084,87,"The Lady from Shanghai",7.2,0,0,1,0,0,0,2.3,0,1,1947
4.346271,88,"No Man's Land: The Rise of Reeker",4.4,0,0,0,0,1,0,2,0,1,2008
3.419685,97,"Highway",5.6,1,0,1,0,0,0,14,0,1,2002
5.100741,96,"Small Apartments",5.7,0,1,0,0,0,0,2,0,1,2012
2.253589,87,"Coffee Town",6.7,0,1,0,0,0,0,0,0,1,2013
0.209475,106,"The Ghastly Love of Johnny X",6.6,0,1,0,0,0,0,0,0,1,2013
3.613577,107,"All Is Bright",5.3,0,1,1,0,0,0,0,0,1,2013
4.50829,88,"Straight A's",5.2,0,1,1,0,0,0,7,0,1,2013
8.902102,99,"A Funny Thing Happened on the Way to the Forum",6.1,0,1,0,0,0,0,0,0,1,1966
1.002585,108,"The Legend of Hell's Gate: An American Conspiracy",3.9,1,0,0,0,0,0,0,0,1,2011
1.332804,90,"The Walking Deceased",4.2,0,1,0,0,0,0,0,0,1,2015
2.00163,89,"The Curse of Downers Grove",4.4,0,0,1,0,1,0,2,0,1,2015
1.187764,92,"Shark Lake",4.4,0,0,0,0,1,0,2,0,1,2015
6.463806,99,"River's Edge",6.7,0,0,1,0,0,0,19,0,1,1986
1.980265,103,"Northfork",6.7,0,0,1,0,0,0,0,0,1,2003
3.696123,90,"The Marine 4: Moving Target",5.8,1,0,0,0,1,0,1.95,0,1,2015
32.841229,94,"Buried",6.6,0,0,1,0,1,0,1.98765,19.15248,1,2010
8.518866,97,"Submarine",7.4,0,1,1,0,0,1,0,0.864659,1,2011
4.892203,88,"The Square",7.8,0,0,1,0,0,0,0,0,0,2013
4.665026,95,"One to Another",5.8,0,0,1,0,0,0,0,0,0,2006
1.294967,160,"ABCD (Any Body Can Dance)",5.6,0,0,1,0,0,0,0,0.222,0,2013
14.331992,94,"Man on Wire",7.5,0,0,0,0,1,0,0,2.957978,1,2008
3.068463,82,"Abandoned",5.8,0,0,1,0,1,0,0,0,1,2015
14.838986,87,"The Last Exorcism",5.6,0,0,1,0,1,0,1.8,67.73809,1,2010
1.950959,98,"Nowhere Boy",7.2,0,0,1,0,0,0,0,0,1,2009
14.884756,125,"A Streetcar Named Desire",7.6,0,0,1,0,0,0,1.8,8,1,1951
41.996783,95,"Dr. Strangelove or: How I Learned to Stop Worrying and Love the Bomb",8,0,1,1,0,0,0,1.8,9.440272,1,1964
2.179428,118,"The Crime of Padre Amaro",6.2,0,0,1,0,0,1,1.8,0,0,2002
12.471239,93,"Beasts of the Southern Wild",6.8,0,0,1,0,0,0,1.8,21.107746,1,2012
13.315383,93,"Battle for the Planet of the Apes",5.5,1,0,0,0,0,0,1.7,8.844595,1,1973
3.363321,109,"Songcatcher",5.6,0,0,1,0,0,0,0,0,1,2001
0.320387,155,"Vaalu",6.7,0,1,0,0,0,1,0,0,0,2015
0.692497,87,"The Greatest Movie Ever Sold",6.4,0,1,0,0,0,0,0,0.621951,1,2011
0.023436,93,"Ed and His Dead Mother",5.5,0,1,0,0,0,0,0,0,1,1993
0.749699,108,"Travellers and Magicians",6.8,0,0,1,0,0,0,0,0,1,2003
0.225627,87,"Deadline - U.S.A.",6.9,0,0,1,0,0,0,0,0,1,1952
6.833164,113,"Sublime",5.3,0,0,0,0,1,0,0,0,1,2007
0.060127,87,"A Beginner's Guide to Snuff",0,0,1,0,0,1,0,0,0,1,2016
1.959405,86,"Independence Daysaster",4.2,1,0,0,0,0,0,1.8,0,1,2013
0.21544,101,"Dysfunctional Friends",5,0,1,0,0,0,1,1.8,0,1,2012
27.36562,81,"Run Lola Run",7.2,1,0,1,0,1,0,1.53,7.267585,0,1998
8.650779,93,"May",6.3,0,0,1,0,1,1,0.5,0.150277,1,2002
2.756435,106,"Under the Same Moon",7,0,0,1,0,0,0,0,23.311391,0,2008
18.828683,88,"Conquest of the Planet of the Apes",6.1,1,0,0,0,0,0,1.7,9.7,1,1972
6.979638,130,"In the Bedroom",6.4,0,0,1,0,1,0,1.7,0,1,2001
26.281839,108,"I Spit on Your Grave",6.3,0,0,0,0,1,0,2,0.572809,1,2010
2.079125,98,"Happy, Texas",5.5,0,1,0,0,0,0,1.7,1.943649,1,1999
3.939753,86,"My Summer of Love",6,0,0,1,0,1,1,0,0,1,2004
14.017809,104,"The Lunchbox",7.3,0,0,1,0,0,1,1,4.235151,0,2013
3.677831,100,"Yes",5.9,0,0,1,0,0,1,0,0,1,2005
3.426314,126,"You Can't Take It With You",7.2,0,1,0,0,0,1,1.644736,7.433101,1,1938
6.915201,118,"From Here to Eternity",7.2,0,0,1,0,0,1,1.65,30.5,1,1953
2.160586,102,"Grace Unplugged",6,0,0,1,0,0,0,0,0,1,2013
0.796009,84,"Foolish",6.3,0,1,1,0,0,0,0,6.033999,1,1999
0.13456,0,"N-Secure",4.3,0,0,1,0,1,0,0,2.592808,1,2010
4.554574,96,"Caramel",6.8,0,1,1,0,0,1,0,0,0,2007
3.215465,92,"Out of the Dark",4.6,0,0,0,0,1,0,0,0,1,2014
1.49436,114,"The Bubble",7.6,0,0,1,0,0,1,0,0,0,2006
20.810292,113,"The Conversation",7.5,0,0,1,0,0,0,1.6,4.42,1,1974
0.122704,0,"Dil Jo Bhi Kahey...",0,0,0,0,0,0,1,0,0,0,2006
3.654018,123,"Mississippi Mermaid",6.7,0,0,1,0,0,1,0,0,0,1969
3.313339,111,"I Love Your Work",6.5,0,0,1,0,0,0,0,0,1,2003
9.67299,108,"Waitress",6.7,0,1,0,0,0,0,2,22.17943,1,2007
17.49699,92,"Bloodsport",6.6,1,0,0,0,0,0,1.5,11.806119,1,1988
12.2624,129,"Mr. Smith Goes to Washington",7.9,0,1,1,0,0,0,1.5,9.6,1,1939
13.291991,91,"Kids",6.8,0,0,1,0,0,0,1.5,7.412216,1,1995
13.788054,81,"The Squid and the Whale",6.9,0,1,1,0,0,0,1.5,11.098131,1,2005
3.990215,97,"Kissing Jessica Stein",5.9,0,1,0,0,0,0,1,10.013424,1,2001
6.526588,90,"Kickboxer: Vengeance",4.5,1,0,1,0,0,0,17,0,1,2016
11.145915,111,"Spellbound",7.3,0,0,1,0,1,0,1.5,7,1,1945
5.446832,103,"Exotica",6.5,0,0,1,0,0,0,0,0,1,1994
10.009994,110,"Buffalo '66",7.1,0,1,1,0,0,1,1.5,2.375097,1,1998
58.594852,103,"Insidious",6.8,0,0,0,0,1,0,1.5,97.00915,1,2010
11.35344,92,"Repo Man",6.7,0,1,0,0,1,0,1.5,2.3,1,1984
8.589355,114,"Nine Queens",7.4,0,0,1,0,1,0,1.5,0,0,2000
3.618646,111,"The Ballad of Jack and Rose",6.5,0,0,1,0,0,0,1.5,0.712294,1,2005
15.017068,104,"The To Do List",5.5,0,1,0,0,0,1,1.5,3.566225,1,2013
5.817519,96,"Killing Zoe",6.1,1,0,1,0,1,0,1.5,0.418961,1,1993
9.856826,98,"The Believer",6.8,0,0,1,0,0,0,1.5,0.416925,1,2001
4.262374,106,"Snow Angels",6.5,0,0,1,0,0,1,0,0.414404,1,2008
0.06124,93,"Unsullied",3,1,0,0,0,1,0,0,0,1,2015
1.742383,80,"I Want Someone to Eat Cheese With",5.7,0,1,0,0,0,1,0,0,1,2006
0.414754,95,"Mooz-lum",4.5,0,0,1,0,0,0,0,0.330048,1,2011
12.677016,83,"Hatchet",5.7,0,1,0,0,0,0,0,0,1,2006
28.27648,87,"Modern Times",8.1,0,1,1,0,0,0,1e-06,8.5,1,1936
0.87066,91,"Stolen Summer",6.4,0,1,1,0,0,0,0,0,1,2002
7.5591,86,"My Name Is Bruce",5.9,0,1,0,0,0,0,1.5,0.173066,1,2007
2.02817,0,"The Salon",3.5,0,1,0,0,0,0,1.5,0,1,2005
0.859014,97,"Road Hard",6.6,0,1,0,0,0,0,1.5,0,1,2015
0.071377,108,"Forty Shades of Blue",6,0,0,1,0,0,1,1.5,0,1,2005
0.193172,128,"Amigo",6,0,0,1,0,0,0,1.2,0,1,2010
1.20173,90,"Trucker",6.8,0,0,1,0,0,0,2,0,1,2008
0.094105,90,"Me You and Five Bucks",10,0,1,1,0,0,1,1e-06,0,1,2015
14.504326,101,"The Lords of Salem",5.1,0,0,0,0,1,0,1.5,1.165882,1,2012
10.322858,109,"Housebound",6.5,0,1,0,0,1,0,0,0,1,2014
0.077876,87,"Fetching Cody",6.8,0,1,1,0,0,1,1e-06,0,1,2005
0.35819,98,"Last I Heard",6,0,1,1,0,0,0,0,0,1,2013
9.159265,112,"Closer to the Moon",6.4,0,1,1,0,0,0,9,0,1,2013
0.71087,102,"Growing Up Smith",7.4,0,1,1,0,0,0,0,0,1,2017
1.105357,102,"Checkmate",4.2,1,0,0,0,1,0,0,0,1,2015
2.815228,90,"#Horror",3.3,0,0,1,0,1,0,1.5,0,0,2015
0.446858,93,"Wind Walkers",7.5,1,0,0,0,1,0,0,0,1,2016
80.171283,83,"Snow White and the Seven Dwarfs",6.9,0,0,0,1,0,0,1.488423,184.925486,1,1937
0.684881,106,"The Holy Girl",6.8,0,0,1,0,0,0,1.4,0,0,2004
1.452152,94,"Incident at Loch Ness",5.9,0,1,0,0,0,0,1e-06,0,1,2004
1.193219,101,"The Dog Lover",5.3,0,0,1,0,0,0,2,0,1,2016
8.039223,100,"GirlHouse",5.2,0,0,0,0,1,0,3.15,0,1,2014
2.486992,75,"The Blue Room",6.2,0,0,1,0,1,0,0,0,0,2014
0.43049,91,"House at the End of the Drive",0,0,0,0,0,1,0,0,0,1,2014
9.815394,105,"Batman",6.1,0,1,0,0,0,0,1.3778,0,1,1966
16.032594,105,"Lock, Stock and Two Smoking Barrels",7.5,0,1,0,0,0,0,1.35,3.897569,1,1998
10.240917,105,"The Celebration",7.7,0,0,1,0,0,0,1.3,0,0,1998
3.443916,95,"Trees Lounge",6.7,0,1,1,0,0,0,0,0,1,1996
0.072066,135,"Journey from the Fall",5,0,0,1,0,0,0,1.3,0.639,0,2006
0.430758,105,"The Basket",6.5,0,0,1,0,0,0,0,0.619042,1,2000
0.143784,79,"Eddie: The Sleepwalking Cannibal",6.1,0,1,0,0,0,0,0,0.001632,1,2012
0.077873,135,"Queen of the Mountains",0,1,0,1,0,0,0,0,0,0,2014
1.600797,85,"The Hebrew Hammer",5.9,1,1,0,0,0,0,1,0,1,2003
0.285131,122,"Neal 'n' Nikki",2.3,0,1,0,0,0,1,0,0,1,2005
5.628399,82,"The 41–Year–Old Virgin Who Knocked Up Sarah Marshall and Felt Superbad About It",3.2,0,1,0,0,0,0,0,0,1,2010
5.065752,103,"Forget Me Not",5,0,0,1,0,0,1,0,0,1,2009
18.426825,130,"Rebecca",7.7,0,0,1,0,0,0,1.288,6,1,1940
16.517777,87,"Friday the 13th Part 2",6,0,0,0,0,1,0,1.25,21.722776,1,1981
6.903314,101,"The Lost Weekend",7.4,0,0,1,0,0,0,1.25,11,1,1945
0.106949,100,"Filly Brown",5.9,0,0,1,0,0,0,0,0,1,2013
0.165909,87,"The Lion of Judah",5.8,0,1,0,1,0,0,15,0,1,2011
9.903992,92,"Niagara",6.7,0,0,1,0,1,0,1.25,8.5,1,1953
7.70019,118,"How Green Was My Valley",6.8,0,0,1,0,0,0,1.25,6,1,1941
4.480579,123,"Da Sweet Blood of Jesus",4.1,0,1,0,0,1,1,0,0,1,2014
10.869492,100,"Sex, Lies, and Videotape",6.7,0,0,1,0,0,0,1.2,0,1,1989
16.312803,100,"Super Troopers",6.6,0,1,0,0,0,0,3,18.492362,1,2001
1.473405,87,"The Amazing Catfish",5.7,0,1,1,0,0,0,1.3,0,0,2013
8.109958,114,"Monsoon Wedding",6.8,0,1,1,0,0,1,0,0,0,2001
7.142448,111,"You Can Count on Me",6.8,0,0,1,0,0,1,0,0,1,2000
6.920873,99,"The Trouble with Harry",6.9,0,1,0,0,1,0,1.2,7,1,1955
4.826908,85,"But I'm a Cheerleader",6.5,0,1,0,0,0,0,0,0,1,1999
3.085411,114,"Home Run",6.3,0,0,1,0,0,0,1.2,2.86102,1,2013
66.925866,99,"Reservoir Dogs",8,0,0,0,0,1,0,1.2,14.661007,1,1992
1.280733,88,"The Blue Bird",6.4,0,0,1,0,0,0,0,0,1,1940
9.683622,110,"The Second Mother",7.8,0,0,1,0,0,0,0,0,0,2015
1.6116,106,"Blue Like Jazz",5.8,0,1,1,0,0,0,1.25,0,1,2012
0.002386,88,"Down & Out With The Dolls",0,0,1,0,0,0,0,0,0,1,2003
0.047781,85,"Certifiably Jonathan",0,0,1,0,0,0,0,1.2,0,1,2007
20.422246,103,"Desire",4.1,0,0,1,0,0,1,1.344,0,0,2011
0.021678,98,"The Blade of Don Juan",0,0,1,1,0,0,0,0,0,1,2013
1.998557,88,"Grand Theft Parsons",6,0,1,1,0,0,0,0,0,1,2003
8.148187,88,"Extreme Movie",3.9,0,1,0,0,0,0,0,0,1,2008
2.968235,115,"The Charge of the Light Brigade",6.8,1,0,1,0,0,0,1.2,2.736,1,1936
1.36514,0,"Below Zero",4.4,0,0,0,0,1,0,0,0,1,2011
8.001156,91,"Airborne",6.1,1,1,0,0,0,0,2.6,2.850263,1,1993
1.079125,97,"Cotton Comes to Harlem",6.7,1,0,0,0,0,0,1.2,0,1,1970
10.230583,94,"Waiting...",6.2,0,1,0,0,0,0,3,18.63769,1,2005
12.818441,90,"Dead Man's Shoes",7.2,0,0,1,0,1,0,0,0,1,2004
1.220072,99,"From a Whisper to a Scream",6.8,0,1,0,0,0,0,1.1,1.4,1,1987
0.147886,97,"Faith Like Potatoes",6,0,0,1,0,0,0,0,0,1,2006
40.285095,101,"The Raid",7.3,1,0,0,0,1,0,1.1,4.105187,0,2011
0.249457,90,"The Dead Undead",3.1,1,0,0,0,0,0,0,0,1,2010
43.729123,102,"Casablanca",7.9,0,0,1,0,0,1,0.878,10.4625,1,1942
4.653047,84,"Lake Mungo",6.1,0,0,0,0,1,0,0,0,1,2008
3.000435,156,"Rocket Singh: Salesman of the Year",7,0,1,1,0,0,1,1.25,0,0,2009
11.095414,89,"Silent Running",6.3,0,0,1,0,0,0,1,0,1,1972
72.19808,119,"Rocky",7.5,0,0,1,0,0,0,1,117.235147,1,1976
0.926084,92,"The Sleepwalker",4.1,0,0,1,0,0,0,0,0,1,2014
2.833166,128,"Tom Jones",6.1,0,1,0,0,0,1,1,37.6,1,1963
41.972329,82,"Unfriended",5.5,0,0,0,0,1,0,1,62.88209,1,2015
58.845025,114,"Taxi Driver",8,0,0,1,0,0,0,1.3,28.262574,1,1976
6.532855,91,"The Howling",6.4,0,0,1,0,0,0,1,17.985893,1,1981
48.901542,110,"Dr. No",6.9,1,0,0,0,1,0,0.95,59.6,1,1962
20.649145,88,"Chernobyl Diaries",4.9,0,0,0,0,1,0,0,18.112929,1,2012
6.96858,121,"God's Not Dead 2",5.7,0,0,1,0,0,0,5,23.507567,1,2016
6.926926,90,"Cry_Wolf",5.6,0,0,0,0,1,0,1,10.047674,1,2005
3.322721,107,"Godzilla 2000",5.9,1,0,0,0,0,0,1,10.03739,0,1999
26.881611,112,"Blue Valentine",6.9,0,0,1,0,0,1,3.5,16.56624,1,2010
9.773398,103,"Transamerica",6.9,0,0,1,0,0,0,1,13.350369,1,2005
13.152822,83,"The Devil Inside",4.6,0,0,0,0,1,0,1,101.75849,1,2012
4.289003,109,"Beyond the Valley of the Dolls",6.6,0,1,1,0,1,0,2.09,40,1,1970
1.444258,89,"Love Me Tender",5.5,1,0,1,0,0,1,1,9,1,1956
3.851,100,"Sands of Iwo Jima",6.2,1,0,1,0,0,0,1,7.8,1,1949
17.845161,100,"The Green Inferno",5,1,0,0,0,1,0,5,6.833445,1,2014
0.42583,109,"Departure",7.5,0,0,1,0,0,1,0,0,1,2016
9.115486,98,"The Sessions",6.6,0,1,1,0,0,1,1,9.138338,1,2012
1.86221,107,"October Baby",6.8,0,0,1,0,0,0,0,5.355847,1,2011
1.334481,96,"Next Stop Wonderland",6,0,1,1,0,0,1,0,0,1,1998
15.699363,90,"The Skeleton Twins",6.7,0,0,1,0,0,0,0,5.284309,1,2014
17.806082,101,"Martha Marcy May Marlene",6.7,0,0,1,0,1,0,0,3.538446,1,2011
10.12895,83,"Obvious Child",6.7,0,1,0,0,0,1,0,3.123963,1,2014
4.805651,97,"Frozen River",6.7,0,0,1,0,0,0,0,0,1,2008
4.86805,84,"Two Girls and a Guy",5.4,0,0,1,0,0,1,1,2.057193,1,1997
0.367312,86,"Walking and Talking",6.6,0,1,1,0,0,1,0,0,1,1996
3.424158,94,"The Broken Hearts Club: A Romantic Comedy",6.3,0,1,1,0,0,1,1,1.744858,1,2000
9.954848,92,"Bubba Ho-tep",6.7,0,1,0,0,1,0,1,0,1,2002
0.29245,100,"Slam",6.7,0,0,1,0,0,0,1e-06,0,1,1998
0.280083,119,"Brigham City",7.3,0,0,1,0,1,0,1,0.852206,1,2001
0.043023,170,"Fiza",6.1,0,0,1,0,0,1,1,0.623791,0,2000
5.06516,94,"Orgazmo",6.2,0,1,0,0,0,0,1,0,1,1997
3.65924,108,"All the Real Girls",5.9,0,0,1,0,0,1,0,0,1,2003
0.948316,97,"Dream with the Fishes",7.7,0,1,0,0,0,0,0,0,1,1997
0.672695,92,"Blue Car",6.7,0,0,1,0,0,0,1,0.464,1,2002
16.570708,100,"Palo Alto",6.4,0,0,1,0,0,0,0,0,1,2014
0.51799,120,"Ajami",6.8,0,0,1,0,0,0,0,0,0,2009
8.542921,88,"Wristcutters: A Love Story",6.7,0,1,1,0,0,1,0,0,1,2006
37.555398,106,"I Origins",7.5,0,0,1,0,0,0,0,0.336472,1,2014
5.20209,79,"The Battle of Shaker Heights",5.6,0,1,1,0,0,1,1,0,1,2003
0.030253,120,"Guiana 1838",2.8,0,0,1,0,0,0,0,0,1,2004
1.883947,92,"Antarctica: A Year on Ice",7.2,0,0,1,0,0,0,1,0,1,2013
0.341461,114,"Hardflip",4.7,1,0,1,0,0,0,1,0,1,2012
0.887821,200,"Chocolate: Deep Dark Secrets",3.4,0,0,0,0,1,0,0,0,1,2005
6.507094,93,"The Perfect Host",6.2,0,1,0,0,1,0,0,0.01487,1,2010
1.190729,88,"Safe Men",6.3,0,1,0,0,0,0,0,0,1,1998
0.340019,104,"Speedway Junky",5.2,0,0,1,0,0,1,1,0,1,1999
0.678475,98,"The Last Big Thing",6,0,1,1,0,0,0,0,0,1,1998
9.055447,82,"The Specials",5.5,1,1,0,0,0,0,0,0,1,2000
0.108468,118,"16 to Life",4.4,0,1,0,0,0,1,0,0,1,2009
2.175696,78,"Alone With Her",6.2,0,0,1,0,1,1,1,0.010018,1,2006
1.50211,97,"Creative Control",5.4,0,0,1,0,0,0,1,0,1,2016
1.260314,81,"Special",6.6,0,0,1,0,0,0,1,0.007202,1,2006
0.429587,88,"In Her Line of Fire",3.3,1,0,1,0,1,0,0,0,1,2006
0.098351,96,"The Jimmy Show",8,0,1,1,0,0,0,0,0,1,2002
3.629777,105,"Heli",6.2,0,0,1,0,0,0,1,0,0,2013
0.060003,0,"Karachi se Lahore",8,0,1,0,0,0,0,0,0,1,2015
7.145832,76,"Loving Annabelle",6.4,0,0,1,0,0,1,0.9,0,1,2006
3.638411,96,"Hits",4.9,0,1,1,0,0,0,1,0,1,2014
1.255771,99,"Jimmy and Judy",5.4,1,0,1,0,1,0,0,0,1,2006
0.783842,84,"Frat Party",3.5,0,1,0,0,0,1,0,0,1,2009
0.118324,94,"The Party's Over",6.1,0,0,1,0,0,0,0,0,1,1965
0.023681,87,"Proud",5.5,0,0,1,0,0,0,0,0,1,2004
2.948576,93,"The Poker House",6.1,0,0,1,0,0,0,0,0,1,2008
0.653495,85,"Snow White: A Deadly Summer",4.8,0,0,0,0,1,0,1,0,1,2012
1.233688,96,"Hidden Away",7.6,0,0,1,0,0,1,0,0,0,2014
0.153625,90,"My Last Day Without You",5.7,0,1,1,0,0,1,1,0,0,2011
0.328498,85,"Steppin: The Movie",5,0,1,0,0,0,1,0,0,1,2009
7.207051,83,"Black Rock",4.9,0,0,0,0,1,0,0,0,1,2012
6.679954,95,"Truth or Dare",5.7,0,0,0,0,1,0,0,0,1,2012
1.284741,94,"The Pet",5.3,0,0,1,0,1,0,0,0,1,2006
0.973323,90,"Bang Bang Baby",6.6,0,0,1,0,0,0,1,0,1,2014
3.418372,93,"Zombie Hunter",3.5,1,1,0,0,1,0,0,0,1,2013
0.65434,90,"A Fine Step",4.1,0,0,1,0,0,0,0,0,1,2014
0.178689,103,"Charly",6.6,0,0,1,0,0,1,0.95,0.814666,1,1968
7.310879,87,"Banshee Chapter",5.7,0,0,0,0,1,0,0.95,0,1,2013
8.976128,100,"Ask Me Anything",5.5,0,0,1,0,1,0,0.95,0,1,2014
0.280829,90,"And Then Came Love",5,0,1,0,0,0,1,0,0,1,2007
16.015599,108,"On the Waterfront",8,0,0,1,0,0,0,0.91,9.6,1,1954
5.974156,100,"L!fe Happens",5.3,0,1,0,0,0,0,0.93,0.030905,1,2011
9.270133,113,"4 Months, 3 Weeks and 2 Days",7.3,0,0,1,0,0,0,0.85251,1.185783,0,2007
25.918007,103,"Hard Candy",6.8,0,0,1,0,1,0,0.95,7.022209,1,2005
4.0971,96,"The Quiet",6.1,0,0,1,0,1,0,0.9,0.38142,1,2005
2.34239,107,"Circumstance",7.4,0,0,1,0,0,0,0,0,0,2011
20.967146,85,"Fruitvale Station",7.3,0,0,1,0,0,0,0,17.38583,1,2013
10.639774,100,"The Brass Teapot",5.8,0,1,0,0,1,0,0,0,1,2012
47.651878,70,"Bambi",6.8,0,0,1,1,0,0,0.858,267.44715,1,1942
0.957022,88,"The Hammer",6.5,0,1,0,0,0,0,0,0,1,2007
5.424916,107,"Latter Days",6.7,0,1,1,0,0,1,0.85,0.819939,1,2003
0.007254,78,"Elza",0,0,0,1,0,0,0,0,0,0,2011
0.175885,90,"1982",5,0,0,1,0,0,0,1,0,1,2013
14.238376,85,"For a Good Time, Call...",5.8,0,1,0,0,0,0,0.85,1.243961,1,2012
9.436431,91,"Celeste & Jesse Forever",6.4,0,1,1,0,0,1,0,3.094813,1,2012
0.339757,95,"Time Changer",5.2,0,1,1,0,0,0,0,0,1,2002
3.060685,85,"London to Brighton",6.5,0,0,1,0,1,0,0,0,1,2006
5.023091,86,"American Hero",5,1,1,0,0,0,0,0,0,1,2015
0.504251,90,"Windsor Drive",2,0,0,0,0,1,0,0,0,1,2015
12.049373,123,"A Separation",7.7,0,0,1,0,0,0,0.8,0,0,2011
5.870319,88,"Welcome to the Dollhouse",6.9,0,1,1,0,0,0,0,0,1,1995
0.59424,114,"Ruby in Paradise",5.6,0,0,1,0,0,1,0.8,1.001437,1,1993
3.643662,88,"Raising Victor Vargas",7.8,0,0,1,0,0,1,0.8,2.816116,1,2002
1.824184,109,"Pandora's Box",7.6,0,0,1,0,1,1,0,0,0,1929
0.038706,83,"Live-In Maid",7.8,0,0,1,0,0,0,0,0,1,2004
2.171288,101,"Deterrence",6.1,1,0,1,0,1,0,0,0,1,2000
5.292536,94,"The Mudge Boy",7.3,0,0,1,0,0,0,0.8,0.062852,1,2003
0.004922,87,"The Young Unknowns",0,0,0,1,0,0,0,0,0,1,2000
1.186971,90,"Not Cool",3.7,0,1,0,0,0,0,0,0,1,2014
11.205726,91,"Dead Snow",6.1,0,1,0,0,0,0,0.8,1.984662,0,2009
6.003418,90,"Saints and Soldiers",6.6,1,0,1,0,0,0,0.78,0,1,2003
19.326115,110,"American Graffiti",6.9,0,1,1,0,0,0,0.777,140,1,1973
1.453146,86,"Aqua Teen Hunger Force Colon Movie Film for Theaters",6.5,0,1,0,1,0,0,0,0,1,2007
25.186002,85,"Safety Not Guaranteed",6.8,0,1,1,0,0,1,0.75,4.007792,1,2012
5.498834,89,"Kevin Hart: Laugh at My Pain",7.7,0,1,0,0,0,0,0,0,1,2011
12.203041,95,"Kill List",6,0,0,0,0,1,0,0.5,0.17176,1,2011
14.386807,102,"The Innkeepers",5.4,0,0,0,0,1,0,0.75,0.078396,1,2011
8.429295,107,"The Conformist",7.6,0,0,1,0,0,0,0.75,0,0,1970
0.471264,88,"Interview with the Assassin",5.6,0,0,1,0,1,0,0.5,0,1,2002
3.283886,99,"Donkey Punch",4.5,0,0,1,0,1,0,0,0,1,2008
12.284939,90,"All the Boys Love Mandy Lane",5.7,0,0,0,0,1,0,0.75,0,1,2008
7.731064,97,"L.I.E.",6.7,0,0,1,0,0,0,0.7,1.667192,1,2001
2.868942,104,"The Sisterhood of Night",6.5,0,0,1,0,1,0,0,0,1,2015
0.631571,84,"B-Girl",5.5,0,0,1,0,0,0,0,0,1,2009
12.378031,107,"Half Nelson",6.5,0,0,1,0,0,0,0.7,4.911725,1,2006
0.578798,107,"Naturally Native",0,0,0,1,0,0,0,0.7,0.010508,1,1999
0.003142,92,"Hav Plenty",0,1,1,0,0,1,1,0,0,1,1997
1.471139,80,"Adulterers",5.2,0,0,1,0,1,0,0.75,0,1,2016
4.596157,90,"After",5.6,0,0,0,0,1,0,0,0,1,2012
0.283059,68,"Treachery",4.8,0,0,1,0,0,0,0.625,0,1,2013
2.659006,87,"Walter",5.3,0,1,1,0,0,0,0.7,0,1,2015
3.898498,101,"Top Hat",7.4,0,1,0,0,0,1,0.609,3.202,1,1935
10.861167,83,"The Kentucky Fried Movie",6.4,0,1,0,0,0,0,0.6,0,1,1977
0.099902,106,"Mercy Streets",5.5,1,0,1,0,0,0,0,0,1,2000
0.006069,103,"Carousel of Revenge",0,0,0,0,0,1,0,0,0,1,2007
0.069277,90,"Broken Vessels",6,0,0,1,0,0,0,0,0,1,1998
0.350557,0,"Water & Power",3,0,0,1,0,0,0,0,0,1,2014
2.651304,102,"The Country Doctor",6,0,1,1,0,0,0,0,0,0,2016
1.501688,98,"The Maid's Room",4.8,0,0,0,0,1,0,0,0,1,2014
10.730056,88,"A Hard Day's Night",7.3,0,1,0,0,0,0,0.56,12.299668,1,1964
0.001586,98,"Love Letters",4.6,0,0,1,0,1,0,0.55,0,1,1983
0.061248,83,"Juliet and Alfa Romeo",6,0,1,1,0,0,0,0,0,0,2015
6.093989,122,"Fireproof",7,0,0,1,0,0,0,0.5,33.456317,1,2008
0.48088,115,"Faith Connections",4.2,0,0,1,0,0,0,0.55,0,0,2013
2.651418,86,"Benji",6.1,0,0,0,0,0,1,0,0,1,1974
15.611857,79,"Open Water",5.4,0,0,1,0,1,0,0.13,54.667954,1,2004
1.292948,87,"High Road",5.8,0,1,0,0,0,0,0,0,1,2012
11.578545,88,"The Station Agent",7.4,0,1,1,0,0,0,0.5,8.679814,1,2003
0.05021,120,"To Save A Life",6.2,0,0,1,0,0,0,0,0,1,2009
0.920591,102,"The Singles Ward",7.5,0,1,1,0,0,1,0,0,1,2002
1.447734,83,"Osama",6.3,0,0,1,0,0,0,0.046,0,0,2003
1.09454,86,"Groove",5.6,0,0,1,0,0,1,0,0,1,2000
0.082978,101,"The R.M.",4.8,0,1,0,0,0,0,0,0,1,2003
0.619136,111,"Twin Falls Idaho",7,0,0,1,0,0,1,0,0,1,1999
8.519202,90,"Mean Creek",6.9,0,0,1,0,0,0,0.5,0.603943,1,2004
0.36447,86,"Hurricane Streets",4.8,0,0,1,0,0,1,0,0,1,1997
0.039077,98,"Never Again",4,0,1,0,0,0,1,0,0,1,2002
0.665512,95,"Civil Brand",5.3,0,0,1,0,1,0,0,0,1,2003
3.433625,91,"Lonesome Jim",6.4,0,1,1,0,0,1,0,0,1,2005
17.378455,90,"Drinking Buddies",6,0,0,1,0,0,1,0,0.343341,1,2013
39.756748,207,"Seven Samurai",8.2,1,0,1,0,0,0,2,0.271841,0,1954
1.354816,97,"Johnny Suede",4.7,0,1,0,0,0,1,0.5,0,1,1991
0.459625,84,"Finishing The Game",4.9,0,1,0,0,0,0,0,0,1,2007
9.108949,85,"Rubber",5.7,0,1,1,0,0,0,0.5,0.098017,1,2010
1.65426,100,"Kiss the Bride",4.2,0,1,1,0,0,1,0,0,1,2007
1.390909,112,"The Slaughter Rule",6.2,0,0,1,0,0,0,0,0,1,2002
26.406001,94,"Monsters",6.2,0,0,1,0,1,0,0.5,4.242978,1,2010
0.218736,91,"The Californians",4,0,1,1,0,0,0,0,0,1,2005
0.383442,91,"The Living Wake",5,0,1,0,0,0,0,0,0,1,2007
2.391847,87,"Detention of the Dead",4.5,0,1,0,0,0,0,0.5,0,1,2012
1.68502,98,"Crazy Stone",6.9,1,1,0,0,0,0,0,0,0,2006
0.046903,87,"Everything Put Together",5,0,0,1,0,0,0,0.5,0,1,2001
10.924273,104,"Good Kill",5.9,1,0,1,0,1,0,0,0.316472,1,2015
14.142073,103,"Now Is Good",7.3,0,0,1,0,0,1,0,0,1,2012
1.600171,104,"Girls Gone Dead",3.5,0,1,0,0,0,0,0.5,0,1,2012
0.397323,110,"Subconscious",3.4,1,0,0,0,1,0,0,0,1,2015
3.637857,90,"Enter Nowhere",6.5,0,0,0,0,1,0,0,0,1,2011
0.080105,101,"El Rey de Najayo",0,0,0,1,0,0,0,5e-04,0,1,2012
0.251828,94,"Fight to the Finish",5.2,1,0,0,0,0,1,0,0,1,2016
0.072359,90,"The Sound and the Shadow",0,0,1,0,0,1,0,0,0,1,2014
6.672008,82,"The Toxic Avenger",6.3,1,1,0,0,0,0,0,0,1,1984
0.161517,0,"Straight Out of Brooklyn",4.3,0,0,1,0,0,0,0,0,1,1991
7.330691,107,"Bloody Sunday",7.2,1,0,1,0,0,0,0,0.773228,1,2002
4.442355,84,"Conversations with Other Women",6.2,0,0,1,0,0,1,0.45,0.973525,1,2006
3.905877,103,"Poultrygeist: Night of the Chicken Dead",5.9,0,1,0,0,0,0,0,0,1,2006
1.933366,89,"42nd Street",6.1,0,1,0,0,0,1,0.439,2.281,1,1933
1.014966,98,"Metropolitan",7,0,1,1,0,0,0,0.225,0,1,1990
4.321249,132,"As It Is in Heaven",6.9,0,1,1,0,0,1,0,0,0,2004
0.160234,90,"Roadside",4.2,0,0,1,0,0,0,0,0,1,2013
23.603514,95,"Napoleon Dynamite",6.7,0,1,0,0,0,0,0.4,46.118097,1,2004
25.349758,90,"Blue Ruin",6.9,0,0,0,0,1,0,0,0.258384,1,2014
64.782984,91,"Monty Python and the Holy Grail",7.8,0,1,0,0,0,0,0.4,5.028948,1,1975
0.034135,90,"Quinceañera",7,0,0,1,0,0,0,0,0,0,2006
1.063439,91,"Tarnation",7.5,0,0,1,0,0,0,0.000218,1.162014,1,2003
0.133619,0,"Love in the Time of Monsters",5,0,1,0,0,0,0,0,0,1,2014
38.100488,99,"What Happens in Vegas",5.8,0,1,0,0,0,1,35,170,0,2008
1.428483,80,"The Dark Hours",5.5,0,0,0,0,1,0,0.5,0,1,2005
3.703005,97,"My Beautiful Laundrette",6.6,0,1,1,0,0,1,0.86,2.451545,1,1985
0.003352,84,"Fabled",0,0,0,1,0,1,0,0,0,1,2002
0.231297,97,"Show Me",5.6,0,0,1,0,1,0,0,0,1,2004
11.347855,91,"Cries and Whispers",7.8,0,0,1,0,0,0,0,0,0,1972
3.232447,197,"Intolerance",7.4,0,0,1,0,0,0,0.385907,8.394751,1,1916
0.968865,100,"The Broadway Melody",5,0,0,1,0,0,1,0.379,4.358,1,1929
5.061107,90,"American Ninja 2: The Confrontation",4.9,1,0,1,0,0,0,0,0,1,1987
59.259204,96,"12 Angry Men",8.2,0,0,1,0,0,0,0.35,1,1,1957
1.170257,83,"My Dog Tulip",7.6,0,1,1,1,0,0,0,0.246574,1,2009
11.871424,105,"It Happened One Night",7.7,0,1,0,0,0,1,0.325,4.5,1,1934
28.858238,94,"Dogtooth",6.9,0,0,1,0,0,0,0,0.110197,0,2009
1.505703,102,"Tumbleweeds",6.2,0,1,1,0,0,0,0.312,1.281176,1,1999
11.818333,98,"The Prophecy",6.4,0,0,0,0,1,0,8e-06,1.6e-05,1,1995
1.410387,91,"When the Cat's Away",6.1,0,1,0,0,0,0,0,0,0,1996
4.270596,81,"Pieces of April",6.4,0,1,1,0,0,0,0.3,0,1,2003
1.673208,73,"Old Joy",6.3,0,0,1,0,0,0,0.3,0,1,2006
0.713906,80,"Wendy and Lucy",6.4,0,0,1,0,0,0,0.2,0,1,2008
0.17817,88,"3 Backyards",4.8,0,0,1,0,0,0,0,0,1,2010
7.791898,110,"Pierrot le Fou",7.6,0,0,1,0,1,0,0.3,0,0,1965
0.008453,95,"Nothing But a Man",7,0,0,1,0,0,0,0,0,1,1964
0.374291,94,"First Love, Last Rites",3,0,0,1,0,0,0,0.3,0.040542,1,1998
0.045429,0,"Fighting Tommy Riley",5.3,1,0,1,0,0,0,0,0,1,2005
1.088501,90,"Royal Kill",2.8,1,0,0,0,1,0,0,0,1,2009
6.473667,80,"Death Race 2000",5.9,1,1,0,0,0,0,0.3,8,1,1975
1.905197,90,"Locker 13",6.8,0,0,1,0,1,0,0,0,1,2014
0.006323,98,"Anderson's Cross",0,0,1,1,0,0,1,0.3,0,1,2010
0.583446,99,"Bizarre",6.2,0,0,1,0,0,1,0,0,1,2015
2.733725,97,"Some Guy Who Kills People",5.7,0,1,0,0,1,0,0.3,0,1,2011
8.942203,90,"Compliance",6.3,0,0,1,0,1,0,0,0.319285,1,2012
20.601483,113,"Chasing Amy",6.7,0,1,1,0,0,1,0.25,12.021272,1,1997
1.45917,91,"Lovely & Amazing",6.3,0,1,1,0,0,1,0.25,4.186931,1,2001
3.877036,101,"Better Luck Tomorrow",6.5,0,0,1,0,0,0,0,0,1,2002
1.70819,94,"The Incredibly True Adventure of Two Girls In Love",5.7,0,1,1,0,0,1,0,0,1,1995
0.812855,96,"Chuck & Buck",5.7,0,1,1,0,0,0,0,0,1,2000
0.126304,100,"American Desi",5,0,1,1,0,0,1,0.25,0,1,2001
0.018087,90,"Amidst the Devil's Wings",0,1,0,1,0,0,0,0.3,0,1,2014
44.656151,90,"Cube",6.9,0,0,0,0,1,0,0.25,0.501818,1,1997
0.619348,78,"Love and Other Catastrophes",5.8,0,1,0,0,0,1,0,0,0,1996
0.293649,72,"I Married a Strange Person!",7.5,0,1,1,1,0,0,0.00025,0.000203,1,1998
5.742359,73,"November",4.9,0,0,1,0,1,0,0,0,1,2004
21.825564,90,"Like Crazy",6.4,0,0,1,0,0,1,0.25,3.542353,1,2011
0.375423,92,"Sugar Town",5.5,0,1,0,0,0,0,0,0,1,1999
0.120505,75,"The Motel",7,0,1,1,0,0,0,0,0,1,2005
6.978907,99,"The Canyons",4.1,0,0,1,0,1,0,0.25,0.056825,1,2013
0.493223,86,"On the Outs",5.9,0,0,1,0,0,0,0,0,1,2004
5.251143,92,"Shotgun Stories",6.9,0,0,1,0,1,0,0,0,1,2007
20.265518,101,"Exam",6.6,0,0,0,0,1,0,0,0,1,2009
0.130169,90,"The Sticky Fingers of Time",4.8,0,0,1,0,0,0,0.25,0,1,1997
0.399491,94,"Rust",0,0,0,1,0,0,0,0,0,1,2010
5.217002,106,"Ink",6.4,1,0,0,0,0,0,0.25,0,1,2009
0.065103,96,"The Christmas Bunny",5.7,0,0,1,0,0,0,0.25,0,1,2010
1.063615,107,"Butterfly",5,0,0,1,0,0,0,0,0,1,1982
1.084387,0,"The Frozen",4.2,0,0,0,0,1,0,0,0,1,2012
0.172299,108,"Horse Camp",5.5,0,0,1,0,0,0,0,0,1,2015
0.785744,151,"The Big Parade",7,0,0,1,0,0,1,0.245,22,1,1925
0.166655,118,"Along the Roadside",7.7,0,1,0,0,0,1,0.00025,0,1,2013
18.450613,92,"Bronson",6.9,1,0,1,0,0,0,0.23,2.260712,1,2008
0.065155,103,"Urbania",5.2,0,0,1,0,0,1,0,0,1,2000
1.183892,69,"The Stewardesses",4.3,0,1,0,0,0,0,0.1,27,1,1969
33.142185,93,"Mad Max",6.6,1,0,0,0,1,0,0.4,100,1,1979
13.971674,94,"Swingers",6.8,0,1,0,0,0,1,0.2,4.505922,1,1996
0.622752,66,"She Done Him Wrong",5.1,0,1,0,0,0,0,0.2,2.2,1,1933
0.616283,101,"The Grace Card",6.5,0,0,1,0,0,0,0.2,2.295733,1,2011
2.836537,101,"Middle of Nowhere",6.6,0,0,1,0,0,0,0,0,1,2012
5.937602,119,"Three",6.3,0,1,1,0,0,1,0,2.611555,0,2010
0.06104,103,"The Business of Fancydancing",8,0,0,1,0,0,0,0.2,0,1,2002
1.077321,90,"Malevolence",4.9,0,0,0,0,1,0,0.45,0,1,2004
3.299345,84,"Baghead",5.8,0,1,1,0,0,0,0,0,1,2008
3.225189,126,"Ordet",7.8,0,0,1,0,0,0,0,0,0,1955
1.948435,86,"Good Dick",6.1,0,1,1,0,0,1,0,0,1,2008
31.339015,87,"The Man from Earth",7.7,0,0,1,0,0,0,0,0,1,2007
4.980585,86,"Samantha: An American Girl Holiday",4.6,0,0,1,0,0,0,0,0,1,2004
0.145014,89,"Yesterday Was a Lie",6,0,0,1,0,1,0,0,0,1,2008
0.036532,105,"Theresa Is a Mother",0,0,1,1,0,0,0,0,0,1,2015
1.045623,93,"H.",6.5,0,0,1,0,1,0,0,0,1,2014
0.254659,94,"Archaeology of a Woman",0,0,0,1,0,0,0,0,0,1,2014
7.072118,89,"Children of Heaven",7.8,0,1,1,0,0,0,0.18,0.9,0,1997
1.041254,96,"Weekend",7.4,0,0,1,0,0,1,0.008,0.469947,1,2011
6.722213,84,"She's Gotta Have It",6.1,0,1,0,0,0,1,0,0,1,1986
0.327622,104,"The World Is Mine",0,0,0,1,0,0,0,0,0,0,2015
25.402697,92,"Another Earth",6.8,0,0,1,0,0,0,0.1,1.776935,1,2011
0.132878,97,"Sweet Sweetback's Baadasssss Song",4.6,1,0,1,0,0,1,0.15,15.2,1,1971
0.050978,109,"Perfect Cowboy",5,0,0,1,0,0,0,2e-04,0,1,2014
8.570328,78,"Tadpole",5.5,0,1,1,0,0,1,0.15,2.891288,1,2002
19.052179,85,"Once",7.3,0,0,1,0,0,1,0.16,20.710513,1,2007
0.619979,90,"The Woman Chaser",4.9,0,0,1,0,0,0,0,0,1,1999
2.805351,86,"When the Lights Went Out",5.8,0,0,1,0,1,0,0,0,1,2012
0.076647,98,"Heroes of Dirt",0,1,0,1,0,0,0,0,0,1,2015
8.701183,25,"A Charlie Brown Christmas",7.5,0,1,0,1,0,0,0,0,1,1965
6.192383,85,"Sound of My Voice",6.3,0,0,1,0,0,0,0,0,1,2011
12.833247,90,"Your Sister's Sister",6.5,0,1,1,0,0,0,0.125,3.2,1,2011
2.213889,88,"A Dog's Breakfast",5.9,0,1,0,0,0,0,0.12,0,1,2007
1.112792,95,"The Married Woman",7.1,0,0,1,0,0,1,0.12,0,0,1964
9.452808,120,"The Birth of a Nation",6.5,0,0,1,0,0,0,8.5,15.861566,1,2016
0.002388,70,"The Work and The Story",0,0,1,0,0,0,0,0,0,1,2003
4.563698,111,"Facing the Giants",6.6,0,0,1,0,0,0,0.1,10.178331,1,2006
18.045782,87,"The Gallows",4.9,0,0,0,0,1,0,0.1,42.66441,1,2015
20.399578,89,"Eraserhead",7.5,0,0,1,0,0,0,0.01,7,1,1977
2.353483,78,"Hollywood Shuffle",5.7,0,1,0,0,0,0,0,0,1,1987
5.497682,100,"The Mighty",7.1,0,1,1,0,0,0,0,0,1,1998
0.001117,99,"Penitentiary",4.9,1,0,1,0,0,0,0,0,1,1979
1.680525,90,"The Lost Skeleton of Cadavra",6.5,0,1,0,0,0,0,0,0,1,2001
10.826253,85,"Cheap Thrills",6.3,0,1,1,0,0,0,0,0,1,2013
8.302951,88,"Straightheads",5.2,0,0,0,0,1,0,0,0,1,2007
0.186401,68,"Open Secret",7,0,0,0,0,1,0,0,0,1,1948
0.053755,85,"Echo Dr.",5,1,0,1,0,1,0,0,0,1,2013
27.788067,84,"Pi",7.1,0,0,1,0,1,0,0.06,3.221152,1,1998
0.020839,86,"I Love You, Don't Touch Me!",6,0,1,0,0,0,1,0,0,0,1997
0.408073,87,"20 Dates",3.7,0,1,0,0,0,1,0,0,1,1998
10.400603,100,"Super Size Me",6.6,0,1,1,0,0,0,0.065,28.575078,1,2004
0.838957,82,"The FP",4.5,0,1,0,0,0,0,0,0,1,2011
7.052422,82,"Happy Christmas",5.2,0,1,1,0,0,0,0,0,1,2014
0.176377,75,"Tiger Orange",6.4,0,0,1,0,0,0,0,0,1,2014
0.620554,87,"Supporting Characters",6.7,0,1,1,0,0,0,0,0,1,2012
6.328665,92,"Absentia",5.8,0,0,0,0,1,0,0.07,0,1,2011
1.578903,98,"The Brothers McMullen",6.3,0,1,1,0,0,1,0,0,1,1995
0.833937,83,"The Dirties",6,0,0,1,0,0,0,0,0,1,2013
0.557602,99,"Gabriela",6,0,0,1,0,0,1,0,0,0,1983
2.380332,99,"Tiny Furniture",5.6,0,1,1,0,0,1,0.065,0.416498,1,2010
0.412342,93,"Hayride",5.1,0,0,0,0,1,0,0.06,0,1,2012
1.777148,47,"The Call of Cthulhu",6.9,0,0,0,0,1,0,0.05,0,1,2005
27.662696,95,"The Signal",5.8,0,0,0,0,1,0,4,0.600896,1,2014
0.76368,83,"This Is Martin Bonner",6.6,0,0,1,0,0,0,0,0,1,2013
0.970351,96,"A True Story",6.8,0,1,0,0,0,0,0,0,1,2013
2.058834,89,"George Washington",6.4,0,0,1,0,0,0,0,0,1,2000
0.00734,90,"Smiling Fish & Goat On Fire",7,0,1,0,0,0,1,0,0,1,1999
0.049469,95,"Dawn of the Crescent Moon",2,0,0,1,0,1,0,0,0,1,2014
0.595809,75,"Run, Hide, Die",3.5,0,0,0,0,1,0,0.05,0,1,2015
0.611081,80,"The Exploding Girl",6.4,0,0,1,0,0,1,0,0,1,2009
0.003582,78,"The Legend of God's Gun",0,1,0,0,0,0,0,0,0,1,2007
0.123068,109,"Mutual Appreciation",6.1,0,1,1,0,0,0,0.5,0,1,2005
1.330379,89,"Down Terrace",6.3,1,1,1,0,0,0,0.031192,0.01,1,2009
19.748658,92,"Clerks",7.4,0,1,0,0,0,0,0.027,3.15113,1,1994
0.027811,64,"Pink Narcissus",6,0,0,1,0,0,1,0.027,0,1,1971
0.362633,85,"Funny Ha Ha",6.3,0,1,1,0,0,0,0,0.076901,1,2002
2.634007,97,"In the Company of Men",6.8,0,1,1,0,0,0,0,0,1,1997
0.039264,78,"Manito",5.5,0,0,1,0,0,0,0,0,1,2002
7.101197,85,"Rampage",6,1,0,1,0,1,0,0,0,1,2009
3.320622,97,"Slacker",6.4,0,1,0,0,0,0,0,0,1,1990
0.038143,90,"Dutch Kills",0,0,0,1,0,1,0,0,0,1,2015
0.048948,90,"Dry Spell",6,0,1,0,0,0,1,0.022,0,1,2013
1.048524,120,"Flywheel",6.8,0,0,1,0,0,0,0,0,1,2003
3.619167,91,"Backmask",4.7,0,0,0,0,1,0,0,0,1,2015
1.243955,85,"The Puffy Chair",6.2,0,1,1,0,0,1,0,0,1,2005
0.327794,60,"Stories of Our Lives",0,0,0,1,0,0,0,0,0,1,2014
0.67457,88,"Breaking Upwards",5.6,0,1,0,0,0,1,0,0,1,2009
3.545991,78,"All Superheroes Must Die",4.2,0,0,0,0,1,0,0,0,1,2011
4.553644,93,"Pink Flamingos",6.2,0,1,0,0,0,0,0.012,6,1,1972
1.464566,111,"Clean",6.7,0,0,1,0,0,0,0,0,1,2004
1.193779,90,"The Circle",6.6,0,0,1,0,0,0,0,0,0,2000
0.212443,111,"Cure",7.4,0,0,0,0,1,0,0.02,0.099,0,1997
0.029757,90,"On The Downlow",6,0,0,1,0,0,0,0,0,1,2004
0.166513,82,"Sanctuary: Quite a Conundrum",0,0,1,0,0,1,0,0,0,1,2012
0.918116,98,"Bang",6,0,0,1,0,0,0,0,0,1,1995
23.307949,77,"Primer",6.9,0,0,1,0,1,0,0.007,0.42476,1,2004
0.022173,80,"Cavite",7.5,0,0,0,0,1,0,0,0,1,2005
14.269792,81,"El Mariachi",6.6,1,0,0,0,1,0,0.22,2.04092,0,1992
0.642552,85,"Newlyweds",5.9,0,1,0,0,0,1,0.009,0,1,2011
1.444476,120,"Signed, Sealed, Delivered",7,0,1,1,0,0,1,0,0,1,2013
